cement,water,aggregates,strength
335.25546233908597,153.61250840498343,550.7150801507673,201.64820129541536
243.97634913456326,192.20072264279548,345.9428156108754,106.89616694418592
151.62352489457538,135.49329707048886,670.7932442022009,115.2787903433105
396.2174328582572,131.282038340893,247.47787748742553,199.6175356826578
395.1196197532685,175.57222810727617,425.1908839466695,201.4034672436249
158.20569692606404,160.7694351957398,342.7272932678311,79.53607477911001
106.2102874670356,81.90912713739633,617.7267774196096,120.76723425304468
174.11352440094979,197.15906206411773,229.81501476649316,72.5291389629708
159.63155696779194,199.5969410069077,672.4927316001222,97.60372008699488
170.31515142867107,62.01679533235536,420.436673396697,116.95804301539931
485.6321563631797,74.1807218322893,751.4013936933854,322.0877152545081
165.70560015902194,115.14791419641648,382.49191444354665,95.59511493391526
455.3104641981109,131.893461154504,663.7519987461143,275.00958060195467
368.3854862162639,111.53904102330357,316.5771332868292,190.59603703042356
420.8405638628429,185.19385818279537,746.0515275060711,244.6624666600953
458.4545041416118,189.78386111964812,511.5626853102579,239.57506291021872
208.8065983661848,58.08064597684226,425.324593051636,156.0288779869551
444.81051577199787,152.1315807973417,581.4565687329448,251.30684552661992
370.90225907504276,143.8923749130331,700.7310266985673,212.35386265456248
244.23246830004305,110.38138655340126,537.0939015551536,160.04213957286137
380.95784304073106,129.12514847217926,545.5482816042067,201.9212128605421
386.50577736250267,71.70289991629504,711.0444062766187,263.5969679573066
475.42236484408187,101.35809258632318,422.323356515066,248.73522751038726
487.3256115618782,124.6276576855689,658.2783597074324,284.5792051943997
172.73131039534576,75.64112500661206,392.14166227511805,115.23015708798579
317.5368337236012,193.1820450649547,381.19801006248156,159.98441541038414
399.20010036714785,144.38613965920325,681.17292013825,240.3297279617892
129.6662251900126,120.58727007655288,662.058763861941,130.45957424454744
206.5332655430732,166.5537227474307,532.6663020202018,131.05281177629146
190.47000567709273,90.83565441834743,593.6961918182888,142.35452251693442
294.0512560809075,135.71148404063004,472.9476813534575,185.483321655338
468.21245617694416,199.14389335965348,661.8467163471713,258.0283607134237
274.02143294123783,136.5146378592628,573.0993080448039,166.16432447869312
486.865669900176,183.62906294411565,410.419145442096,245.19691175371085
296.77534147909665,197.11593896388678,769.1569941261199,175.77841025313228
353.70889267839055,163.6018654741381,751.0656771043928,205.29778088385052
383.9000669088926,123.83698967157325,200.57789461452066,191.64853283639957
440.2855852505083,136.47618537037067,482.96520893595533,237.3817160888152
464.1180927464468,196.47204340926524,644.6526624333048,263.59579122441585
104.69330726516297,111.35058626192256,459.22358119732525,80.37953043217827
179.50511141094867,104.6907704233032,658.683626546195,134.43273529486783
353.98127592526936,178.89073310023645,211.6001192107817,155.08638780552644
233.17899599388002,191.9237616851381,296.4704024185431,126.99338141219265
488.1761948777023,51.1656069155602,789.8358688127988,307.6941363023551
224.39314611842872,179.0362609579903,253.85177260793404,98.8683831743145
225.18641565196674,169.770405558444,351.201632486573,107.49474559398124
198.36334578462439,114.27971395565176,704.3025633423684,143.41523796960954
320.2524631200928,120.69571407176853,230.4562630265838,163.8307994864431
216.88961779260558,126.35684918393399,723.8279898933404,153.76905988543038
204.00545596227806,195.95888644823683,338.1029225716199,79.7944407141074
292.49703922565925,76.66411909575363,424.296024796448,179.8388501139968
466.1907503768385,99.85737341948808,607.5079452715635,270.29375806052025
397.79346599315437,154.3333962733529,311.45436938152613,196.21370033207228
483.7592463031017,121.45977425673861,428.51936791298544,275.94646865330515
486.43177236445194,114.2838549038714,364.9896035905506,244.71711221069734
207.34388406880666,118.2097879869879,333.731703080408,121.75122514846487
472.39840515835965,96.23381732254393,261.7360805892506,245.77056215181338
271.66043240341173,113.61435085285493,667.0909105243716,195.56976962719506
467.31801403225774,120.39614614941436,458.9486919165605,269.6785129254663
179.02848146039653,178.2256551744516,329.0729592544778,95.94605783051948
156.20765263091508,192.404891452748,531.3914950005835,103.90701771941104
166.19258104939905,183.17163793630291,519.165293203884,110.11164271016519
466.7790827775787,51.24527915334235,461.25026795295304,260.54561850572895
150.61807162481404,151.69989388995083,399.9789030567224,83.99542862968349
326.0979054742596,97.55881930436543,426.14554530959697,188.10732418092147
407.8619766778042,160.19980940946817,301.78341958189964,210.417678168003
276.86591107930786,115.81623193732435,449.50297581635704,162.27249917102634
385.919085345833,93.2860223121064,200.2646803794128,195.75358492442845
173.6014846556798,174.60677716457744,399.664502031467,108.01299174936597
419.41901162738213,53.15048336227044,292.8333760310469,227.40503167837855
111.1656213007532,106.59389827144203,723.1206703459095,118.71941295449626
463.44797264851826,169.14733975327746,653.689778416023,241.3858120920111
185.4296332031044,198.1377286676538,219.53850349779682,82.95888445228543
467.2471083136613,190.44835817100082,548.6909845619773,263.7666163118511
398.7782127780986,149.26340234152315,444.156223337719,217.48472173894436
103.5175009146433,67.80182966972654,334.95221568599146,76.00966965460579
253.44535896403113,96.23811717917366,300.1908940613241,130.32263954116218
416.1127455948718,63.08082086053517,309.3966053581462,224.64783601726307
446.6102499499872,71.09083277303385,673.7324598955613,278.0139365193019
265.13713525363005,158.6759475202677,409.70858981255253,151.16812293704933
493.2172558331533,56.812163673757226,270.6249935264689,257.3080138604875
181.93597212125567,198.24761154579332,518.706260412762,120.66514930327207
406.8449133168674,63.52997876552943,452.8973346320703,225.2415962423799
385.3368147966528,111.71507730309867,337.4929098877922,200.0496313341436
481.4565377160068,57.60106704041054,372.6569552097234,262.35967776489446
369.23097500806045,191.92334942342498,263.52637077382366,172.94122111128252
276.2526017833844,178.48282664952805,205.91637106487548,108.32997780692784
318.62241059021227,155.56168613218108,685.0141512149899,187.78548759517616
372.9346652920844,75.28330055484126,514.4049643757614,235.76026734132284
245.49751253061706,191.50848278377464,254.8470984097908,101.59628742182556
442.6703357976446,120.27480037804769,425.57106336977813,241.55694027624796
239.62187559295543,124.8665300422829,558.5934255551151,139.84282576400497
303.52961376494414,86.17702442693948,688.1252713078088,212.01136679866036
383.8569450940682,58.256519402443885,594.749975106826,248.53361898768424
130.63469502437601,144.94403042142028,456.1115391261068,91.18501415642527
161.55681472885067,161.75371565587642,485.3360935774569,93.2579517820216
153.44508039379474,118.45055504157868,438.9301387158114,102.88524956125605
190.11519192167543,80.13293244795096,477.31316045815487,120.23310566385882
352.0178972089245,98.78515678841478,675.3266272179251,229.70027566794764
295.37605418672206,173.90905834364054,772.5389436075784,192.0659551957211
239.8936012999332,82.18052134231098,351.36164898960374,140.5766969333702
140.58155010965442,144.48497119986914,337.9788402095583,67.46759786657722
250.0361084865552,199.6919415484843,371.3943753321215,131.28919478906508
345.5207796435585,68.20862886521664,629.302266518642,215.1951576908638
240.75312746782518,119.1465562532851,564.474750358983,167.83147560809502
195.15834354039967,83.3613837109497,218.91205744546966,101.02975888227867
464.8122799836268,182.24636618695365,646.3085279550528,273.2738890366457
330.9774637083236,156.84695957517374,478.8833867664814,170.42037924629827
418.9274500449198,144.72007437970822,699.7410380314514,242.36236311289184
490.29995919990176,57.87600822836806,250.74363446439932,242.3292062003456
374.69581797120856,110.32019397749977,578.5500082693445,210.74837344237136
359.11426717542463,119.77318567769599,741.6686506935168,240.3691603253004
400.0983617871592,52.28298091297411,772.3815638990026,267.3434182762868
471.04521763432786,188.08506055586722,706.8105504189632,271.36027968630145
296.3825933706455,187.62647596978834,397.550169772211,144.26121357325414
161.63908251629192,95.52936185125775,676.4642970536304,137.03023917195864
367.2895430211487,76.35146022474652,691.5792101144543,244.25679915624195
459.1758632690233,148.28819427910344,520.3262354947296,259.8234686227946
450.5631074589067,92.94237635800116,477.1567420720135,264.1664310985339
393.18820696532714,168.88537208521547,623.8765633344294,219.32343359164142
321.810209646595,68.8089228470231,466.2623267319954,198.08966863033237
395.50325120810584,175.0027255011231,332.24055280413234,193.65160662496694
240.92823634570243,142.17964490419638,231.4338267309149,121.46600312002613
117.04708447880861,125.86716458155958,550.7352998098602,99.81782542222591
326.35702811702544,71.48804908200142,434.17148367015443,193.9246410332083
342.3560712701261,123.76622986954041,264.7777347276762,164.81496410836206
262.2143102509357,52.975974140892056,520.3603453708711,191.03506969143137
491.0300677864206,138.30663926147537,534.0644229463453,265.53691874577936
405.2778799783017,115.17187750767185,409.87403568561126,223.64062746400637
108.66210883875694,150.6963112960319,668.0722451382785,96.68011988121981
255.9596765800809,156.9111010388032,413.52102925739007,132.7811568348019
481.6924999416801,59.656395062316435,621.8687376142069,278.0432438390431
178.14288052218296,187.9336871068548,756.2306411875992,125.78811619517526
416.31975576517755,90.99113586435166,421.9573239949238,229.78507832485766
149.8074761244199,133.34137582411057,619.0124481321441,123.22874995229961
279.16812332009454,91.88986734281984,289.0256438632362,162.52899811904038
169.11758864544453,66.13269532299559,628.9869951668381,143.95247712615367
479.0091886137919,116.24638160174526,390.1514187707461,272.17036814373444
471.7522647054542,142.5842674710674,709.5139800688713,285.1361197104263
162.41863436471357,167.23276909030503,513.2530683060129,94.38602452168871
461.0908462190974,185.05812549533806,661.306338600499,263.9720353813987
277.2508639756284,128.0576221165316,546.7652531419199,177.0171470759649
441.1567513338591,155.62938031269914,493.87665282200203,233.37587353995568
141.3043256647851,76.63047716460795,787.8408657160952,130.0105744538959
167.31060575591354,128.80359008303844,280.3947649970863,86.42450185611891
425.39478683844277,164.17557358487207,401.045686645597,224.36527570045067
126.27863624742034,102.58547754025385,354.10473671327395,82.69998623901287
306.0406256935518,100.98966523702751,606.3147122158235,192.20994940101772
200.51307983363102,70.93032439718702,764.3732435756576,167.792712537225
113.52174775008947,59.4656716771802,209.808966514103,53.2452202911149
122.75942454192936,137.10223909712738,519.7233081505375,83.02415933363935
436.54796634314835,101.75716026260545,607.671045891432,241.61811943006026
255.27439553192934,87.81957994756038,250.12420846852393,114.05142686253886
376.0306220597634,115.995837255557,351.46680821839743,215.57847358567543
459.2047479400494,161.03086708632924,678.1748004414067,266.126336787734
311.6381466174328,136.7829096576796,615.0006381728515,184.9494291287775
171.85381893402086,180.66562006411058,677.0732114390362,131.10963670909325
415.76592439270746,73.41605189971861,313.54586981285263,233.67439776927475
392.53245117694996,188.54881771222338,223.14450282346462,169.21707228565634
318.78133582156056,145.63758957555336,657.6057617422155,196.40238335389708
476.4822962458618,66.63288424317408,240.41482679166756,264.7939390701392
211.3890408777561,164.675191741771,527.1621697798787,124.7440265288329
441.09662734512324,75.31332406934149,731.7720623882456,268.1363337762402
441.3554144034468,122.94981490181922,668.4857425341966,265.42751681236837
392.02848094726687,174.99818836110234,400.5967224786673,209.1357930512329
358.7646346910495,129.9476144253937,439.1899412798159,212.83146148782282
406.6867926936222,184.66693892779946,508.1717598432538,210.43139806811823
264.8127004150549,110.46500191443678,493.5993259131194,148.58634529291274
200.17440927214744,133.02032592989536,671.5434584173211,135.60469091190134
113.26707905083589,136.7344129496019,540.4625917559856,80.99160166982026
120.82876572736066,156.04762570912928,340.6259633657393,63.53009068988254
132.05835878952809,176.8418164757869,483.60672336141886,65.615746377542
344.80933561067343,198.17501379408395,555.3754144215807,177.74156077470465
423.9061957287142,163.0655379928268,334.3353503971331,201.56490368841392
139.9785818548915,65.32322023809527,604.9536880479433,114.13626904287578
147.24240511021168,90.10875692047804,272.07392086879474,67.29782574892468
436.02582072868466,142.1655696753538,380.33759551992716,227.99742846058155
484.4839927374924,135.48744892278484,731.3802520746433,279.58675034590226
116.4624265519909,175.24151096607127,441.7323654091866,78.15870516254635
455.5074942113169,128.37025588429913,789.4595723962641,298.25186495284856
357.8453390990438,64.82234124164773,462.7463849155506,215.81326274151522
193.90732245685928,182.74895095546924,303.2603301391534,94.78089982612335
333.93266301534595,196.75607310727003,575.1985946227408,185.4868855608174
490.1351583239914,88.87725621900861,527.9477326168609,288.9530075258583
349.6622132997476,162.14209054784885,673.6317443326323,210.1185615231419
332.60863871299983,148.22945483103098,660.1428549094541,199.41027570571674
466.1504036311321,52.16736889060167,675.8981489105877,300.46375141684223
123.21856082785257,163.9710912343716,596.483632983455,104.02377511402268
198.46549659095606,102.92650001630008,633.512798212699,133.85554683484287
130.49497900968433,169.62261317473929,552.7393276006976,98.44329801180204
170.23322803983518,65.87735875263257,487.805319478318,106.78086254633183
309.2123738941262,181.17049257242633,367.185121383115,152.23873228866339
120.34995598628541,106.01853035146303,691.8190565801708,106.0223984831997
120.71904780808453,133.46829701540338,669.2002376451244,105.16805097862115
352.9190286644608,103.0370409003789,366.84690311135535,190.21697619773693
293.91070698241674,86.0234938037662,263.5565437358611,149.27432975211775
304.98487902007344,132.66904926646197,505.4030147100022,168.13990207407647
442.85590626788013,195.94280139479963,703.3863319674647,249.8223197538873
236.57620146919703,82.181644350347,569.5162147311664,161.57167347048065
101.46190584274505,134.95434410472262,237.0476841711693,45.42857100524425
314.7912239767319,98.2110342170213,483.6735055377947,182.56262740757617
227.47095048606172,178.71814203171363,345.0682682681994,105.29448358171456
422.0706794711377,137.05350478534268,292.15718295404275,208.11544906047968
262.85651143278784,136.0645414807459,472.0991973474097,150.32463835954277
159.3750883716479,62.244576262223,343.1330963884036,111.6614961617546
322.2581684575092,160.01780397056564,566.8233527124368,185.23550016454155
394.0773851905128,76.69099926785377,641.453158983106,252.6532545489898
463.3128414351342,103.4638728180307,700.9086778168851,281.71965336588494
235.8282291430295,85.48976944771839,451.6975526853396,157.53470635583528
143.39056502315466,164.8176110663651,762.3499119133942,103.93522867469615
314.21813890278315,182.86907709035026,537.2091032094547,167.18183709995571
128.78798717933773,58.91540624930518,748.3317137250056,135.9452132618521
401.9909880637671,158.89543418519253,526.8081682470413,216.60773830699702
155.44093890475096,177.42928570887173,604.1860789842069,116.52924151534474
444.824596730635,125.71398808343956,200.99733237984552,211.0521425686722
205.26231388245958,111.53544681144382,409.73322076735906,136.14889133209104
354.5334498962137,162.71001225089253,636.8018663697484,211.08620951392055
165.2516461717656,143.6094172558074,262.53018575660553,84.09535291038434
366.6184319045177,141.01251096888035,243.44417607050096,158.98000787444866
395.2646182805841,98.2741041415432,666.0834169546528,231.81859589866085
379.141100458311,150.8122642026008,534.3257498780337,203.44541204976113
258.2334795906146,170.7140345144001,702.6726783442249,175.64805050930812
421.3316216718071,87.67881815479078,796.4059980184381,271.9761428012492
222.21994837119217,52.32385586752273,799.4306093000345,168.48733494837109
341.1028155487396,172.08883963312843,663.1835728726664,203.6536982351509
349.26604579175637,128.96607969933743,708.0565985156884,209.05182692729161
329.92356791431695,101.499051381865,228.13882647115778,162.4020296879736
312.4330466730596,158.3382985560843,731.9881774560547,180.50765765592928
429.0985783312028,77.72496697240703,730.3997131261858,279.43517293100456
450.96873565794715,99.81297313196815,649.8690930009079,267.363668265606
114.94867786622459,173.67215711753013,660.6993504494005,106.4001164343562
281.5423439876186,110.55982997739859,376.7410352195974,157.40328100613408
413.97312103286333,97.18944547686601,671.948089293481,250.52858042877102
306.3896108138131,104.26876880686342,608.3191594260472,172.57414260660298
382.8627799603409,58.82047494659935,612.0542860849125,232.9774366653028
110.36842850630322,195.9630372434655,718.4249983688728,93.46643399849444
324.88241123017644,170.70415547378332,222.6511651573274,150.7033324178139
495.73515192132896,108.77145983377737,460.8302419927661,255.61219571883612
399.5097276985686,178.06340840621345,749.1472929266364,239.23225642640284
278.15946172629083,145.7942109131711,289.90396781209824,133.173409160392
339.51932046839227,131.29145124977606,369.1100983266676,182.01902796124105
233.69338001551858,157.75149357529898,498.99024838144123,140.57712383216028
257.81793052563313,66.60393196682983,307.6272900812522,147.17661460677482
414.55142388741376,106.50043739839391,588.0758900813407,239.43206473371728
245.17201296730374,60.581136682675165,620.8101623157966,185.94052136618984
121.70409086747998,60.156144893684385,524.819605653,100.96527311024695
312.35387693977407,52.12832628388688,713.081113649632,210.968031783738
154.40687470507874,174.08632752786116,755.6176139011097,114.10288440417658
400.4383251506627,187.83843753504894,696.2394373985474,233.3965485711536
394.18152149668106,113.2490566184552,674.1411364545247,249.3569909722208
367.15504095443066,66.43879596165921,672.7828284001496,255.1506533714335
287.28440468470126,70.41046206121072,260.6630013183788,157.2286108979685
203.52524349504517,183.69301567642492,629.1509659587911,142.92504489729092
169.77938894250633,167.27311332989575,487.54681167848986,88.01242476520254
434.52315930917933,146.87832794751557,300.659528732915,221.12547240126224
476.09957515580817,143.03438433263148,746.9328120032991,283.2453312763984
186.595729360259,156.05881589495718,347.1836630084311,89.17596835288842
225.9265179642585,149.0270844337159,668.3351661165284,150.44001526552464
399.1902518458627,61.72792651528748,738.1266660404798,265.45021822919483
262.9658377352156,191.3571232486222,519.2877225419962,134.33365159346678
235.80201011801466,151.0344190249981,535.1490371532016,120.74118272487544
464.0363690732963,105.03032588415286,599.7867424793578,278.3621797386205
494.3254875693585,56.71912855330694,548.3911456325006,295.39413290530405
465.21058423172883,121.48613905922869,398.8060378317457,255.26583194553183
374.4083962803014,174.40608723493625,490.3767448708643,199.35504414725187
357.45701564118076,71.98170453256053,368.57755200893985,211.65452133382024
104.81755034927853,118.97027409582577,780.888719974613,90.34512632798241
438.8101006693697,194.17545278012253,649.7147724231302,234.49705685945855
115.83469914163555,130.0352858917791,796.4904410743409,121.0893243053174
172.04475446998276,93.07573276430666,270.43207473528,95.89532692863875
446.1103042565389,54.35289742045655,663.1450913409673,282.16557983354954
226.97428862422626,71.90931964628112,786.672826426797,164.35706460014686
137.71282117325273,102.33903596137839,353.2416419156152,79.91870637396298
134.35152644121354,120.04983977021442,626.0250932350002,93.9411536779523
475.7273639342424,115.28555757009283,496.1702643913655,258.1178479151996
277.3083178464645,78.45023922776247,598.6910901171619,183.46035801333628
302.2427692806647,73.70074089645941,437.29486046270097,175.20703693593413
460.9571106750544,172.03491589678939,364.5313396653164,227.37687779523506
322.8142902809483,71.79611989983479,768.3020607265403,218.91264211786105
467.1377092846267,190.58125495905637,696.3229891443755,272.18376323328465
303.7807197308787,105.00654389731413,229.16346241970825,176.45951678408267
138.9130160600477,107.0691792721941,228.98179139739923,71.85415826398108
487.7021601694803,140.02368153725706,691.4304808048573,291.9624322241251
297.9034962435162,105.14974556730192,515.9638282645351,171.02158105028195
111.53412145583759,193.09291818370178,795.0786981420331,84.86470814811481
459.56756051751614,59.28966716362222,410.36448965105586,277.8960628200031
194.864992591038,185.22538647279814,254.73332476169,73.10602537203411
420.9176621968273,162.90598241895347,593.576989402093,249.16852962859886
353.81003382005605,120.8304170238661,497.1790032459026,196.45815482414093
412.6195326812674,187.55257564853247,634.076577024595,219.55603249867616
181.039178593586,146.74407173418243,211.41439718626364,74.25312903304197
443.3208593412224,79.48852148656539,208.9244414253887,240.34665510133706
216.91794087540995,154.53018775360306,257.7276825572362,111.75510520980546
476.70132559031305,65.66876616698691,363.22827530674186,265.05794989402693
254.9310237223705,170.92682898186752,348.8466025622679,133.3333509209454
114.55442936304738,125.57218810733578,478.19202405820903,79.90245389014144
306.8548113452051,186.24672865523922,712.3247317590781,176.78087254392787
217.68563797064274,84.84884023783106,546.8498624633288,133.18047398107427
164.69732059368806,77.37973900285083,438.97909059961705,108.23252544836221
373.5790712805613,171.8121399102602,394.8528224884041,173.9824876433703
484.3015999145198,193.93300659944288,522.2236531761018,237.52682588166527
224.0000592461799,189.54248175234366,773.8225311856463,150.63584390830204
219.50879345765838,67.79898677480273,255.68967909443307,117.6162186477498
151.48538800416821,64.78165416734339,769.6993719284068,139.48252370990903
162.39078845215417,66.68366334726993,659.5785026686624,139.41358166327396
321.89502604129893,176.37769406913122,357.3957642932847,170.4070968500244
182.86980748133675,130.6407554072568,600.1800874623401,129.795848483806
277.1662740933523,137.46206764539113,478.61733804340594,158.02161906390458
452.66111293136714,103.59521832853429,360.8675073144493,234.44598635317723
415.3717545493231,120.0747938525028,483.68682697910396,238.18435353549572
266.41139662414554,117.40362387250985,724.7041809173869,181.61144537947416
473.28806403191817,150.3993657909029,288.52021719179714,236.68982561706144
227.13421863228052,125.02942957533863,431.7330855620844,139.8388535428527
134.82399362133208,189.10052918072765,557.3542785288078,100.99939615957462
461.5694588482811,167.1532281218481,295.414486680172,228.39508252730042
263.41360490834677,67.67406956879128,403.56189811972763,156.23999575526827
437.3290208049799,158.51357552016185,498.9736074413133,254.4573061938219
462.67312534067526,97.21045362994798,643.8914268244147,276.39782027408665
386.4370478374798,60.44887626491721,402.81519005223606,233.0790201549162
354.1843868256889,75.26213301826981,293.8358039883532,178.8673371903676
462.436890876952,68.06353163246219,507.94253142861356,261.54211109969793
258.83320491299264,165.10995421752267,646.7073644556316,162.049778131718
154.44429956111486,163.79313076230528,484.86385274264774,96.34185839601982
199.1587657019519,88.96448682433422,611.6853981394595,158.97130517777202
268.4745797448206,64.3704276218993,742.6152022574934,199.07133461655056
125.2342418009476,64.32721801217467,348.60838915384727,74.16084753749337
223.2920091853968,87.94552991609493,428.285892958114,133.52543727958746
470.5155314344922,109.31441595970318,401.7813407610002,267.7062778541027
385.68351561484076,69.08401554461184,734.5738795994006,245.55717310280502
164.94472692370806,80.02484286635519,659.8733132779939,127.75287202342037
469.3740897920111,53.38682961816285,474.8280444501587,273.5564051395428
478.04609236976836,155.04352515976876,679.1720486731581,284.8811856663316
393.81400148419397,58.36981358254853,694.578535429201,241.52257019636608
322.97326712052325,170.0013010938364,646.6383885891323,186.95110572109553
415.1398735641267,98.75094627327242,480.34531707424475,208.29299274540685
321.0492850877598,168.13430340567362,432.5630544274591,160.2519692788947
153.1156162335822,162.8453457262113,311.31605786136527,82.78218853704837
139.75035778140375,183.58318488465002,292.60961276339685,70.03448596330271
241.508373912543,144.1379136461672,357.3751561442725,136.1740936951394
106.49242299817811,140.5235523433716,219.119288793089,34.16861816748803
293.45172900033697,83.42114260932388,492.138629721804,168.0301629871825
365.11006007480376,81.5201600851764,713.7841276750476,230.76961629275075
469.3371545232273,122.37836424042146,452.8234487325075,241.81276727018331
438.60462868797094,129.7007994678186,299.18583975299055,218.06045349358985
198.00684211793674,164.31863334840457,472.47848079134735,112.63639815314914
126.2556314030474,76.98859579594081,231.35013894458643,73.61319335583326
499.22591765535213,135.77408489876424,484.3933313634889,268.2435709740941
268.6593614078543,54.506680833357386,626.2054299480019,180.16182764578454
481.9563243326936,191.3460854441787,594.2490321305677,270.08747216183014
459.68753531068336,142.21557477424568,292.77164930366985,229.8699133504009
173.4617388628898,124.0487835292527,226.85705178445676,91.33083708946037
287.88784473005387,132.97016507459466,313.4826788099968,161.8639138491316
490.8019883597507,154.03120225659933,565.4951350881818,269.4460808783507
375.3505493676638,51.30845985308212,449.50785182622377,222.00406113969336
205.84504701142814,197.94023209339792,469.8049920150206,130.45668034397193
101.89812381207734,67.1604216473551,360.1449630461784,78.98685758136483
267.19068058065864,122.94716128980667,724.0937326603241,176.87202127384214
434.02817105493455,188.2722643840551,393.6265735813347,219.7657917150507
121.19739873979731,65.63697713565486,292.36669126105744,84.0236012113488
294.9894050523138,92.13663581125883,403.1260733675665,177.7608748008159
386.90526149612316,63.16185126937478,718.7448718009352,261.2903950882308
218.04704804431708,193.82505392144478,328.5250033660423,131.3695706802763
309.05168393139866,198.8525806402251,560.0078871050862,180.6880570305844
426.6812547580075,132.84673220548098,274.4936468223282,215.33542296020673
237.22874821197112,109.85201489444464,780.5300645821817,167.15301846276523
262.85340618223347,197.34940762203502,795.6856961916776,172.68327479354727
121.03771636094703,114.38638002167109,438.64016833937814,98.85040307027879
177.37593345089965,142.95508833050093,543.4439123230037,114.41948509849831
238.35197802650453,92.51828300561786,365.96095053530235,140.68916482987984
110.47812569610795,75.60566477079954,333.75763103691645,73.6285937617937
138.5156720762628,67.02477369979185,664.70418115601,124.18848811735363
104.37657044488003,194.48448152320205,635.4379329034825,86.4737656606328
246.89309557005927,166.56780071454304,297.4364332018618,119.2869071286225
417.11008710153845,189.12136951726166,400.981891876258,231.51070845593978
214.9946443648167,87.37459880653392,648.6777171376222,175.5705126998637
403.49251315278923,113.09067010438336,729.4645120767401,227.4169118900045
408.8479964635902,142.76622435556698,296.7589924703566,201.80828473960077
209.18310260575393,111.45693674584571,613.7256221997977,143.7415395375804
139.08862620422684,92.62640180914447,666.5358274369319,135.8833058276945
303.8420431234214,139.27473513753026,325.98677267370743,152.33620991152515
480.95281705326755,112.44675486592159,709.9454496552105,293.41482360241275
187.7928567994629,139.1960456779301,338.561335486339,113.16144033562489
335.48668362762646,177.3210982322796,643.7281234461152,201.3624446128279
342.5380332468967,164.89528182416294,476.39614326211256,178.76812276904732
240.39162872661413,117.57895246824539,392.22263788152827,147.69188444829678
224.54344762201316,114.11787152812768,400.6903675642988,115.18317523168008
374.0034488176097,96.76497070059267,536.7405429823397,208.35530173682446
431.7454198897454,129.79834719771296,356.91997614657805,206.47956888646772
324.2339713835279,50.87083672032057,448.15709221425163,195.43886627447478
433.7573701865878,191.46992848850772,254.91250685146196,201.7918866930521
350.9707680758437,55.14882211514791,223.56960558562943,184.59167764226981
474.935089698745,141.1951818187891,668.7291569244221,279.0562093459748
186.56804893649866,77.39370863143424,499.5769526333181,130.8901879186467
257.9103024593081,69.75052478359126,417.4849623288021,161.9486488739452
261.7522267414479,184.38944389045298,538.1765869359874,139.41104352871872
286.1100089555629,168.1454760160435,349.9376788649563,143.95321688545513
169.9732436718399,128.5136771321894,600.4705093114178,114.47942630700877
216.6948261840909,120.83632509275931,209.56412625030265,90.42057925831868
292.389059970984,188.7815506103559,712.5812746010222,192.534813593513
374.9996985459669,112.48248632163028,407.1218689848496,212.54198686563333
398.2844871125978,100.41061624577492,530.8907851349186,226.50073639137443
112.21599051577158,109.89349823027376,368.5369089602169,65.83455307473172
277.0734666718387,144.59726402582396,770.8567079527556,199.11902866429637
482.2384774122609,141.61122860968737,746.7296061954493,258.94783166309344
270.1467044842558,127.64007913200017,405.7365607829451,150.54808063467254
163.7342748983667,78.46925224757499,577.9342681037588,112.05649451914246
449.4260172033062,186.8038795854619,397.2491322055248,242.14923531474957
469.26597986979044,121.00980404406252,323.8340310460493,237.89998531608367
220.32302366096417,89.94679664922789,762.0915440691449,168.64666389258028
381.98082945112014,167.59993784796438,300.9379162740831,174.31461194018425
491.91177030319034,138.37309415445398,618.3479754711047,260.17829905481733
188.83090656389837,195.91982139655244,294.4474972269136,71.63275118872647
494.71195387186236,84.50014524901704,399.2129671907401,272.40977798747423
205.1457179629686,113.45804394803929,653.4899297010589,136.39967818556565
239.05047506823672,194.05228050419208,403.90186280934347,123.36882706289242
362.79636943654083,53.2217515631676,668.564671423936,236.11642967261733
226.18382043126854,95.52697085987674,205.56035311348063,127.07408154594644
376.74077623521265,163.42337116480223,210.67310410464188,161.53241089393893
145.21630314061576,170.69029725421404,783.0626068781846,109.75715523377988
198.76350714932474,111.72810813104363,306.7285394112853,110.35862829253139
282.9003578268565,151.40045526393374,609.804344398545,167.60184316383263
144.49838498035524,135.68115246734544,506.89986500860886,92.31075864001555
442.1892232982575,98.24893452213007,528.4154994203408,251.07598328696102
423.9678943002434,100.00737754446078,391.6842470215215,222.79357078617988
281.05978852291184,113.0175045253971,363.0517261046459,158.2634584008241
457.4214613633793,86.02022783536194,414.77485784602925,252.45785347270288
115.83730540885404,133.86015891958385,204.68268626975825,61.26150614028323
465.0084880222201,101.72365080270674,241.37573231766152,234.12332075001723
219.37497495214538,169.97998313576363,527.4173560297791,121.91192951651338
433.6687203942263,191.2822568598959,743.2574448011833,257.0808078855284
300.23505335745904,100.30948238246027,580.1237372347503,170.7954347755451
231.1666945218406,101.16803223701382,531.2097036811091,151.12181176866858
481.76624733897614,69.36637801106058,417.92653907349825,245.60931871485775
133.35956119515035,149.62173675628014,376.0471984351958,86.51139545822677
257.13910927800134,121.49650789375583,659.569627251378,180.1742544544802
402.1458682090127,187.23029252959543,396.11960626036,213.56458918665837
257.37699817300734,119.18081703660687,306.6295264023258,117.32299397026792
336.87754325654146,78.7658617031646,477.04584010236243,196.4380233791731
221.1699144861093,86.85198633556334,585.3123181302784,152.60841553994666
208.06582620514092,78.3647149759829,534.9447746106475,149.8901885063232
365.47784828208125,162.88238319065516,317.30156786893207,183.3845849904589
478.46509723115275,128.70497711626942,447.6964490756921,249.13171199748078
148.98674398842945,185.03418536107753,541.3363281592799,108.65307834472385
379.98266740894667,104.8577902321459,627.0719700075705,235.0358468522105
353.58390744985456,87.27145333445722,365.1793977105352,180.70314857037502
225.78201706332493,144.421085942551,328.598163432929,120.2433059468118
186.11035278322117,99.09565020927866,273.07804687405405,95.87921530907397
318.7417818379499,171.64126667309353,751.4589690818442,201.96722994508673
122.21469493594914,77.27278193396167,266.9148200966329,69.17484549901548
406.2148578488251,99.7278995940743,300.4301064277306,194.8499123543718
190.46949292347355,86.95773046936088,212.09704388961026,95.52818374539874
227.7534614416645,102.8019008724666,491.89014652100195,131.75233783806755
418.4458917821247,180.46281946299806,414.3086597850245,192.50320808619455
212.51892760338023,174.05296834032583,713.043204729506,164.11106273989603
408.41539008005554,172.8375437553712,225.5775918495983,203.75321655677087
182.36439219061174,150.83470284903674,307.42006486231185,94.5896352826583
237.0924802273952,90.14771255235013,335.7039806089389,120.62232994664001
434.6125281580238,122.114976834097,614.501998474853,254.11973332862223
234.74872300837953,68.26291585214457,722.9343920756786,166.97236570391587
203.2826966311759,113.14254988953023,350.52732301131516,122.09576907508233
348.57287380132243,114.84355449543364,473.94335591276086,203.10257675239075
379.7875179610398,195.27628763073596,495.74394747256736,197.26510927154763
243.90166858350474,149.2392193533785,689.0121481807837,165.5245798169699
358.42319616372424,101.78770873659477,424.95858821035824,194.7489279253523
216.52913745293745,153.25657565222104,402.52068230898317,113.29566655141055
196.79777291858701,136.26727818618812,249.52875245805865,105.4793830101498
451.3710375475471,144.6356141208778,785.5957781245024,264.7946934684763
344.3738635313762,69.62227122441345,270.75785175066915,176.266181612213
110.65698741548036,112.10133318471992,547.0047913540645,69.48939526314322
485.9017128856145,92.88244687969097,527.9318195016112,264.7070925929779
405.7920680180858,157.47745069948797,416.95097527204996,221.10193606279836
272.2428954908846,93.94095087924171,562.1611597716642,156.42535521676538
158.21495337084076,138.83268889738474,495.6163885661521,98.34629311843929
195.29890100918053,108.22841528953866,738.4778577800992,141.778009319659
165.17831122111394,198.01924432915158,614.1449367139957,96.58719816888917
397.03147417943967,189.8067877315335,381.79766620042824,185.27831551530488
489.0740821619934,179.8797716811256,680.0675699936126,264.51696459117085
468.56627322559103,149.82133127720368,698.0895794818593,279.127806525986
405.5631327039997,120.06425255944642,731.868575798996,252.79203093264374
294.33314499433607,150.44286413461396,482.1545754171755,174.7812016391007
308.06712325712544,58.47065820439872,341.241540161084,194.06621085081525
145.27839525221611,74.16536777434516,395.4446856993575,88.78056488927552
432.9768928338829,122.64586232388952,507.991795024573,245.76610906399728
326.7990574026237,137.3467205058693,719.0539216038799,201.03958196747755
284.4954445328216,186.23942624313932,258.5720289921371,129.76027449710355
200.85853206416897,165.77468226884395,292.511028181649,96.83124344153994
469.0019689620374,180.88604211155186,542.3534235613614,248.98648110683024
280.7510197272169,134.65259031416122,648.2099370290628,181.8116649638553
124.13284851272178,77.55125158406933,235.3666299736368,65.5965034469674
330.5637810646175,80.65785856294242,378.8419364571225,168.7622565228602
345.31984527203247,130.57413958046507,229.0855431819178,157.88362391834252
289.16919186894853,109.47267929922839,203.76216715661056,122.55663453832383
475.6382168117935,104.8561004664754,369.29383833390153,251.5187298464816
324.76195614697485,192.83169743795494,573.1783624883465,180.68788373566895
160.16525298759353,124.63682386911644,232.7793654365259,69.20015062995603
319.15047378698637,132.4436664879087,417.2823710139818,181.10946500703452
436.8332081119759,134.45362620708963,584.2663175386215,249.438528468418
436.0447033379127,93.2133132927803,708.4443247421639,250.88648586969674
292.13380374309236,194.01264397563014,275.06829237563767,145.69252266569788
239.8608415740202,97.03940085024323,224.66338436117434,124.0159708201972
486.5725080219397,190.76953249242334,353.9245143600366,230.56488439739215
333.8571174302717,141.14772545575136,753.0387382485101,223.17259651409694
337.22379776128196,148.4467380434792,612.0166569791159,211.95111770021958
369.00670798300376,96.28026055605253,548.5941544189236,216.56779824388306
168.03493697166326,181.71308034756657,373.07414521978944,64.12572943355244
150.20469570588037,186.25498697720812,466.0369090015237,103.07218625691982
296.8312882611654,75.50795954060547,204.89269100663213,141.33056017093952
126.46549746718318,56.90542404901619,378.19544463691034,80.92804287475718
468.13199734685674,87.54262915410519,665.008956342443,273.31446380500887
370.2015563838314,100.3807775606007,576.8163553143579,232.2500215854024
188.39702674642098,136.53420451565154,683.7824332680857,132.5901062921237
381.5242697541052,100.90178744517671,457.9195362887054,206.90585793167722
305.9099450271311,189.38928485510235,658.6250846926114,186.7486205104018
437.8981402728744,158.38653527583108,593.8931874371365,250.87336546285889
483.47427115168745,98.42411896639929,236.00811113481683,230.61034103003504
152.01343775876597,55.70547150798792,753.0085952803576,146.41429654995682
317.5000742296734,143.4775661878934,395.95737321190444,170.48202987191496
229.19988588141345,83.95483950974351,675.8630615998838,185.99058383182359
220.47721519802414,70.20551255589919,660.4378708310179,155.72241938293143
438.05996413965136,86.70757187787208,563.1078937073853,258.9657569787232
265.7264949766101,198.0193862791558,271.4387540594875,120.58058465430943
188.760638047067,131.04757104246437,578.8204668623919,115.69392047607384
473.4171933018575,105.87587254834344,527.5500368818172,285.18699348782656
408.00850920686264,111.04160054574697,304.3456260790389,215.0709694246099
175.93914436805744,66.13701070288992,706.5901068861444,147.12657421626102
308.68477892583905,86.59450121396657,544.4535216077262,185.83557138500214
253.05526939934032,56.38250998606607,430.56411113917466,143.9137815424542
419.81310248626835,80.23412176400177,721.5890893388253,294.60537928411617
115.37907263476939,132.40091949982514,559.2231072563815,85.53984213867889
445.9965758108056,83.06708327012166,477.96132863467864,252.20474557150436
163.7870686920814,88.20586397867126,575.844591206414,112.07980749227534
237.57077068575288,159.00358332486758,243.5117106168302,101.97110496493664
402.5385423475093,88.84866009477275,315.2899392454811,208.1109131634078
435.3177426498364,192.39444561025317,530.90795318458,225.6270281969429
442.06764091401595,152.91574093549528,651.6706323728588,263.09674381473695
323.87874227806196,198.14772321561037,416.90027312674533,169.41565685227906
284.5687576701605,194.09544489402782,236.53895535417445,137.871046314592
156.08526707659803,160.21774291080123,484.01799927570625,96.23162092762352
154.5111439320525,185.5490717043524,259.141226912182,64.30590819396589
483.56402250078554,121.496456800787,734.4185789981084,273.363373526886
310.08276444354203,188.81135682744159,509.12128011382475,163.90645372284771
316.8592167698081,183.41167904255556,288.51870893995067,152.0408743485862
461.07441464048617,194.30366614054455,227.63212475116657,222.46551710295753
179.06415548974368,70.47904791927726,704.5397280224317,124.0008178141817
282.09214092049586,185.02714888437578,520.3376971585683,140.44615706766427
295.747703604226,141.5179274365244,465.3806842364134,146.1602721923948
474.9932799733041,76.65250045010004,512.3096948027762,262.2953015493814
209.6058474365769,187.4018960590752,460.7950013496033,132.931919614533
318.29984313681615,74.87952423737867,412.4893476707641,189.33923130614158
294.29802137227915,70.21646908468391,657.4199659560256,190.81459611989902
191.57083662587473,114.02148217840171,518.5984697430238,116.54073005101458
220.98187195792144,134.68745492236343,729.4391914119594,162.14194085827526
150.08766443465498,83.94886287403074,786.9794183101159,146.6802698379815
250.53309548995492,97.08080154347299,679.2729885150021,171.7271060667469
306.5818857398217,51.27131187369031,614.9344774428778,216.0176189807107
408.40367503945447,98.65483413102353,508.7446862485791,236.13319885278327
142.66664119879334,128.54170380434297,645.9559194504147,107.00488558779693
473.6136284142604,57.029793863993795,314.7598390175143,236.6018126648951
453.7255949036305,165.18807484032263,399.4360999035266,223.76045761175473
199.9588294791658,51.95838419219856,350.3622554338537,115.04632519693108
158.3654059180933,124.03357741133372,799.1615457308765,134.31211917795082
111.99917659391349,87.24330929722137,405.5530217152533,74.21485510175485
445.1451481734033,52.66758251375235,259.94254447970263,245.53745550671255
363.35879577189894,122.11589398127438,526.2304396449294,211.44128815804896
331.0410757434339,83.15423846057561,716.4771889941936,225.62215132294807
220.58827886314458,192.17400213646079,733.1983404534449,146.06298495768286
381.55369902585863,52.61778579922363,348.231064002944,215.28007389872482
178.18487316679116,111.94562475787667,310.43936785002313,101.87526770399488
218.65676293943835,177.45969052060371,618.7180783268464,155.15364470254798
362.9346338546356,108.28948457292535,755.3203779571012,235.7731435201881
371.80804741219237,77.07968279642128,504.17372973219665,222.7854485878695
309.62465579582795,50.09491781609474,503.96709234490464,192.4448935354058
135.80231555267966,198.7850805911108,220.61453005978495,63.10063916772963
119.66606970914361,179.3519732476366,776.218655452998,98.64838108324714
315.6388111329628,126.62589737653184,346.6984177915981,171.44094860545724
451.1840784216008,114.84822777061802,482.5961412329832,242.4324731488864
374.8044948626161,68.30200152050205,633.0009243545871,218.29469225306661
452.83774456841843,140.84344370527276,358.4673425425219,225.56933581316162
453.2777080052065,155.5114027605353,789.317618431478,277.449824124067
135.90261200824605,83.02408305662813,406.81352657376544,92.17963229146822
124.06958062376492,148.00652143623796,407.80119106712993,83.00637033453452
417.1958601242739,152.0925071214343,433.5836268495357,239.6824253310072
221.22623969279914,145.80807847455873,542.4185602007359,136.16194897638522
239.4363467787767,64.45948303796901,519.8224052542513,159.14669587561988
441.1659069603296,103.05598078951957,502.36722932829605,265.21045934456737
369.56914523679336,143.67545862569582,559.7348006632628,223.14870219247666
172.12735813084123,76.88027417380893,747.3624169212476,135.88313684203663
106.76374124197929,179.00530520898522,436.9299686795433,65.35166287184958
305.42950883726627,103.27231631796144,714.2108057825246,204.88444269154908
217.34458564308264,77.0820334851525,351.7477280837518,118.69939226039246
162.8051265041201,186.25632075052798,332.45275462222196,59.995735589907184
207.79651163238685,166.7735152130785,763.9545004755347,137.61406662895206
236.8849638920664,179.87912736653507,666.521468677003,146.18076431389775
192.27030669846368,68.05611988964102,451.11071907471296,141.02160652746682
144.18509267559637,192.18686321941732,692.6268856969607,107.10429295407472
320.9743668517784,133.03568462968204,515.1892317597093,173.48863105051848
108.60789624633304,75.30561529882242,224.446589967743,67.00806913711682
250.42048923098852,60.45797826768139,203.7086344699383,131.98476692692842
250.8503752164164,82.80533596815864,309.4587029928615,134.46696526419095
492.5908433145917,106.66460623737328,522.5714236140277,271.5150146198142
331.97834891786147,170.98989391749348,200.59642025531565,165.90765640639202
133.70519564201436,182.84004367820205,587.8890061181805,78.5093718075815
482.22332058023335,196.089660782523,535.9151239643869,261.1580676308502
106.77168762506865,130.60706540782905,233.31429654669097,29.229688340290632
403.3775282393339,177.8311381108292,200.89440599935654,188.88039438786163
495.65326052822894,120.98796291078928,302.88502729383316,253.49467424457464
420.81848915950167,140.44114206306347,463.8910296914365,242.23743005185293
234.53307648078058,182.80161366574023,705.8368772061042,159.7813437475391
434.25386781632494,198.2783817286157,471.47257430625945,226.7997808686532
294.89978084907864,79.95450776663735,676.5879903791063,208.7948858171951
136.95358625313054,154.34357861188982,537.4759196986886,85.4287562897306
358.714888910072,63.44958736372335,492.50087732323124,229.49494348392128
335.28950824153185,77.64248718176304,277.1565201317728,175.4097520836818
474.8700163108129,142.80146511919304,643.3522008422369,281.6109296418596
354.18692218913475,73.4211847209428,296.93896786249593,187.79800240135927
468.3673313976842,134.6414756470566,660.5297808872328,277.87435124376293
222.00541714840472,131.899523376577,572.9342706486783,134.5144005815561
114.7578803958996,144.96180831170489,423.88268941595663,66.831605862174
376.5671272759421,59.738489519746985,477.9589534888484,195.1267517882519
321.18012768144933,57.24169330553917,298.4867355336174,180.73818274219727
240.96883938385014,156.06045101000336,789.9843560912839,181.75024298648992
152.4994391039537,179.45659336412606,356.84967320834494,94.70960078622068
276.6263643258983,128.1695335247611,324.360282511572,150.95410640318838
178.42231156825892,77.07188118335567,750.1406782822565,149.4521412522093
123.13385271202866,120.66157375973343,655.586404318135,102.0540817506629
301.19961978216276,97.12060686184502,482.65248255689744,203.81154134109082
301.5239269987227,128.85233136076357,372.4470322173089,162.71861987863397
188.2743560813281,62.82632337725199,421.4251402333822,117.87286187029211
275.47702239037596,168.8653487219853,225.2532966528047,118.70486258023084
104.82000100599419,187.88340535141245,465.787466686863,63.643863614493185
379.3980460395356,162.6245604471666,794.4660232260574,237.56205081985416
166.3698291835805,113.72224853740929,216.78852596020792,76.79399949977763
204.11609149900553,111.75171247110066,564.9951713336008,138.72376065272874
449.9824244308851,110.42146265033307,350.53062503622147,234.6360410122216
162.27377129576342,54.07769617117837,573.2664357045769,131.60643482850134
192.52309666243636,61.960786062475044,544.3493109517615,133.94146860663315
457.82615258094825,135.95557015919513,631.5792174179269,262.35220984260616
374.1465232239113,172.86214493170968,741.2286706361352,229.66486114324886
291.084810355032,104.62331686604027,309.0054368739385,141.01095589221592
391.90804934049106,158.35876469768414,328.620734140595,188.1037191628863
182.4780098658375,66.00810367543617,688.4539542567638,148.37523074452074
457.73329559820814,181.25961817222878,781.6725195645915,256.2824858296356
261.3426789851204,67.41734000861109,727.1688478191141,209.76809202926563
283.98076458904734,60.04017362679229,581.3189316644996,174.40141732322914
157.8938322890265,176.99480423447523,411.78410445536906,75.08669295996306
153.6849444082477,171.36197212022006,795.6752503878041,119.76779677651754
499.84931292833824,88.57109003246549,589.8240749375577,306.08773397720785
265.4997921899243,138.14396559227805,688.753585785624,162.35860410919275
323.62312463719786,158.06914675090385,437.7548063507942,182.68145710312072
423.2191724155938,86.07734531296072,528.9216239446671,240.07679407069324
368.30947412782945,113.41485344015553,353.57353542314115,177.04568942317837
410.0442799539969,190.4068940470126,318.8034843495768,199.489772072162
271.20909891070517,54.41144736853815,351.2353234592142,169.7206521793101
209.21494546123586,156.52939221284245,483.8239272270953,135.9591677424375
389.8975577844706,102.87364930537667,511.7997298409965,229.4374469850148
279.7764764547875,87.9910558412014,738.217393139519,189.63820282127804
305.9697411338312,106.34178233313752,391.96331496697076,177.7934502392224
390.44448841063326,162.89317263790173,506.06259818782894,214.857434278453
320.8682774807157,67.14939002524677,297.6028154107698,173.86665943432234
439.3816822348102,85.53547515157187,625.8212184235707,258.80612579153114
255.25764424096232,80.1022526989336,623.0027318550019,176.66880675374304
444.0826671460592,195.49968893500628,562.5801401462622,229.26810939495616
193.03807738371466,191.20756103540919,384.0683764809722,107.67604425687398
111.15852467837985,124.15137975312663,436.24978271807413,69.8325923225604
122.59351433173165,96.30728801367736,250.38178905271047,67.16626492525172
419.7284930428879,150.89181635764442,471.8096895674451,230.8576308263765
108.35401739669881,139.4935522770544,280.6089564531302,58.21349956722783
219.0001785687254,197.40660093442042,516.4869254732716,117.94553959284646
460.5243539657683,166.65632622424548,321.48367408664086,227.6428309818041
157.16295173505773,162.3330173546595,725.0802789747394,123.56637782200738
205.45028243745202,99.35423765479831,408.04187913529483,131.47685052829237
255.33142217676303,195.5892589010362,554.1706414761701,148.5588819938574
386.182016380699,82.2186683846698,652.3873945663707,243.64048312598806
403.5788552679566,110.18415063926588,705.8972578202197,244.6018136700538
484.8806617063195,180.80982839923777,287.1364433342017,226.10638335059008
308.3360032168931,191.96898129884931,686.8810317854006,178.9879733078932
214.4475851832178,131.65878328350067,691.5953322117687,150.70336942794182
336.16250909269866,61.54387020228283,419.93317359695106,199.42088427037726
274.9887345450037,82.82854924839566,417.03876327753903,161.87293280478104
288.63019583191374,133.45084661301934,439.20791606739374,178.6615722946617
285.1894847409401,167.5431962223803,224.69830112041632,149.34986471804226
326.7304709144117,120.78303025855833,795.2341233224878,206.96708789553443
316.7091614700701,137.4738696232301,334.5289553248603,179.8166685804216
418.0788225411129,62.21941792342463,547.3692040771978,259.4051981568341
431.7664031317183,174.7293437202144,555.837094936754,233.1462594237414
474.00430939408176,81.76534156225122,737.1968290430584,294.66342974445877
158.81547731419016,118.66150732199121,713.2925296690103,125.60185861870418
413.04060671634255,174.1886156695531,337.755996092931,205.52593393979686
195.95655677925373,80.78483164791196,270.3054911880345,121.11953376652197
433.36961270728006,52.1778937921226,288.99420977239924,245.44955465362324
488.32685698218523,102.32152102513523,436.74472518841355,269.2541747819209
375.3692609736353,96.65899710222058,273.46677590425594,188.65878029323397
343.8970536415169,192.67342169914107,378.77948295397357,164.86823466807036
403.7958095878608,193.09572882666572,648.5128956145402,234.08318560544743
262.1512517417964,156.1928772340639,204.44905270841366,115.06466814535517
347.78210261078,82.84433574303686,494.6008633620857,214.70713800076788
474.95321239590874,121.5338201582968,541.7703837885283,253.48197974701228
476.39842080262343,108.58426963304647,249.0869420480757,257.7713318156453
205.1057029911732,90.16575510215742,756.2398436536984,156.3671194450123
349.2433487267051,175.79616886180435,497.027495660077,211.00713521067905
411.20185048867864,177.85346374762815,686.1307133662092,232.2586282793182
356.1056040122329,190.43369028266403,696.8581386777016,205.40565315875403
453.66799648359716,139.17186587395395,775.4271670734236,306.97161220883174
158.055025073342,124.57705719972594,610.4400381134726,110.99752104926915
450.45100042670384,176.04136836701048,411.4438265328386,239.66096775593198
366.9006027884196,125.6274449215646,522.3522194400429,228.65181313204914
352.29719238726375,184.94602421885807,787.965898215519,236.68909217374065
326.5215204739776,109.12778763088687,309.917968889431,174.50853801322916
145.59490880239883,185.7776974194509,527.2264415183945,84.49097410045115
430.3692708802855,67.93508743971239,366.8029572416792,229.44901207734662
477.0392414174628,79.23245483257125,509.50415089950644,262.7482185632991
340.5774212436296,199.7068964585253,516.4475396367127,172.1414155095803
160.94942079955766,143.72318769740582,730.7169743052009,138.51621606592474
455.770943069278,198.524880702265,251.6055905916658,202.87200770185353
440.37448738857745,179.04343231114441,498.18260950736766,247.48020570164374
460.8203869880275,135.35761364295382,390.19532183759475,243.52028356820958
425.1760663510119,175.7520104156243,426.50195531109574,217.69211325417464
412.02217095603925,198.08282165283617,405.407386035218,213.62554003183087
311.0356421328337,76.37896240559466,282.3332898573913,163.20762225994199
361.07998833381964,138.52841947381043,418.2895753397162,187.9227252173717
208.3393525171689,77.7877100290668,291.8720243020658,134.63612541891226
200.3433604939778,80.80907859067437,405.7049166289223,128.55580867593667
498.97070757340447,61.37182673948237,793.3258098407908,334.6523775082466
488.36287382917715,57.25695036007842,550.2543957976188,271.06973300885625
353.8554912172484,178.95034788138727,688.496050834724,199.16529313628718
120.57715022043939,89.6964381748843,584.1575154438929,101.22638110023101
264.4674663051255,178.16039162460453,615.4879979240043,157.3658815620653
199.36895110787512,169.51778276230067,604.251211159509,136.3169738817431
160.27982284551507,184.4083033828589,460.9209388756326,89.33460186806131
279.36088695580054,164.93326773571778,448.4122979067455,139.3197076401365
428.61536287808474,56.75231219564795,594.0015256638296,274.43732808980633
338.9400747347364,125.43069375066457,538.4931786037971,198.31851182903225
492.044252194377,196.3395348639447,320.24272129312317,234.0122457393793
365.8674731369626,163.61113016101072,796.948356833418,241.27642312909884
269.3011148337791,146.69833972164872,601.6571892053418,177.46319519023828
343.1222436687884,180.52939053613537,584.6128206351364,191.30968300865928
387.3158457829916,124.3280151612361,234.75806087132042,195.14182051643675
424.29388659014967,106.72791007732019,718.8872293063258,264.60317055425224
164.72460588946146,116.6870902144145,732.8320302169411,137.99013426800417
421.8942348270289,181.09280703800596,718.2585389771031,257.68961659191484
271.2866467652734,134.85553755069694,627.3795986188779,178.7668897703494
310.0596661722983,173.59004988470537,745.6131989377064,200.36017232340012
423.2435031558103,139.8373813367299,589.0549889523563,252.38897842660222
393.8995273808933,161.5377283321636,692.8403874922271,238.97807224431165
389.4496843931928,163.83620061071932,233.29112248044905,179.60141908720885
314.4447926624117,141.995034502162,566.060843417592,183.05002768468168
429.7552476452054,74.27507415356465,594.6968336980812,256.5398170059546
220.2906629200819,55.30976006698684,604.7255330492012,170.70825134063614
446.9425419152561,145.6282422717244,245.22140175269072,213.56471534958885
350.57025433255245,160.2082891166495,636.8324876870273,202.5153648306831
293.8109600773257,98.39089607674887,703.4808794886454,206.59351626774568
332.21025576096173,75.74534367433937,427.8149439876213,192.44381554710188
331.465011749702,152.54461807945506,223.48329490026072,168.0358797651283
495.65668901019893,193.06355480911645,746.4059605931086,279.27121943005017
231.66354895338023,60.2935446371097,693.4003337643869,172.17368108631965
442.25893930972796,135.29014333822892,407.31513955977016,231.5531485850694
110.61280321989,187.85461055562857,678.5403137846513,96.09929056851304
444.90473171192434,74.26302692937477,456.5072438827537,253.67366346694087
366.95895791279344,55.07641044435492,616.3468834078673,241.59644238330458
199.19337112052466,74.52464006134123,477.498911310361,127.49648637088198
111.52474351072334,79.13473432027504,793.6885559124164,111.94664405851165
462.31331007937644,150.58933528314122,726.0329549275019,261.4731165575007
309.06359594685614,117.26938001544399,270.9142027650963,151.78495293828274
213.84208756316187,92.43838412239205,337.0015050243666,115.79217832688043
303.0509766666745,154.0931247808728,636.2572526848339,164.78719595540065
111.79510964755939,132.59548202376408,467.63708059357697,77.33918670186242
148.32197608094356,118.00324705274716,433.41192183320277,95.64960148961023
415.5800314171435,113.2349709684412,739.8681678075388,256.66650849550615
272.91223083119326,158.50699061297738,272.2808655857389,143.8781816102492
352.51755031034327,177.73293083945396,527.0378816491261,197.88319016956314
431.93730910372403,126.5849286960756,764.4446171732417,278.0536197769072
331.86982652419204,193.9400698261325,287.6152038986008,157.9096131579518
148.0535203600508,70.00905840340793,619.6892882444229,129.91213375426665
210.93881259097316,190.87880204283894,617.9153913571929,116.94446583767376
476.0664990734713,173.4185003824118,470.83734507451794,251.53357315734416
263.766608994717,107.07153543931587,672.0464822822162,167.54137847984293
201.94780777629546,127.74965442401219,774.3001858076425,144.69476993552854
441.89367675443003,198.50665575789515,453.41568248991643,215.19333419170172
341.0598036270235,183.4748480997645,359.33216225015764,167.75925037111142
164.66364092029661,89.64718178091303,331.0460530072714,94.61221580376025
475.96977520259196,161.8808140829324,781.5722006933555,303.68516290982245
277.75526697290775,140.53739065248124,467.85958584975185,147.51994970352965
285.5525915488132,74.92215732881266,346.28875368816557,168.69796258402047
330.33482645038976,78.79176259297287,205.83637261086656,158.54650922793255
336.3707664164167,94.07237531656602,406.2033277988849,205.62630818314625
298.75665258144704,144.56499772573358,414.11929119958074,166.92760518190263
260.0430028084101,131.8615399510805,508.547913165559,164.46792532131738
383.59875555719213,188.6447681927049,537.9996853247081,204.52327749631016
387.41145674809934,57.93104723718976,209.70898523100055,187.05404060492054
152.65664842333166,141.9272716592722,635.3090474871519,131.40637856284758
376.61792790256135,77.71834309019468,505.56388545200616,238.45712371307403
146.946912892,51.69329208865781,660.369271042169,119.0770421656826
328.6711814078888,77.30464356818302,797.4345402023009,226.20096538813442
352.7062386205654,167.23491345918893,747.0494711809017,230.6393749652491
196.06184572152037,69.85307417462637,332.78320349343664,110.97294148483623
356.65093121716825,74.15427514001723,467.77638797815354,191.08047940753207
485.65387661702187,94.75627004057527,351.58137293997174,264.72377612481995
386.37108153600144,181.79663977796486,684.6672842573328,246.9289051554913
443.320576341847,169.942470679895,626.4164898813387,244.69900397207664
350.80834089634175,80.29360164549695,478.2887704401906,209.4273500929905
368.61438478762517,175.16852282025502,308.0314906330227,178.93277770138042
424.89052378089593,65.06958347979875,257.51450439575603,240.21164922411305
375.38400634583786,96.16514412281518,234.293042648552,206.67934172014282
139.71326876163377,57.240658862275474,359.0430834260318,71.30703927276029
290.9482874138931,139.99320565138285,546.6168823589945,184.939280589335
106.81357435853438,61.95035861840044,311.92254287289984,60.81007687844003
452.76982072255873,182.95106244879292,688.2050863024828,269.14895857461477
296.3558702931474,106.83243458887748,387.77883699599977,172.59837899836018
257.7933153670064,54.230558148225185,465.7519782609665,160.86269153216452
492.2553750866126,170.25358282414916,691.7510349920051,296.27512970233687
180.54666785054388,114.17229022424766,448.4943623801404,103.92365112289876
240.27099788390075,186.90110031590606,383.76169511756416,104.48116039621412
377.2835293593293,105.51562024743973,500.701215650366,217.03778418778018
351.21592574882595,126.9437011435044,419.6091402923769,176.26660754592726
448.6867800671343,177.52118780414543,401.51276302857764,229.54661771809504
197.87063900740992,72.16755006444674,491.30588494593286,130.90311062896376
440.3929956517063,179.24012548232128,318.0178344191743,244.6820395888439
321.5475524823493,80.89650447421103,240.38464477969143,165.64461823813477
350.25521335375674,163.3424685622867,264.29947587106085,157.77086463687974
451.1576342361304,174.4343269935963,469.3067717353372,239.96857435899202
277.48087486947003,88.93301326430426,200.17809485767347,129.0485455637575
245.9895547345702,141.66120267354842,463.10069875070485,148.9790076619904
436.90213402615086,197.4749599814032,300.57103781580213,203.7211350821147
252.9364087569943,147.516569929794,724.0722376895858,164.04088108973906
290.35962598712945,93.51677071070495,765.5115504681611,207.34437877160494
498.7679083699964,154.66010622530075,678.1266907627991,295.68243357238777
136.2118401132651,62.812167139865835,780.1992498191493,118.00042843335915
159.8492981623763,68.28202001214042,293.67012735458667,88.24289608955817
487.07612336603876,145.89411179321544,603.5274164905161,282.04400860809676
251.60156759471545,97.3640235232291,308.20863315914403,148.38879954244317
258.8467543865727,98.06011387210174,227.4810832832319,122.41829250696907
408.86099773637835,84.18932431164842,655.5115896533746,246.39418552808817
225.4667228306542,133.51622710485105,234.43519239307724,85.98327590857559
167.33007474042742,140.39917887754876,237.94606900989666,71.78892180954053
490.6430040218523,118.78426145987162,607.4337445278982,288.11159678548614
187.34919320921483,57.23020358935829,570.3233777930543,143.52178114815598
124.09291197406232,52.839645632276785,255.88380365571624,71.8099592262383
459.1981079009794,165.40236044395124,514.1988291579285,243.23652769502436
104.60656598464122,195.51131309976,668.1024506763256,50.595009315695734
169.53022965000048,77.48874893842842,267.52540948413395,83.89778386916734
285.1651090429723,117.7932970940866,735.525096731879,206.04891742099272
346.1048922821155,178.94081037351154,735.9560952794652,202.90012946508838
286.3842574496796,172.36124740461526,533.2502665304821,170.40448560125185
499.6520074516998,98.85915405634334,531.3065727258031,276.548436116363
462.56542203895424,64.3094253461565,676.7472354765389,271.47224563800063
394.68839876382805,55.79326944281414,438.7842731728479,221.68199403615688
377.11696182915944,95.40783976149504,298.02801384996394,198.27842175792696
165.58097064197904,187.02197569838003,593.987816054126,104.7963465505332
112.26002371575099,183.908728817307,621.0061113277625,76.7318051099249
262.3704254151943,180.78772110527993,424.64110158839924,141.67294313939968
431.2092719337595,169.18035943849185,282.2206686295099,211.96296768662665
239.66912583543518,80.60692559766014,291.5794050685074,116.88539758413737
188.16554373119226,57.321870335799744,516.6853751602991,138.5447662799486
289.85460370044,79.26129303048677,781.0425961768104,194.75640597899752
155.25022520599362,135.3091986544388,336.08606308451954,93.07533059716633
465.1891925514975,188.2057904508035,269.26530222853813,210.92632410182728
204.7930846354477,62.46433993349979,225.32125633251675,124.08829841040844
246.05544940961406,86.71008097367164,795.5604423571808,193.40934026836825
111.20403930786016,183.8456473779613,325.202753886006,63.6947939982817
230.2783628858125,148.76210031226313,619.0820379572897,147.89129884420728
162.9494194040357,86.95284250983802,726.8054314105643,144.32686423688557
173.18576243124534,53.19680369932671,421.38794193240085,116.61376570998442
433.88963908689095,190.73501814761542,320.0667391527038,209.58169810206192
191.40279785169577,114.30805570704428,277.5456519504761,104.59078668451158
475.60225822114927,116.68983852564439,545.0043652941308,277.4421275841746
199.17383068421933,141.08441018519557,307.45772235535145,124.52102762813452
118.52919175995353,197.63144225471441,741.1103740714801,86.56015574120735
261.14417396391815,158.97713312098182,593.3222497555776,171.796151457247
393.82100820793846,119.8874177398316,301.37119390704225,211.4147568454976
119.89687226163927,67.9230156972825,423.43287937600223,89.89802284240368
487.0058623021345,139.4868253470715,355.69739594021587,255.18992909021767
150.07443328192474,51.36291792310847,362.68763877048514,96.57937897458967
217.16495499495852,67.43877996627855,318.052786621427,120.65297405868822
291.5332040575667,55.37641567617969,407.5460157195763,164.85934314589412
229.18105824173,118.45978069353903,774.0557142311205,176.00729812054945
143.65820222217693,120.46373593271412,611.8719525836461,92.5586454848256
370.00319529986706,188.8380077052169,515.7284732734595,193.44723106656298
352.3471434198775,81.83612367239353,627.3412232032813,226.08836902164828
277.09711479947424,131.81702331938868,248.11675179729627,158.5007199533735
206.54451303221072,111.16826509101084,606.6498688925969,152.0302866588077
390.9182569622043,61.268932778061604,713.2556969263642,242.77192352184994
469.3091264366262,189.52114004936504,611.6891019617785,233.13723265568964
419.16761974080663,70.98260117673806,681.8865795496055,256.4138227856141
278.851477272077,89.84064222346612,392.0397636365159,139.7258100545195
424.18743707894106,120.72160224880554,248.134091921481,218.85219741786233
474.22553744638276,156.02600177274752,674.0952074057881,265.8180617659
475.3041008420801,118.34704831943587,515.3463523440863,270.44871233278747
494.6643258498023,195.91687093024754,325.5361280788653,253.7234997577809
431.8138803432373,109.29141531529226,458.35966015949793,237.03701443274025
388.95520401143295,154.3236796808389,417.91404791433274,213.42337100491523
354.6959465646296,137.04102443427627,649.4442656401719,215.28101673242273
315.81941874714266,127.91573621072696,397.5768245212179,157.59796178074052
313.4425605842712,84.12552595837533,386.98071347036694,176.63809068288546
261.25860163543285,119.37597874141645,689.9695779995709,205.398978578025
213.49730280056968,111.15969258139735,239.8039703311813,118.24204894564181
472.2684860219852,124.44452154880281,484.1822258658667,269.6519724328387
158.30897478090375,92.99467214962522,238.06059029696638,86.36400382166761
420.0242446241608,56.27778099137238,297.4515218130781,234.14601826899695
420.9867729861938,61.77609050088304,683.9484545722855,267.3892027188073
321.6476696579464,184.57325997233275,448.5045780460478,180.03986472807821
426.8834980609914,74.71847145794106,349.47603977840583,246.48998835693226
195.38324843738536,64.90006590503036,435.7059518040214,135.86239958636284
308.0337294090821,148.88048244355386,617.6141220145686,179.1713210565652
406.896917939471,184.77643466600733,600.8134270431983,240.76789243951188
205.29703937460903,115.17290403426347,702.5170562010269,141.25193284367157
357.3402385770311,67.75035492051272,335.8957353635003,181.95192124908476
202.05267186552044,115.6647441653198,649.9745046654778,138.11557025343762
412.67834626924576,88.04941446035045,485.8791985766214,234.57144907386743
173.81508787743945,78.06776399027474,218.16925321425947,108.80895310082451
431.2263264709361,194.72055181077684,417.47665373701653,218.51527132325947
292.6877703113288,117.8793527944253,514.4995256495702,166.05038200994
499.9927428173483,111.80490404075277,395.83073471825804,282.737612134349
130.7194608591575,72.36307495105734,323.9296421305828,89.52197971128139
287.9321227980598,52.76403927058401,493.96326890239106,183.40489922540877
455.88797414182017,166.9127158146173,764.550400577585,277.5823310635522
422.67987615936534,60.29084561942828,494.4078992119857,256.6076723537972
169.13352765237678,98.46104593695634,382.85347720376626,95.10828270469963
440.14158285986167,198.02439425725404,599.9343360387392,248.23866710948607
410.8919159278577,90.19807844886108,547.9723598574046,247.86010419013132
460.3856008401076,134.8252011326777,597.9655319989056,253.20353669854074
370.6972246779095,67.62728103997388,284.10933702510306,198.53351806595708
200.72205665502327,168.26302437789607,347.736599247875,83.3923567002465
314.0781513743276,77.17400291345085,215.08615316642266,174.0806712651046
294.97589172523703,67.16173753488914,567.7274138674808,187.2567521583953
250.47416470461545,90.07919482709326,711.1121110922745,183.94700159771375
466.404690136287,144.41687613770077,642.3372736193553,262.9538386350848
316.40016865434535,138.90673117780548,668.6279190967039,208.83384385268306
202.6620182325647,70.4665247402013,253.22045950014115,107.53506862769343
199.7298917548485,114.60660882929055,467.34496354091124,115.69896512612969
145.67277011804777,154.49497770547438,578.4924452858525,95.51374881374765
143.05732778939228,53.426642358415336,431.40723134368216,91.98723185524553
323.534143016668,88.36663923160819,694.6704164763294,222.68502906983167
186.7427363416234,177.49967302699008,425.0007657194892,102.07575059650843
376.98299523550884,155.90200310193987,638.4336828365213,231.184607250406
256.51446091258595,107.02551094110116,445.37097436334784,161.5909664806541
118.18653301887511,189.9076058735269,604.7347855272941,87.72161801787777
485.62942310000835,180.7578614215193,740.5391036259808,304.9547963052543
185.73805488712077,75.75445561191657,606.6807917189944,148.44262032650397
124.65612741955653,165.65370154297068,721.4441844825512,92.822122187537
425.03473627009953,100.29098205164703,644.6931926948033,266.95077366908765
466.1810475464359,100.75981950117642,230.30232798563526,239.73823056744743
199.29016320773638,170.30307649866808,397.8480983667852,72.73094540309881
351.1717923572019,57.57232113643124,674.6580073463604,219.85593699911706
318.0994537572237,78.60470836987992,348.142849499995,163.35374567894303
115.8040357126905,57.667342629481254,507.5944867164277,108.11675873710864
334.7796593432015,123.10333481515383,773.0192206446972,220.9246839794316
140.74647513286735,118.7589139725137,724.338349555991,103.02859265609136
444.4857141746855,85.23929102415715,575.6637559058752,262.9653400342005
386.26678029280845,74.25259593116047,277.8137374338553,208.72171966336722
226.2596365891731,176.07428180657956,256.7675411221868,96.27683241064396
117.76975429146854,177.58571814085326,353.08990770878313,46.419059397178785
443.8621525840732,179.43361675057523,352.2339312621024,221.9247377421305
217.16753881385898,158.39735691157358,485.2473182964677,128.3985229951005
283.2202874836126,67.33646206677997,616.0030925130488,192.73729462390426
494.7356081617687,92.35728197691662,656.2903976470818,289.6699975577623
240.56978507163072,72.07322133519003,621.6503655599945,183.58544164290183
203.53011905524528,161.46776467599392,464.8165509425094,108.59498303026945
389.31251290427696,74.71756507178407,542.0498237997926,241.55294035107067
242.08953162492853,171.93399622181497,655.737403665164,155.85563886242625
378.3387894144259,190.13125738772027,379.0939498445157,191.31262118057245
258.5537604504079,171.14653282004116,728.2169384242028,178.90171205470736
350.4047879372495,79.78519371489632,793.1273966337886,239.79225184585005
355.9256943832329,198.47718448853206,368.6612639792695,180.49294427611667
356.5537673692941,185.10190928133616,547.3827784178341,194.10640563847625
209.84195229057426,181.09981544213719,271.56229607141546,92.01415462538255
408.23850956661107,98.8776787050229,241.979390833501,204.35615099367274
117.83292711415542,59.91023418512936,615.9427134314674,127.50688156723928
143.18426994753798,63.81296059764555,250.98571717292094,94.77348004304476
488.88876466259484,100.3114893843526,491.51051496636836,286.34132270854695
168.73336308168857,152.09402736109968,694.2516093075819,120.1691653513312
427.6836409163509,148.30625030699537,281.3062591060238,224.76551474659558
392.67301587153264,83.86624731464809,689.7072258960065,248.45340531306115
362.2753514426047,51.21006915276281,673.7132643676805,225.2472598620057
205.8292135842027,164.63101124916653,587.7949165812613,122.84178198078334
168.25730402375746,174.6970076317967,696.9529099088527,128.7380988120037
216.5915568785723,72.22672152554972,735.5990902305846,161.03780726712148
147.38353194943286,115.37774017946526,657.6503753712575,114.52658630138053
271.10965138420636,90.01096274226492,384.4995109376928,168.34707191954206
212.76876932279043,195.18452810876792,295.6009195965392,107.41113717952715
195.99592831172657,135.57314594389612,497.1622634346927,118.39882087777383
178.34540286821755,133.7294325233456,455.198457486996,96.5851494988677
433.46023305383466,69.15722829401088,656.3227186345122,283.06805145945395
485.9402468430325,70.17157329109872,291.4653039942248,250.16454284204204
362.0376873906046,113.81877946988352,405.8430137725752,188.00628167449244
261.3917726420897,60.92834548190342,427.03865757991616,163.92831070922168
479.1170639678385,153.30337891211536,209.99143758689883,236.93886604290896
308.21020762217904,167.60417999179077,540.2584302470887,181.93771857421405
320.8782569690781,132.4367936625132,286.25086978612296,147.90120404449823
360.0913092353639,89.51293350075179,556.4398370736917,229.1615632736085
174.40916697471323,126.67350025386003,609.519470666331,144.27407069621734
137.4126622743688,126.13610824497235,336.51115715296453,82.23397811715915
157.01906858422183,189.56613152167196,632.8104237646186,112.15707505589505
110.77807866505091,186.23458620832022,765.5266592680455,101.9140821803174
137.4726517316176,94.27615169175813,309.9006809013388,77.96670774724024
273.04451389674364,106.26377481735972,274.0650380734427,132.98918195833977
338.28559765733104,188.65361064969244,295.28859429991405,174.9961136029073
121.96362473461969,82.88952565566412,556.189518224581,90.67587950600694
178.67347559417067,155.1339472744894,509.4529373708267,117.47120974022408
310.63579475382886,180.7728056705595,783.6087514680643,194.57226954198111
212.49839629195066,197.4988458872819,794.3111631624306,146.23188145343192
398.01444884730574,64.80741478535123,618.0365715515874,226.68586297301852
323.6110810848424,128.89439365780396,547.8555080370288,196.85974971956787
254.60549306359098,66.81155197003277,293.48881095079685,142.18600345023148
345.0456947773429,174.2378911410193,512.3103240738574,179.50053269070239
325.2405903949566,153.93639447716856,436.8674869470676,170.03239940442785
252.28888301874406,199.7523075783041,211.15319549819827,88.79518460383856
141.88969654216618,151.06227641608376,456.65019954030834,85.99603470237194
475.91590662267294,129.94355982050138,292.5618406295342,255.22419158823837
102.38883108414387,181.16475898874444,292.95659338495483,41.456884789843926
462.0420444119218,183.59240296364752,326.50938354849427,231.4143102609668
313.6144503816513,134.7718990554476,590.7145872993881,184.68441811071833
410.8150974579128,133.54354968058908,563.7667708571169,243.11330630032194
472.6288989622086,190.766541350661,380.08321775745947,246.92265155035935
282.9400090405619,165.7431399889962,301.58281581940486,127.88141147424639
355.182545739316,177.19351879903078,290.438090124323,166.62075511225507
256.32815891572784,53.752864793745914,263.12130703339614,132.74020217722625
434.1962461670159,156.5987637908894,719.6579867773701,256.06009457263076
253.0547054031779,116.00548302786675,373.2765869615181,127.26303138606991
241.5258616278274,117.69911862667189,433.0627491211597,145.86697135364497
294.13921217899906,199.25605447358726,520.4852548513137,160.30135932629273
130.79230307613813,150.9404942205151,387.3464663614661,85.67199165179004
373.3351900845588,160.89324427885782,551.4701459526395,209.85047240912516
279.292211549181,169.54442460427384,711.7106836447281,173.19130190762087
286.98490351020484,80.0765838677178,336.7949927640816,182.68695268226801
219.69706781232844,101.04309437265842,520.6440889074571,128.57852078903454
329.81912597632095,141.49531802046727,418.8235368091912,170.64935544527577
183.7487860218261,65.83235864999915,506.83173242468473,134.45426362333038
434.9624292638488,82.78178673407768,637.651041664658,273.5988533980337
480.86314842314886,127.9209213579879,403.0769146958387,263.96585603599436
174.8473418332831,123.51676105199662,541.5142775320455,103.41372087231989
316.0141709848617,180.53633130064932,399.24723152865283,167.2886010238279
143.87833019389413,196.96432939515955,641.2730023997883,81.33234637458348
485.8050715384194,189.4945581410737,658.2905092705345,281.356247419664
228.89457996015935,181.47505864187087,577.6016052276935,145.56437138180257
436.5834248340575,85.51724652504359,707.3971265154207,264.47804312138595
111.93692243444974,180.4167053188568,766.1468836707356,83.35381512651995
397.27965288442886,175.3856148519323,619.472346774475,225.85487429798133
360.4003662886562,154.8964609105114,415.7542916105887,198.66774072432028
270.85659861180727,153.53559333356856,319.5248263155654,124.84515118456805
361.86091084164855,52.65555398857324,525.742355421698,222.11460030668866
102.24664369120143,96.0825333559767,312.4572405474195,40.814418716296494
196.57418689572373,112.63222295776768,441.72140469204487,139.627970752859
385.0235050647161,133.39623763107195,282.035422076288,183.66243952562485
493.1710278304072,68.41531801884621,302.40493181250383,243.53722796100467
204.06095595239492,109.82868645539112,405.61959316341756,109.1105476543907
449.1307036270344,153.32537399119013,777.3082004067871,286.41680128088507
275.56748202223935,191.26542166912583,572.2224793214164,153.66609738926599
283.27188699382566,121.31547895340351,391.24713407249646,172.74483214767935
200.20643800440965,136.5732843625455,499.58864430195877,130.75207990470193
206.58736542792604,67.91966396134244,261.8743749072445,115.28724141778768
151.51353846393062,126.57156278454667,363.2344996919634,98.10448522799169
462.1932342306454,136.32550370150688,313.15453463844887,221.33210919784057
268.3218738004124,128.47836379092337,336.6939129181726,156.6602878606673
227.79863044975772,124.49844936693911,643.9700974218111,155.7825096889183
211.94117406828644,59.28623307438063,731.0998656740853,157.54152702113223
414.790021882486,128.63926030903266,529.3035883348406,236.75173478126416
308.21974748447417,197.54763325852744,253.8429097453083,140.0453726938394
121.38412080601685,137.49965448400735,253.04927069623264,57.03920916027575
374.16769222396226,180.74720253436905,245.5903297034999,163.43882420947318
190.251495433811,55.40345864891877,219.99753106168254,107.93892312791414
198.57192127174707,58.42124776414013,681.2260150330069,157.04083591007875
193.58724924010198,110.26097172112024,679.6854962561347,157.52341806938446
371.215019091166,159.59065413842163,339.2369938556383,188.47016887767865
164.63322971642208,63.88836823524347,526.2662336774664,140.59381283069703
427.28665197214934,153.60310418812236,504.06930978598064,241.25792875551176
472.7470988012393,77.3523849430481,690.3222873251641,292.35534017186166
122.70260661320016,155.43392526764418,560.5723147281742,74.06412045259549
411.8293096354608,166.11098632159803,354.67240376410206,203.6917977565469
345.5497601479305,170.01213672679359,799.7296906182988,219.5845565617141
155.21333567088985,101.53752415137382,458.4302955907004,95.27890405755036
375.942082166183,191.31429708708436,606.1628851236262,206.92586399317312
109.92994120485812,159.31677008197926,495.3926961094653,78.5204341134015
241.9547462233143,164.60334449845737,407.1553460345808,111.58910785079243
274.9350184638607,51.43906347578883,637.308242443336,181.83005630841308
236.99988628226492,113.85309068609311,444.6705927055454,149.5964051701455
228.48153261359997,59.45167246681163,567.3764859326698,155.19113496947801
365.3437972487104,102.48673662946217,299.01160170269054,199.59762726618035
443.6137683797182,55.794448543104146,536.1792855824348,249.30523445961555
133.59585771277963,53.375634388340934,773.9739233993222,128.2134233173436
481.1764657447348,189.4917555007062,610.1103994791847,270.07861920774894
413.8678912084851,155.04129925164338,518.8322671157134,229.69799437117612
340.4301998335654,177.47202674139763,742.6499720255763,214.6318835685416
195.6791342721529,57.21180751288439,614.7576520571035,157.76629859310833
259.877167086485,163.58948037311882,509.40049597389276,144.6293535050758
174.41823694832556,195.7412104982349,631.6717245103521,110.43211814734168
395.89065942183754,188.5023287426103,658.5907176197804,227.62602695239448
437.9497983985214,185.70751853239778,668.0075685803345,231.25466842493785
142.24806479556491,152.7875885820165,208.5070117096419,62.5202708945909
496.1680888825195,85.99123996316374,640.3286086162714,283.4334545450711
175.98513231750505,126.56885085751951,685.6780703428099,137.63602333418422
480.8703525581761,57.58870161485763,272.4959955482101,249.82242416195197
314.43265219331255,129.62867271083417,319.18677497900387,160.6761286577231
262.72241983973555,147.86720023401136,240.7898165176781,122.27271560867572
495.48046502634634,91.50467414130034,674.4314043833365,286.94216208914526
367.98083479043015,195.43236946155548,253.2289845380824,174.8193250973069
205.51735736515826,73.79718441809258,257.3528701371717,100.44157112517745
407.9757542450312,195.3938066127426,689.4491384015189,246.21222411000252
435.06122501906924,60.313859942641095,250.6101206534629,231.02849293916162
132.3813912039364,62.260789645262975,562.8865139047552,114.45019664500437
446.1732510778285,108.12763962055519,599.1573499127996,273.2646145134209
405.3894803350209,83.95488841403137,281.38558390074604,234.28571164367824
430.91538743810247,95.99202342446063,553.2858374541471,246.9965502210462
104.25468766032435,98.07055319586686,241.17576943304596,59.518759365038285
226.94266178918468,104.24913192807728,448.29344674635223,160.4178836919167
383.2155736983973,74.6010906917293,392.0712249890174,203.7002164241607
335.8703815674161,128.81521617899557,478.0596527232915,178.32633610138842
278.2783582951553,112.7040887942511,768.0451247386948,183.3590756887418
467.67207673381114,134.40059566153576,735.5502646844388,279.35726412789126
136.39749309164668,107.44928188517481,419.9315294077054,96.53704546436025
161.32989499848827,173.93873107774874,576.5758360930713,117.2054112353328
361.74547226246744,190.88495501860092,354.38590218255956,196.21544270222893
200.86103820090625,86.80414474211855,301.83536072840695,108.02457912539853
358.76121452301817,89.63245361592942,453.52246856093944,204.4105417676173
289.8481554623211,174.980225176795,347.2294151428359,142.8088312964915
380.40962599359926,149.4509248207979,699.9278013067478,235.6541796792602
109.45685168282307,150.7858409604395,627.8708998084592,81.49471298659083
417.02915957675395,157.2755318289265,235.98304103183966,192.0464398033218
199.43396163032338,119.03113799350487,741.9098275483371,139.40758744135468
422.58878625312565,178.18351368010838,316.36745065244986,192.66352437137726
381.29906549075986,71.32870343399077,277.6461466380128,218.86874548711148
305.22015615267435,74.20955153061963,220.38169728834876,147.73743792328665
188.26854872171546,68.58413782943124,347.5775392878016,103.12683090080478
122.67432088864831,193.55314305294456,327.0634257152786,78.44255201711496
287.3235864832294,58.848916414827386,226.99308016894724,152.4640162278575
180.09009423435828,123.2412915641747,454.69683942664375,141.6194455716225
367.05245175216055,58.68345343515415,770.6856573644894,256.2736010922607
310.5229159288606,54.87062339610105,753.7272684263244,228.76223054736104
478.74720586131116,166.85347769005332,611.3460892886949,271.3564134396562
253.1446129529328,91.24192344385312,257.61116540219746,156.31986666855911
380.9848418356802,104.82261673974585,662.7191193879476,224.43378952504264
122.45371785430832,102.21042260897345,265.1080669580106,60.18384380439641
254.01570835516165,189.5766300269929,577.9734053335314,143.5044069967354
106.7374906597422,128.58886699397493,712.1739525396794,101.71730431309545
228.7635884555135,159.35856853366855,434.10714176292146,104.97431310274673
344.37728442007324,121.58408108384168,215.75701229382588,167.28701903684822
325.5935653603591,87.73908547441931,732.7016008445114,228.93650978252842
494.38678540203716,143.58497744891878,511.73007711265586,272.55085767957104
428.82101445503395,115.20355733542681,690.560100654701,266.53487604401334
269.40017675608067,60.79771713710254,247.14918366506382,160.59626417116579
306.2691973817484,96.79134711428941,424.38772961754194,175.61342184749964
366.22856225900347,102.00011296638618,224.6417172924783,197.3477354604195
149.750917573421,128.93690921306813,638.079246679511,115.62588596773844
234.30663244034372,108.02459584470503,333.74915092892934,134.56429520938462
293.97555314301957,65.29983090752367,711.3520257163566,187.78670124086526
421.17606319517915,188.66235798055524,308.67561310736914,195.3047326866389
117.7705590863043,182.91467426153997,247.39159543401075,55.80098573914371
220.66438680972217,196.70560427020075,605.7543723738113,132.20437344955442
165.91262252884388,184.06591982111482,760.3631725142712,122.22314744618183
267.43548386427153,176.4044805066099,476.19162687915065,147.98343748097608
377.1633441907565,131.84039046143707,535.5368953182629,227.94402770621704
464.87252204578107,67.71384766609049,491.2577295289572,256.8615397819699
353.1890639816862,109.21325336237558,487.3111134778554,200.6120066428174
260.805118729131,171.36248122357136,429.26666677005164,146.13730134602955
179.48006368519782,91.28418744514335,429.1633645745992,119.16393993149306
305.8299981922758,140.6271930797388,735.1793500199461,198.5589743560197
130.3012796153188,75.57939695126521,331.0898190759491,68.36348833561073
386.34489420815225,54.74984154572506,469.10054482654215,233.19824996976126
176.66346463854683,146.6209451927902,364.05647605994056,103.06561032767654
264.35195902751286,165.01249745278267,775.8068756333513,182.7662943897266
130.9667707022021,122.23701326616695,733.0449168338296,131.12783670079895
246.94239535510198,199.09466479353026,305.2631595325149,98.62553541373342
263.9376246552371,50.58594245937033,462.5706747431164,163.68492966809725
445.5039937157061,194.737636268743,730.6118633604017,236.36890544690192
213.4522958071247,111.26857595034298,482.0554012880494,131.74602739132777
436.06797342280555,97.09383970246935,440.31796240713214,248.01013425033472
142.1366980440312,168.89510381818766,319.2623327971787,71.20572611323293
155.82110365576924,129.54354745743348,403.7110404792329,94.236779349872
397.5047476492799,75.12438517451862,248.8646514248607,184.67850859318432
148.8157417951233,107.21563136898052,433.1820119478682,91.92082873773879
185.3925946436168,99.54378924499238,284.0456626065668,112.315342863116
385.59314261234124,87.18507218554308,303.73202201636053,215.26136187689684
209.8144565528999,147.31611177695646,690.0902606982249,149.7735221844288
398.71032890203844,65.96261787510974,514.9197404051707,230.50923431446498
384.1103744198939,112.25443955074246,253.13050474359167,187.18482963940284
184.62231793657784,148.691087090635,742.7780606320879,110.88540932990225
280.7591972254767,166.40464484658122,554.6026666491556,159.55609086296022
107.58634751273758,116.73793222165551,675.423362365181,99.13173979331026
295.876779791138,192.60496833479743,298.88831000824473,135.60056751833486
105.48229775016158,102.83450973333137,549.7953214161648,90.8848997478648
274.5377883022326,169.72308701791684,621.4669952040229,150.7640944098058
275.1035576306201,89.71935542782876,312.40792838370504,145.43526419854578
313.61963561599725,196.66593409145173,294.26834975833964,142.81714959324503
458.75593049738956,100.2745474351873,289.42588276659524,238.1108601414566
362.90191350974465,61.267914724843195,780.3840893434614,233.65700198480644
462.06998044424495,181.48117773636844,300.54704647188623,208.32476864019867
245.36750863069864,61.9966527674827,657.841291896767,159.62874123828314
431.62310421337276,115.25274373741867,423.5587276770823,230.83179462527585
119.34428500206997,184.56119680494155,789.2231671989437,107.44222036569101
462.6617587068661,191.51787082764614,791.2616660228878,280.28621572060933
264.87481185292467,170.21531560365847,315.75173941928784,138.65669843893124
141.7789423928213,54.33169679982197,206.85635074523273,101.22489393250603
495.2242026420829,54.3571455252758,616.4038320581931,289.23573883752795
157.19387138824345,79.80949792922426,709.5240691370228,143.63817920350806
412.8238828574609,190.7358199743945,796.6033207398795,235.97822973632498
105.07341011059701,55.27841192987668,500.00285823122755,82.21725217460032
468.2247049785577,196.5307739404621,532.521585444514,261.5871072086296
495.29349522328727,187.3724787992534,551.1501702861923,272.9086654665639
466.09584487703063,75.46655819371284,480.47638538116496,262.1038650475599
413.578566777991,193.79193625663186,611.5571264157617,230.10211773354396
290.2023212054238,144.47042961334324,583.4626918243159,178.0732812360765
263.05034666527285,164.7329539698539,426.3309414848035,138.2337132205646
264.1739075935491,117.61855347050235,722.9751144782174,169.33237969273128
349.7936030155686,112.57081266684492,250.75645636803586,169.46773875185283
315.56147515559826,88.12451537476535,347.31829259841913,179.6673262592746
390.8399142912542,129.24348341845555,655.2263419591416,230.17023941718236
146.38035200517535,88.85955645894751,375.4924567003236,105.16639605531125
135.66859138238596,108.47721217333309,339.2365964784063,83.85290512328538
446.23936743726443,91.212910255662,761.9184000165494,287.07056512562843
231.75612319489534,80.28723309241451,336.53129934377137,135.29845854773114
370.2081864404904,120.92367426864875,260.64538214386636,194.682956962831
391.69217770340697,72.10678831439193,730.572444163904,257.6125957255347
275.781991224019,94.81077932954625,418.5983042594289,162.63466358817396
479.744813660853,196.8848988499758,456.32006581461195,228.58915107474724
350.7524086421598,175.72499879009098,661.3009389299987,212.35856835002818
445.83244281130663,184.47417330123912,470.2872299345552,245.91556690400037
149.30850040915513,59.20023622116193,518.3039147771588,113.94721561269373
330.97493700251687,180.98174271882488,364.00226853192623,161.64676841407285
409.8999598699577,170.81597317470636,468.7674215815699,204.70460178157063
235.8815096308589,109.5695624300419,679.0787975650248,144.45259526627015
415.15529653510794,179.1187390738604,693.4539284799291,239.02375884961236
408.2886647237481,106.07563584764475,772.9613090187925,272.19837074582546
135.7059505139468,154.4897781516634,424.7286054927953,97.91406612784291
134.46671916582034,135.4111208071314,393.55021997760764,88.88799113190981
358.7336332317872,135.14472202125626,534.3497955420999,201.02388194071875
473.0647350041436,131.97918304104223,677.2778053885725,287.2296791496976
446.53205446118795,70.95363312272758,422.97397902184673,239.98942341654458
436.10119398954146,198.79564269867012,651.7680403587559,254.3397501669579
140.75786809319757,189.687284323345,351.9337770728214,65.63074929579005
406.408999822234,57.620660196237885,505.56571200620255,240.48085936252699
269.3826728479097,118.71899768207805,792.9772532456046,194.6335772917846
160.57949659905032,115.36301838321968,415.78106497123,92.38721974270787
153.1987530442668,171.10114582488592,486.72942227627055,100.56723168143654
180.66423463622425,77.39291243908262,384.15793750705325,99.40513799111562
315.6438344448828,154.80181927326805,637.4248203797648,195.0524726975407
462.1120366193577,166.3074824042412,386.7773962210636,225.02274748262664
373.41112747073504,95.85848772911623,686.949121431217,250.72777601924741
164.7942910684817,52.561523393311646,201.31612167115412,93.16479820357168
485.3298540480673,127.75650908616808,494.6924149772473,267.96289277902207
377.89424042523507,156.88763355706283,464.6760547194896,212.23630307540867
440.196564443146,191.10185622165247,249.81564503300234,210.77781172826897
136.71464335712056,196.07159226175534,739.4016115203381,111.15912438359263
241.91659594120614,183.54360015339245,335.2245399447642,134.84174726576347
381.4694623943833,116.80379052952003,472.24233695052027,206.49358268855275
182.65087019870197,155.8232291218505,707.7912274899352,128.16588998548744
325.66190238168315,124.15915556462872,487.17551974689974,170.07730473402677
232.13247192447386,144.49374852327796,560.8804499162919,155.09470982593447
268.60613540221806,167.88119777323365,627.9941338373054,154.07739924529028
277.0664528624942,177.8783234452364,674.6997609855242,170.68656310845128
451.8940614925272,119.42055300799866,493.45487505072043,269.9737040143612
103.6823100749645,67.60953108027988,635.8947701092858,95.420131366796
427.51644806372246,157.4884402267437,680.6952094377172,245.71609477963756
348.2484091564802,98.98551367585745,550.6735585065697,214.38036612055038
294.5435620101329,83.23449196887279,604.7031745410391,188.3002034403168
126.23957244978516,60.09675725713514,502.555238260763,93.13196398092698
397.7096040964827,129.4832536796738,506.7754315834361,227.47461887356064
283.20445861328324,158.83047801917462,364.11469334356514,155.08168890931054
212.76939317901923,59.01640731670654,556.9573491944138,167.39594324727628
157.7975002823564,122.4506267451429,748.1066489976803,132.81355993309754
131.9914053339993,73.37491646168934,497.48353934845846,115.80560177174183
170.72256768763737,83.74411379476572,499.2343561266652,113.22351117860677
461.61278315298387,183.82444486654617,284.6700919152987,225.7104168225896
123.1338293554698,174.68301931743065,457.0744636173644,85.46652502481683
330.0080353449606,152.93337082290628,701.8164408980726,200.5561420108944
408.83961062783044,56.30272903517412,298.80565589605243,227.9877329921083
335.697612322433,189.16515668845403,699.8635326578956,210.35060354795158
251.7296350576137,111.4621409725151,770.7197431864942,183.9749968826962
173.1626543425707,133.83521200183276,331.8443205623406,109.02921549146609
479.36496972148507,102.83948578153608,380.97240340299743,251.01685720047976
401.02487401277915,88.57363140257874,425.7371637178871,219.48030061462612
267.9925578863033,106.08010476762166,627.5972259500202,181.83868811878838
138.97264849296954,145.70594890828158,369.26245158783024,87.27512868258799
305.8403713270999,167.2479437936872,691.9041135918974,194.85628225446055
190.57308865746103,193.57702555215442,513.9315672402415,91.26166610006281
291.1592845810034,173.1272138637774,536.5252632809922,158.03854852817886
103.75769618809602,152.39345577452002,456.0084009612992,56.282272777185156
163.74466850161303,165.89249126987494,225.12154497339293,75.28786495682579
451.0849057204948,100.9013486927866,644.0054445260737,273.34188561177126
253.74178008806422,188.49836869242165,425.9327159974647,137.2277839599096
401.10016370496623,56.33523300896894,219.13487520702336,215.75979844622432
236.37134478449448,68.4022615757898,255.157468973743,129.20925903136512
416.85892854473485,169.70199796272135,241.25725068445897,196.07298631745564
170.80646238486068,76.7318121870276,360.67974845820004,103.18404730294908
364.0422756475603,126.03673888089861,715.6199731381258,233.57354392816688
345.7334063932653,65.04812031842133,668.4906849945421,236.62163417597168
329.62982918031804,139.7899157881214,370.9672013178573,174.14905941284252
358.3523913339847,111.42633697480558,502.5934595612135,204.38224441738998
150.5316849621815,153.05501355176148,272.5875406822395,69.17817246496426
170.0697037992963,131.273324746134,361.2198884187049,80.11212495163016
401.27817260074,151.5544119604249,459.24024246327076,215.09539029098966
224.21749837042734,118.68136346477522,411.77365263104264,103.49637459566326
166.58459784850675,117.68578286121806,420.7745124138431,86.74414559467975
363.8500810599518,183.71297724438045,635.0146113635376,209.9963545772799
137.15168968068005,90.74596667028774,625.1126366332,109.71428270277117
338.18072524409706,135.5298137476081,309.4398914027365,171.54414379521123
284.18280965481426,150.70862237383653,719.2010242514465,173.81267659268002
176.80358610521796,160.9199600031128,711.2699109280236,114.0455308584059
220.40068964550125,106.63384126659349,400.09535263495735,133.43931213803597
387.62619499888496,75.68038366045569,514.1398777003606,240.9009960059593
411.8663342867615,65.48739179372603,335.7090400054497,215.56300996178717
336.78545053280646,185.53865776857214,667.1489629153402,206.98210783826954
291.91269426940755,76.16934846488857,257.8856401946052,167.13911544822648
192.19116226114357,135.89808683173507,795.6212230954585,154.08130357989586
144.8713409713878,76.65189239047331,470.62181196660924,100.12845311756081
358.0045594399119,165.6820068069927,544.0435767728763,199.3070550362042
253.24799353221044,83.1554944237229,435.5469577418637,145.1620892582807
479.7412053669141,159.33483280612305,303.7516540407548,228.93774710986935
319.4255208785107,183.23097856741384,712.6472934865533,195.7858648186571
482.1302076508193,67.68806903521285,735.7186008469904,306.9127993674209
389.8172126516675,140.7921742387344,705.8687409400882,239.9791036866805
384.916352057803,138.7883887379076,284.91668193573014,199.7102174846441
195.71950133348003,95.87845021654948,515.7185950794405,115.08081103733346
473.2141871648788,87.36537926711219,383.4415419919659,267.23801932765315
488.6299452963617,113.35701186675405,626.545710323827,282.9690899604179
407.4413804122137,72.76059386018719,424.5422360162116,229.36099860564087
485.81287220171123,125.9908577089054,585.0681201927325,285.7151915779732
227.25563305198366,58.17044926682511,494.38810737999086,143.4569397355332
286.80300328328707,151.08896601368042,714.767205085452,175.0079040822641
241.63702770852518,113.89082357921708,498.0599663976612,133.2177711460241
296.2214914330369,171.01771118014116,652.370968532762,185.54364593518574
180.3386974832581,104.21528856002173,792.9546289984818,150.9325801627565
303.41863779388893,184.28484099546523,227.83277277079702,143.84578403067442
193.75563273711217,143.77321495962633,267.63729817060585,94.6648745092041
172.3901823260175,126.42494900788392,637.1218171017517,116.50520217636276
275.4918403014684,67.00066314868789,459.5736836842189,152.53318622090688
213.3887202351152,145.7351439185581,287.01168781885104,111.16379572000689
321.4225629456305,86.32394418770022,689.1690987286265,218.43668734997073
468.51158259729925,183.99359459034605,275.3522434666329,232.10383541224363
303.3508223098935,94.64243927318304,358.4450835461844,187.8411046063756
364.86993987754204,122.34986271208676,774.4929144397639,219.96436450219227
222.24170729636688,178.8435397238023,319.93940986574887,118.32677001449636
450.1825433376031,128.99396043961525,218.0968223061271,223.61609955761202
230.3693997810758,181.46539330920783,431.94116501305393,126.91618924833978
373.8583703333415,104.99511731630264,620.1903760683272,220.72686759198012
299.5600188670983,108.37454894192203,253.3020636224631,143.84785473091492
263.6859483179622,105.1112575982545,276.2324508239877,132.33909515379176
275.4956826039696,149.46178513452287,729.9059458862506,174.19058108356293
305.796818868121,116.40198977211082,502.7226388011923,193.4244995708529
129.31611490658491,160.55719318846522,790.0112728701481,106.10005384199715
482.1478105993837,124.34356531640367,471.39611650939423,257.96625403494403
127.11440655550254,188.98315530245128,409.46328082430716,89.24072705482087
436.048350822584,126.43773625495692,512.9339080105591,242.5838266355264
185.50380517083386,139.38484850256987,418.92707670859664,106.08337667645016
431.9769623575423,161.10941986845233,260.5691874542022,208.85616813292972
153.89680739251142,153.37748291523133,448.784777790489,92.39448585421671
166.89009635160602,67.90891458890951,372.304456149804,114.37811430649101
295.5952460012801,99.43231836528743,272.9850717360464,161.99830215024406
438.34700777868755,58.6987383397124,553.099646665343,268.900226628253
287.3814696215562,116.89149523190692,268.71491360580086,144.38485190610842
325.8733763662724,56.42571176279661,324.43811929370895,189.4725319132216
447.03134731764834,150.9531385636663,617.5838701441618,232.19709727897188
408.34367997032496,189.35185961428144,773.6982401524501,230.96104025842578
408.1254272598773,150.93520818253103,324.32887003199534,192.7965191701204
474.1687098555312,131.43081453011666,634.9542046621818,285.24232712412834
197.89985195056178,105.06739830456476,609.5039463479834,127.74695326855114
321.2667510346311,118.19852631196042,519.0475186273233,211.2733823856095
392.0311757962435,113.46305051365275,350.4607790436753,194.60744471677705
451.6549828492049,173.6611691432987,267.50493128438575,199.65793954721943
342.9771770345505,109.51330867925437,705.2049544669158,224.34983584175689
460.1062521680142,92.60372495718414,605.7860105136265,284.7316735297245
405.59151009813155,127.20693342128716,693.8667804445854,244.7988631706602
140.16695655098368,89.43685257889686,652.7175853820294,120.64127753687549
135.54917285415885,96.88244135174537,296.25704685444003,63.173192252027434
420.2391573740567,70.17187576600928,342.56045214047003,226.74588989722264
410.36960719020226,159.6299564144797,214.9276775492976,188.92218791762483
429.43033714777727,141.27553681073607,238.65067824990425,206.26584415102835
283.38213746229,159.4186793140657,251.39310743196506,142.40488567584458
191.45989085811888,181.13815509398455,763.4923063191309,136.24215214100064
401.0268349498311,147.22600577083202,280.207371536075,214.01265623427136
161.7698364389636,171.46951580237396,392.70663582960344,92.52923418481292
325.37814157400885,143.23982082796775,602.0886138105,203.4980762728449
193.5649657530164,52.72234013312328,274.9460927856769,107.82025300094593
428.1035469008142,123.67425254208781,609.2077573835763,264.0582438628718
129.60986754241867,188.05910941967747,379.26331388643723,80.76306715477739
258.1253929598816,56.958126380003364,229.4491429100726,156.30076050159013
312.56354081323553,88.00284457770954,704.1428655993338,205.54711882801934
441.07254291873204,153.35615008253941,445.2828363690945,227.13615120827555
155.26783719148355,197.41956486735398,462.4104117087591,74.9343614800576
380.57925674370813,89.0432600986829,638.4109085347525,228.95788879697065
214.5843396331332,171.77930020448184,531.4959930742075,128.73345192387836
446.5989836040662,168.93598244530006,778.5440108222765,260.0490507810196
165.91051882172206,120.26326477454377,411.9067826475591,98.16040011135287
182.2442456162952,80.8734267218593,600.3946141421193,147.98586501057923
490.11871613122105,185.13895031558326,633.423271684142,274.81897288786536
316.5810604625773,90.03074057158196,325.81021853475534,167.89983690520265
475.06827630158404,121.8625462707131,347.6233592245155,243.90920552278487
294.7318662708123,177.84184027999123,435.56461810701677,154.6585064712741
292.06382365235004,64.94475728299355,744.4402190762187,208.3180103034155
348.85737503078036,128.07580655361824,519.8603139022553,196.0360751289224
440.1353800489687,123.23001705326391,306.39229662090315,235.42602893302376
336.00661638750194,66.2676091756252,677.0915496268865,212.51745186467642
364.40278156244125,78.53829479205129,747.2713156304461,245.6608904335108
345.4533292815886,155.6355592965931,443.0026322409429,180.79466282038544
340.0427755047648,91.82060906785631,234.52667698417088,183.25727877348783
158.39410282656343,95.2565692993314,363.3505881613752,95.2708901246927
438.94540399780436,92.61518138551283,643.7973453614438,267.9923818229692
431.48705912617777,58.81921156949821,466.4247134138095,242.52746033907997
375.47833174432213,121.58031068921704,373.7025798467803,195.80935510373178
225.31643859133186,62.45742617899635,380.08397483967406,152.36148148918485
252.65915572060095,61.37339298292187,527.9594261138263,165.09488367667026
209.3679724871814,182.23659429931976,691.9659630094918,121.27372683143196
240.266036993624,143.05057117938316,401.1361782149722,109.68078461219457
210.99264054462026,150.19490750313855,640.1147533246128,126.84204258443879
320.52108623074116,78.35449571101363,723.6080002225552,211.11460213600503
425.2181109091435,167.55776683464802,412.1606985132722,211.5631434579619
404.6451280039166,80.8508131075919,504.099480925076,233.03434027122674
179.0470128526958,85.66678866082506,200.9427293275698,103.01027774194482
111.78467818369948,140.46503049753636,258.9586360866341,34.48028111699585
287.57994447461135,189.06571662610156,349.01377387230684,141.4275144135635
130.81702930376312,182.8945447381454,558.7613832375226,85.63241551280252
386.75106300170603,67.41443934752553,665.3392034465119,241.51848294215628
213.97164945340506,186.8777451787004,636.5029559684509,144.36747414384337
280.94742370421966,77.72670772920817,606.1073799314886,180.9517511383058
351.1833239639518,162.30459378135333,624.2459017117911,203.42393352228103
166.98927500707714,97.1462497743935,385.86341767777344,101.4906165193422
460.925802371502,145.83303969658567,203.1538118226208,223.6367143369946
490.4029192202933,192.1463701136618,789.6402257197025,288.5737615890975
425.62096230033836,140.02083376739714,496.5500189539751,247.15784851921524
190.06428207969861,150.00958231138452,671.435470201604,125.05491042027909
344.53385042999923,98.31572137993017,426.3215824517041,190.51110590772444
262.87286270617176,120.31349599255545,679.0923734551457,193.53557861594092
286.8416342458811,154.6169330619831,273.04509671513745,143.47906207302276
369.42677834564324,154.34645441187348,702.6273860755151,221.70853518765256
270.27339719311476,168.58255038612447,763.7090105186579,181.5075252564356
327.9210497795321,192.61585583905133,284.49844627319806,143.55003257740515
210.31992967592612,86.69381472591729,498.4968686804405,141.75791685686517
328.42141154652404,112.24944901868,793.2354504672215,221.09938660790945
228.3831113239394,107.24556284784023,258.91900887901136,124.35044647251364
184.16972074871572,124.1774126657263,777.1145879692452,141.26291044963207
437.1620243898794,128.9615863836991,539.857381881234,248.14588937828984
139.27458545059412,58.48659053505425,599.5155404329239,127.21926048717083
155.82743604322042,129.57344873060862,648.7354605944276,122.5298479897339
464.6153038759062,69.40664441765558,675.6400572929517,279.6767662972915
460.4330300318435,134.73760730153867,481.2818053629495,248.56340662099984
185.6343219233749,111.03673100316587,398.12510253404355,112.21579750916393
328.326770752523,184.32808100193404,603.7509876298857,175.63813957877616
212.83200503874343,109.01544386306324,402.0333233028875,121.5870689431379
293.51989118149595,78.83537292324624,500.2425561377257,172.2879760917697
495.9530184124811,83.11385294435931,635.2190911695945,282.3934359400324
314.4967823763909,120.69166319536177,672.2324600651931,179.85397952629782
151.426376166892,77.62306546771029,751.0783426148504,137.83031488402546
229.21902267110772,136.88503619062624,614.7001402056258,131.74030690099292
252.13716110341724,133.12629590719274,455.2033499993957,140.96346593323645
136.20677766619167,140.05931620787737,489.25286384003556,106.03390490938843
269.9009400110083,99.62597960525463,264.8365222158062,142.6000637177778
403.0618153692564,95.09864908350859,561.2448815693599,238.58100292305753
416.82082277943175,66.04147324273126,394.6761307748151,216.7075773612621
466.8187578110056,80.14626420483714,720.1718365797894,291.68217192313756
357.9131389302312,53.991670535479244,640.5955779083939,223.97425728717377
185.83746985722212,107.8678535385943,457.54996420845487,123.71595991286377
379.1904462725653,107.65335465027401,526.6575103663837,230.7085147782675
174.92489791190513,81.9783351180421,244.9690160482549,81.43073221711961
444.1318449763811,166.82287284800645,585.8407922728729,241.1037337668416
329.35690781040097,195.72457830716348,275.35682273462726,151.1820648484845
321.61890314099696,128.95608269865517,276.2204706070542,143.47953890621355
422.2554221691521,183.45749001388694,293.04441541437507,221.1337685251601
402.2924244485654,62.78755652295491,593.82320433827,247.35015818967346
121.81696973588262,64.24580164254293,440.5172976583443,87.54144199450583
174.43385729850624,180.1363514159126,644.1821739803929,118.31225088700127
353.31416948753485,95.85473310564451,360.2647551526922,174.1353091125208
146.67565860482514,70.4975454717769,231.57415663736037,89.82858496589165
213.27506163829065,115.0749101864465,694.1546013777063,179.9979175988569
275.4709033658598,171.79692695063923,415.1925595269073,136.27747617344852
149.81498244309802,119.88500807839863,264.82434043220445,80.48818458962556
302.2695338925688,108.97078890614299,509.0117135969773,190.12881495137287
316.0752320453813,86.6306907610284,355.4693010782805,192.0080415463432
160.80521701036923,125.83074957236435,453.93390481354436,112.08102118585931
179.40437638844958,149.56760194107326,220.07085840963902,89.97291593137993
292.94829862409557,83.72089730673662,521.6147086681017,174.73821448859516
363.0877337232566,110.8714506818044,743.4444606639205,229.5420322198409
442.82556061373333,54.12840470576353,429.97465401197996,252.31669128584485
352.06478892980266,80.11693571195093,592.6966905291049,209.6184170480725
418.28038887966363,137.63920117650412,458.3243532871857,226.18947795308858
313.0099883112483,90.4362433800041,493.8299497168911,195.4751676394536
116.8913624464623,132.25938001809106,519.6151343469298,77.12126713540084
214.28260195254262,57.77573614122532,474.92859121906827,124.16590662457634
131.68469669800146,61.908479415101944,460.89131775602243,95.72452770241729
462.5998113022721,130.32858971834207,702.9244476208517,282.47217553942346
249.7995251022096,184.2426049739987,619.801172561517,137.07656084419918
168.34170527854897,145.73250596559316,642.205393635386,126.44224267038759
178.03095274137053,126.78138100707751,445.3332016489769,101.97431736713301
132.70873945423398,186.43938297242138,678.3745198888445,131.1417183084879
139.74101171192834,104.81532453311846,426.0573215015429,87.97394012259919
287.86680497167373,96.82085756328063,270.6952086538388,144.4422035692157
399.00948869372314,161.74475974753415,353.924940246133,194.37185313827777
420.5032879931658,96.73737853176598,772.2619525567268,286.905126327945
254.61400873258978,186.08988280888448,327.29007955526833,137.58044173175185
116.01219779343705,199.00227810795582,747.720029331934,92.70127658848402
267.60705982808184,196.1194867069572,241.94724654186433,121.29141840217635
142.16642216585439,92.04942741832448,773.0795525299023,133.03443173307232
148.492711952839,176.43515156645134,388.1352203325516,75.88160230356289
462.2665263669559,171.33685904131895,691.9409897472135,253.4717286348106
488.4599808059411,193.28459352932072,662.5073452000272,264.3152316919484
350.36131638292267,50.92133345275701,665.8565686515645,238.67776833603298
101.51770428719864,198.59445802274138,263.02922256521373,30.824550115249316
289.1130925148183,127.84528701161655,464.916081073994,168.452541744467
443.0796825340075,54.29295189851577,322.3112732708228,245.211660992371
135.7745717262762,62.16201855469537,233.1695902173929,73.90575701647333
323.180648400299,99.15987501143778,370.8568846997143,184.10973358063114
407.5378726881911,74.62148529420566,592.8145292194738,243.81029467233768
129.87616932596654,140.7735533816434,710.4533707912628,102.95448573140791
430.24486451105736,167.20434458057895,334.54786373388043,198.25487751651835
372.1509136135422,159.81859193170988,578.5219678980735,223.84182497623553
460.1488559612356,188.00839914895806,486.59153914203455,253.68456567317347
302.21755069982925,133.74585245405473,320.13357289805145,157.78284868028382
460.0791771825935,63.81255469584969,711.08188888364,287.2792778643934
215.66901938108182,82.62177981577773,632.4481051370392,155.138937391683
297.15765294896056,138.4423986515883,643.4630897614579,189.33753090040875
284.70146093190374,124.62530893495628,444.07372217274076,155.67669645098985
220.3212977447755,63.10083825409884,303.09190283521286,109.10549530160982
124.27672862471675,127.56322228885615,358.0500670804997,66.79764611058363
480.28179435531297,144.26372153829251,455.6007365272997,250.83116044369282
422.75299308549006,74.83045524190288,346.27872026658395,220.63610379665548
282.43882563628756,185.3493008533154,719.7342207644307,176.9723114180803
342.5535041579267,128.99481387557074,584.0189568077284,196.14043324944754
355.27925304342546,194.17148349035745,635.8603519336652,211.01642702132273
114.0840746117799,149.0357927644539,201.83102418490114,52.343404220464215
100.15793013914798,133.34160192343327,786.70453801653,103.78107295718537
173.82020001959222,54.53082754689645,681.0398540962558,162.42650993082998
293.25898915844215,115.79187443132827,492.97791692789394,178.17464467699347
405.586333666987,176.7792365643134,666.5083982834269,248.99902318742605
430.440649147969,184.1064431173869,669.6416761504929,244.80689231294127
131.8457928815737,169.54239419633973,789.7835643647048,99.07291208029118
354.9265926179999,150.17593145289993,536.536636779327,204.37183419680434
464.88341312761213,135.59872507965818,261.74337973251664,234.93451340473885
339.29193511598794,79.10652265976192,642.4077648840631,227.79261414974374
338.097832468719,131.81046528718258,280.6116096489434,156.97783162226062
287.1413531782566,196.23846758987736,457.7623878077985,176.5215761178856
309.58052627133475,156.0849354623685,519.2705733072329,156.41836674657188
410.5821580482005,177.61069357519864,325.69970965648406,194.72410966519422
264.75516110635215,107.4830643419225,675.3595344183664,186.93217205567896
267.44124673333044,120.3611633633599,499.2646184094927,152.44639752200354
236.17476092279648,177.6137402891552,576.8796071456613,138.85847126176773
199.94032379957525,161.2906425576,223.52600480171887,89.61854076373102
335.1624849150496,170.00313813845278,554.0039730186979,189.0798947674122
457.66786821589375,58.877596903556736,358.39103481871996,254.66962952588534
303.5444913965887,196.19546654309613,610.4265617548444,168.1358039759557
437.86027461072604,79.69491899253717,487.0456135067543,226.78693787130112
344.8347231945993,105.47171429083969,354.4538807747981,178.4897983933774
220.4277955462881,172.29849555589257,684.4949258846001,148.8122078226737
172.0759652620498,130.66846572782146,341.88037723872344,98.61341573048367
233.08972868358944,138.43217214792463,724.6532341851103,155.7269627788023
473.74670146989985,174.84193328190906,624.9269720973805,275.14086581249563
287.1413363185112,69.26395058150933,732.5162177254948,203.5753104263428
494.53553190781116,95.94195960292197,687.8881718848966,300.6980357691775
481.94684151483534,127.48535741667102,312.61873411176674,247.381430788843
417.7119720819814,111.15409277131548,600.3863559737232,250.26594255434597
364.8629486360559,88.29781839942268,636.1446189130124,244.2672837754692
241.76041497282733,144.92880832847766,395.9209463689348,122.22655815797877
255.75592000771042,89.96449055445854,434.2838058650675,154.91365691261257
294.3037244688211,144.80333900830743,567.1258356770979,204.34910007820443
161.5070298002082,97.34046199801824,218.38914693683978,87.32190562043152
495.5649063279309,181.87454064490666,736.1377981478599,284.7593995811631
476.0681252757785,63.18149489016082,537.5092995930938,276.00051168807295
132.69167654696744,199.63128921868733,644.8477145399993,91.00521473421809
167.4981353530444,124.81959957129524,683.7768352673813,122.28087400953157
454.77560800017704,134.30132726267257,259.0953708570254,237.2199881891793
271.15098633734397,108.22783057484436,643.5739201976387,176.64283786788152
486.5277115553091,190.65828895341747,695.836702380712,282.03233699176434
260.4387499049669,158.69064962128405,373.66908229750607,124.75617156737289
337.8281321897436,55.8589730426222,473.5003266395855,196.46626978791616
203.47435436627083,154.05042147857114,246.1093635348602,100.98237223648137
129.84856850094263,143.89515734496342,459.5191720434712,75.88297354216537
361.88459675784384,139.9079174109957,784.6584134324559,235.2879345935505
241.0012639730577,56.33291269148144,244.56960858060467,122.42577568882662
374.84994028971624,144.4525436922974,400.8059073638268,201.17675146739737
421.2216846956184,114.2356134416242,265.55295120532094,207.06874477051042
115.09021363877628,194.04627279318495,255.53758994990412,34.59764807057901
233.77552633615855,53.35941135871545,701.3637840788485,167.8656680445567
127.13447518849219,80.0348704888107,593.2636441273005,106.02575170805787
255.01770392872442,181.7735028672899,635.7914911302553,157.54703914746943
199.28347498755437,80.0126790120556,296.0654010177082,129.3326511817733
188.83619430327997,56.46492105877558,586.277283781073,146.6720691467953
238.87094682548405,134.869072749602,275.50620739018996,135.4897768425168
152.87252989281276,141.02509165208892,356.51286212023837,90.12366283693665
419.12774695505067,65.65220678696302,355.315262619681,219.6812562090754
264.2415933672208,109.09623725244606,506.78597677767664,187.72694351644282
179.07908453423116,100.88139765883548,505.1948145097417,136.59145159182796
316.76553455039436,56.57168788866508,266.67154593879957,168.48302989569603
262.228402113569,80.98967738695531,787.5138454324741,191.90203315616432
411.3393282854176,184.37988294022549,538.3592813676521,218.58477171255103
200.84440961160442,61.41957608732726,585.6243524175206,149.63190304286232
385.95847326356846,125.53080153746987,336.3442032679529,197.02348037807644
364.0053251734021,79.52114776337184,665.9991013541364,229.91924075701493
484.17929730799744,133.56385617243075,764.0718415926239,299.03971754872936
401.79380854135746,91.56347756195956,798.6410294160584,263.09641417834115
186.20922158743707,163.72455928047924,769.1192189437114,139.47376286981748
341.5872001411652,154.7994585556359,307.34210395864574,175.90267185255095
140.1417586990102,50.37981405196517,373.1134105084168,100.76395827965021
376.8538070338396,148.78737098728084,364.11327204215445,181.0068496870725
117.76272486393715,120.58386653729866,242.1458459968233,53.15138531380833
349.7812188944485,171.8698085258077,406.6642499893885,185.58113188770938
115.9581031838488,114.18501085775691,300.6949458079014,62.87673304916187
362.67211649948564,123.71723802634259,493.824079611571,221.4547136202174
484.74482257470794,103.87166565141547,766.013487837574,291.6059820801228
491.3025685398597,115.289332886978,288.99851608359955,254.9396187689375
375.92001898464804,63.97787733483963,719.1802235003612,233.23812343680143
118.9667118164389,134.8619793953812,678.0074973816074,107.54700294901157
400.6546228242793,93.55808659384914,289.7902752849282,201.74281727835285
310.70358759932424,193.53348431730197,654.8822160368087,165.02301390946633
370.957567886491,61.83006711324136,553.3232924860049,221.14148687804467
196.25538064318,102.5490550974649,535.3576939081197,142.20535858115505
472.94443286787134,187.15976517539326,385.97687894653745,241.76299651935673
230.5633568356248,139.48644951296296,718.5321189081257,146.3174896970347
210.17328354649214,53.32994330858387,559.0292063033237,162.2901465468945
445.9626506105835,131.5455065552629,735.4240804896639,281.6783698869497
294.76605875553315,91.30248204704822,370.5675277560622,177.3429368504638
366.2964059490266,153.05926903412433,251.83626232082986,182.88762975397358
151.8161101787975,73.70485308461731,353.5839950523431,95.69256619297065
442.23722409152293,130.9151434753369,425.3907312645745,242.56207202477188
283.9292092553415,187.7595816318366,304.1011383421125,119.88506871378401
351.2030695502022,175.3169966592189,682.9041966807831,209.4121018119723
231.44255987509382,198.68985281061296,240.7759534859536,88.29693836395813
232.88637291351986,193.5258264926545,651.9528002940208,148.30895191977945
450.1096122341569,106.74639748338377,312.55254993439416,224.04573375467092
496.44190611499107,166.08903199487528,273.57345876317345,241.85748559595638
144.9407209633191,170.78436820842276,250.41600935535558,71.24876820948654
279.93385222880164,86.87708999299059,342.0736861310125,155.27799583003278
492.80995434882186,121.77694118513743,416.03054023807283,272.6945840886772
158.98638883075301,82.89648042057159,508.6693140132242,109.66236911563692
437.9632893903551,188.54368182754413,265.2655024846645,197.4764046393055
118.89941114903948,123.05242224646791,690.3147895035519,94.20240771299281
275.2993926719913,105.51343447803649,556.5738869729522,152.68225062443798
107.49587635954599,198.72232067568896,376.1892647998952,41.63647319546354
461.8798922768998,65.8354856616726,242.7558091224565,246.4013504122814
400.7198918284816,187.39553527504881,794.0995375471912,246.67063300655127
347.9837895934787,138.63044719482747,448.96478603226814,195.5611783196284
212.41487583874192,111.29044810817635,503.9088872745424,126.77786168659925
120.58673039231692,70.98371235574734,396.00658732972954,109.67247816675261
339.7062721368474,97.1402016392302,237.76021032247007,162.99057665413503
277.67226611625756,114.46798058702456,582.0781802184308,178.10129998495876
190.3183953953705,74.97961330330244,321.70192467636014,89.84206809285885
106.94243271202227,192.52977116518795,404.80718786647464,38.49470708035089
336.9895862550732,85.25422898088635,388.2477558942172,181.47135076780108
319.4384591385988,153.26357668280906,731.5318121905133,203.55074171988755
259.86406598402004,149.51969770902832,671.0905360358668,150.4520729447343
459.98910232153526,184.81524281250933,219.57251593857026,217.17782602941685
320.7283333957676,136.45375924700852,761.1657428135625,207.43871690381516
298.6518496074515,149.57960008489823,592.5095727013701,177.39697166165635
373.24942477356615,179.70613836547128,305.85146563692217,200.75931224561077
302.97435150209066,151.1860013540613,312.5204279565543,137.92052737882702
233.33134261997765,67.25656712617128,456.1617988820072,143.97628501975672
121.5500531363086,185.2470655295944,430.0658814757928,63.55632190135632
121.30921898530289,82.852530444494,764.6452612482755,111.58224432080738
253.75559426545982,171.1930046933727,648.6429415810833,159.53896299602584
143.14231038189013,129.33310602713192,762.2817975359351,118.57386745042318
152.9908367355894,70.98732219194572,405.3416336047709,114.07942045591362
306.1987355314485,62.24475699244017,727.37185131874,215.77072550355982
173.50084147061978,132.8249230162712,333.0147586890946,97.32689934963157
107.91287837177346,56.39241311177137,340.6495366881833,85.08060630336047
376.74215262600666,96.68309495492792,764.0662584669446,258.81732476039514
159.9454657048951,177.90819989125134,450.33711683195276,91.19637468260011
248.20497642386408,55.85775652707539,508.02869614671494,168.67675912404266
289.5787728731498,116.9967583796316,284.9685806517846,161.52963224642164
448.7446289810096,77.4732365647628,557.8375079323275,259.1302908352129
113.7638788276889,160.10656370538993,663.2863965550098,94.80067664213655
419.38588084827484,139.9008874323854,590.9010535842274,233.51563054240575
439.12362337403863,87.24154807713778,362.25638679328813,223.88484968083725
437.2794105704792,93.23515524894779,203.59675323847304,236.19311631103443
304.9205897304123,188.0236707121005,565.9826417520179,183.98566984607356
237.93749185654303,145.1942802499136,723.6967076540514,154.12762601195033
168.04641493413786,153.86279677795596,581.8154972531845,116.47419842478615
445.5589089902033,196.94388448043824,546.373828055765,215.41940362916213
305.43421593425165,169.97930893790016,252.0021164577763,142.28594195596608
192.74496653417248,143.32085198289525,317.88829204635533,83.32180379142619
361.4140112058372,96.79584310035624,633.6404107256072,226.1928077568628
167.71150303122994,51.589570082073315,511.6792293497037,116.88667709294947
239.88735514177924,135.8083181721451,549.9299029793201,160.96352514548116
122.07450706551072,58.13547958998366,417.19890890617876,94.87332860587577
158.1870132470851,191.1326721648115,331.06115300134974,73.79649449473388
237.41749668387934,193.24216060133818,507.5709479483749,121.54884780704408
380.80835677934704,149.2077276918784,382.0089683409268,207.7681647277454
336.6702175031685,103.67844752058903,727.9595410881399,223.06061556563765
315.1256728771587,98.74531637279347,268.766013188008,148.9214083947383
170.6986025104933,161.63164285792587,245.83335187182763,79.97003870185573
144.43613793980697,161.6041633614622,511.094679163481,108.60251484075475
437.2320053721785,106.14565373417139,790.877109655655,261.4786764856444
301.6477227531751,83.6914441316928,353.42502474071944,187.80072772823354
295.47374334208257,187.9887756911754,784.8087313054743,191.39805830587423
157.05835218504146,198.3530181470397,224.54120500460093,42.28062090136745
472.01957225861423,131.24660127751886,764.056633987965,299.05487077620757
118.67420234166515,115.45281344157932,331.4815703373822,64.29448689421496
311.04728604199937,73.16406456045686,691.8095764564457,201.7403656251725
346.84288051325234,173.39738000354697,390.95723909982405,185.8637474150654
295.58400025704816,140.73491801801748,405.92799030283925,140.632624798712
330.8766073593937,72.90791552411115,367.5185398323475,173.95008027852987
347.4523505010392,80.4207505753163,508.3507510901973,212.3045713584433
286.6469137324782,50.93305145693538,435.02569808410874,179.7295485266617
213.9699155464669,123.1394526591757,213.04528204424275,112.73514468799426
378.31198876500065,93.22862475651269,713.7248764119418,236.73805523146348
206.35451786518615,153.176318634427,748.5677512911298,140.94287621388156
172.67284209063536,163.53044609162612,388.2869397376905,84.50856517198648
140.06819730200831,166.67083792869525,421.7040181849586,73.28841489870456
288.16428385113875,154.77117781684439,626.2203506044193,177.40685330316373
167.76162497381847,102.57100202062855,354.2997134130183,102.75014324844801
292.36341081013074,96.48754088278648,588.0650403727243,176.41107091220778
492.01585388044526,174.0801762938262,215.4601887236257,231.66911811581312
260.0367991690232,145.02303881519776,611.326461039683,161.40246651595442
156.41605145224054,104.43946897594165,591.9396830436233,128.09471833816247
383.0203781455869,154.80763697615615,729.1804264480701,223.18568078319603
318.2153757617474,189.79836880077394,591.2860775192853,177.2958767191378
393.77557588031345,108.29958369312314,450.3659397730877,223.6355259196706
278.4485400638335,79.29434764315535,660.1429999655451,171.00122789244566
462.89808384254377,155.25288265852043,625.8700141711539,272.62153665978724
256.4803887898511,144.37383565381816,434.85797925031864,150.07898357294175
468.5017288878377,169.18387602798373,212.32188332540414,225.52480878394965
376.8824729851213,195.8071489088652,678.994581982046,193.52594932128062
101.4282292913566,194.80732726454286,354.2788628622228,78.07476103607426
485.54508009606377,178.79524359269598,783.0109169371277,307.50112138122194
156.31317871322486,86.76361138798404,325.34441372050276,109.76327751307953
318.08698726905357,91.18321484148731,757.0578891766451,218.98661370086003
456.7199784317304,182.1973501597758,392.1959294234664,215.86724394782135
432.99749198949155,95.60516870403333,342.73136964574655,206.67326979467268
322.38667809553357,145.04226731129904,352.35759718557813,173.42190299163514
220.7554637744921,146.5244505525414,215.57106597044486,98.80939752827852
477.6378557468785,139.1444852211385,552.6058107418135,279.4386504105029
235.33057675522033,98.37839279659411,264.623938368043,113.7169902972044
423.02116171297183,102.91867801897656,763.7740469945217,264.3284105245893
478.7933717297145,83.78311423673017,714.6137550881942,291.9771735320518
487.3152817620575,111.8520340103639,693.589838752272,305.9604059063243
139.45738755486906,194.81470859115095,354.43786388759656,56.72106177196394
295.39768312343256,57.742689548102476,608.4455120711158,194.02401611417596
355.0747260625885,70.41759946020959,677.6920047376095,219.15887915484745
198.1923185313658,100.34545135314517,534.4207969840227,136.32435595322255
375.83284293777865,110.41218216176395,414.01705835898633,206.36312515609092
198.9996723233241,68.91598000469078,655.1523465856035,154.21458066638047
480.6078460515539,186.89571801294943,779.3965338811344,288.405484510218
133.52507836551246,101.33611374282947,487.66498093891255,93.03028500056638
262.1272933544186,137.97156371492247,424.4381490368353,142.2117806181961
341.03640538447826,59.857222764417926,690.2975104796305,225.6566727050186
283.2802114907947,78.03886148332904,281.7642479015676,168.16048709578877
221.17848941144507,92.08777469893863,731.7259295565908,186.4475424377384
284.27811021921286,51.77370367296927,243.58999778625173,143.90925520757725
171.79973402252298,189.9421442800251,282.73281292503196,67.98096288768609
487.15912339577756,108.92016013453086,423.14382946688477,255.824317303905
450.69765044340227,104.4404659681711,236.82587166601422,225.8735861246867
247.38245871104772,121.06713786909484,798.9381407069643,176.17595576575368
139.39711975403338,125.43853467219056,483.06765450286184,109.75537148518646
355.3833214028315,96.8095247204367,480.33828532911355,215.73184726024195
261.6541375923304,159.90209394848324,779.8361867626276,180.4271021574718
402.7414844401891,162.27700263471843,360.7573000584048,201.5968950551349
427.1115706841141,193.20356730231416,226.5454219444702,212.22065271949333
319.9189649807172,142.92994453880777,508.3705492701117,177.6412203294085
185.55057900642498,147.28302263728,389.49731057174967,104.14287411464812
428.8304612074161,91.74174740572684,244.01806061775315,222.38592303461894
382.20449780079963,111.62353425155081,324.0770352310558,208.13010860708698
406.0091328041494,117.65040796665905,394.2922592893441,223.58513531563392
485.6328759515452,173.5891474143437,706.0299192054288,267.1610873848813
366.2080409846186,89.50839795128742,723.5267165898376,224.70560280974024
495.77668053553884,140.9077271392738,782.0568081024014,317.4118863351037
295.09637814176733,120.96011148616974,309.61403436173396,147.91850786769805
365.9947325250401,155.3020180490449,628.8448819056771,207.3458540857126
350.6670004648778,190.15127828968022,326.42471509398933,180.57191061456652
219.64404963433316,148.01988855461514,542.0276847287244,135.05456030012377
303.79899243410364,68.93227853744216,682.4814924509496,197.7566307023681
357.57658671953317,110.56326585682113,633.6321010798621,218.02915597034536
496.8701229464299,97.6513068586635,268.20057117230294,259.2112818019543
378.1503972405736,139.78014704497264,777.091553425205,249.85173630526347
291.4626058724564,67.14418551835465,606.0663935748296,196.37799749087606
261.3482574576584,131.60733998161544,567.7010858820538,168.19173690752825
222.0959366977672,174.21412743350368,396.26514110809285,121.22913203879686
169.88060124321538,175.780358188614,443.47344386702645,98.90109387866877
219.42477909650364,143.7985475700819,251.71340614599163,104.03999641142664
411.39495672651793,97.00644374948592,388.7628528640963,207.60296835965872
470.905842772743,173.20996774985082,527.4498542303033,255.48172605308648
316.5277398404995,169.69685998428156,296.75999683388216,154.87728002258723
104.15875301404247,136.8820851453099,215.39272658778006,54.62346247073651
183.66432342709035,68.16865019618947,684.8975912691247,147.4407851510172
409.8593945168301,185.03854887579664,358.4040102998681,201.29903324003863
125.58825347365361,138.2042881089818,477.804776748334,69.0108935393895
364.78541947273834,190.83629065619633,255.77025091561978,169.21104539375898
196.03140896330427,96.03391886411345,209.04512112681076,107.6588745097741
361.1697029249899,150.7920126225267,571.7985603745808,208.40254826602308
458.12009463410266,61.969988942896194,740.8379253157115,295.11813308156155
308.80797584384516,176.5948995884304,493.5677892186281,176.09740557198955
127.06355305796166,127.62517152785608,483.22592648745575,79.9106813084434
259.9477793133051,100.73015660806851,477.4507706269101,142.13817056203678
478.86811366150323,129.48772244000725,295.46363636486467,256.474051996709
456.7605550614196,107.6473216785456,723.4649843572088,272.5133102161669
367.4705852919627,132.5335751083399,403.55414419664373,204.52447240382833
121.17012317124365,143.46100044030516,417.1342416004064,80.59703434752583
204.6661455075637,91.37040803205652,663.9913858222601,154.84698305647382
296.18181668015495,157.86214904572194,642.0058843720033,174.70168097427327
279.93393168570657,56.24227848704019,463.01681324484105,179.22212035376285
174.26424878624482,151.08407095337623,649.6839381665006,133.76295406883534
141.29930610283884,144.92312327352252,272.6639009414159,82.83779005340094
201.65592161076327,67.75419601813329,598.2277476298567,147.88614321452974
411.72503100204756,152.39261108023368,417.0070456542235,217.32703755255594
121.3423333613461,98.76850619523447,230.832690581576,69.70577903820043
259.52946900536404,85.18501646597133,610.8149788640748,157.53552133156217
264.1720575317643,194.6724845022622,649.6694016868802,155.1514236316147
361.6918268239013,83.07788844748876,459.8583643740513,204.1681848856108
116.83894390158306,91.6762425579654,707.2549076663623,116.05220479988147
221.1601781166255,81.67768870825364,251.17775693627246,110.31037414821104
243.8498089471254,95.7543932019679,429.99842290449493,142.95117333572193
424.4277471834082,162.40239969309624,201.80614530247288,211.3828197658325
246.86160077556914,132.90792848392522,636.5009262977135,156.69853944212284
411.3806988127679,162.00310847211085,441.4084309666946,218.67798259123677
374.9635254810821,112.43900161581954,556.9723669018477,200.04606845895313
365.30403910453504,138.76292843246728,496.0899271474607,213.77061422602318
245.9927901878963,159.39252603245404,365.3895127710122,131.59125278037953
187.6083082623436,146.5822469545171,725.250124241352,136.08628752825825
367.52916953916946,111.73659237842469,425.6061512860549,199.1658860380391
469.62720584609286,171.03226883064332,597.9675975265297,266.944821519823
249.57215441299218,135.54509648775422,300.1197546469488,126.82112995755325
179.7057460089587,181.44810393728642,790.1477091261067,132.77362588945618
335.3766319133795,122.06934630349069,669.8129182888658,207.19939376339295
251.28641056672018,142.38126497199192,400.15627775635477,152.9516195997511
157.22341148479745,99.8344621600163,549.1311533238006,120.29506749561394
406.7226322483922,129.95106838091797,382.25834166730994,217.55335036775304
248.79307429196652,197.95445505124604,588.3909628245436,133.1570578233097
322.65868641107056,132.49861249539435,408.66370525815296,180.73025072618384
451.351018972073,79.92246174124053,522.1272428751711,269.52468697704336
266.2965535959562,166.00452723323247,484.91218577759156,145.89184304659443
308.8636270033723,156.8538847176427,782.7151365491504,209.931487515405
122.53246135249354,109.27412585482233,651.1554094757564,101.3934763478798
260.144922251699,197.61839042607798,749.0214347348173,168.36498947117778
481.10373047544016,191.8431565286723,537.9250822391145,242.65623308559782
315.789126886757,113.75735993919119,720.6126471698955,218.57356487983557
357.3506466634873,109.49983460694841,235.09741504663106,203.82505057949203
291.44229128117973,132.14570550078392,280.71139948337265,144.76486478702665
292.9686824290446,142.02478504184774,598.9270600730625,183.23141517467784
124.11663056396898,141.5288409675158,239.04969375592339,53.33810858239673
222.4441239605444,180.704928214444,690.5167152120787,137.125526134292
334.9832292321371,128.6563486164373,208.45138646441288,150.9130579149292
127.33536282721482,151.38634068030666,733.5477312797829,105.24459423912825
469.0011002628677,67.12251053239204,593.669645203923,265.64050591380817
456.24700456199326,162.36867950437068,561.8651937803412,249.657048698665
151.74541006335747,196.51399989899267,386.6167852799798,84.35808247887172
368.36298117368415,152.45947814267834,727.1040727501538,219.2689095245241
324.36746327760534,128.05305178427216,345.0324285861182,170.29110668109666
158.64862922104874,125.59789434423541,320.5446543485231,94.47720987794845
311.1278435097295,75.69495718453385,589.7372215901248,181.4783298560043
290.38707548840443,171.49597076652287,251.18258037086213,128.4652396291001
347.19535928735587,77.29588490944639,747.7732644422465,233.6225119665421
388.11744901772573,76.35711934497286,364.951556277278,220.60847084430534
213.66789543401498,85.01283622096376,742.2039687309899,160.18780282415176
428.976592717776,178.14812224854003,654.9551606285211,235.66574133500754
117.88572761651008,102.95095154626674,606.2582608255402,122.92576728721528
332.9194372998103,100.28553630500824,643.4812469146091,199.0873040808878
346.83587642723916,164.25219412705067,665.783997378853,202.75541606788147
305.61963732732454,193.45513706272624,208.17438148289727,140.52052347462129
295.8377222315577,95.35514509236093,312.2497676604104,167.31335579800967
218.7825423150168,162.98825520813165,351.607448018494,123.62239294513509
259.82086484926106,133.45324196936917,734.5945772491865,183.07199379390312
310.3388844867645,101.04655243723988,661.8667976686431,191.99956492352007
276.58547171953296,112.93119871306143,782.8028451211011,206.22546265552546
229.16238199438646,65.95668778964094,569.6848756315953,162.4201450891218
485.71114805429556,137.57909199844696,393.03065049577367,270.8242309818047
243.75896422833097,82.28286094419772,583.1492755855597,160.49679932493063
138.05217090891443,112.93917421850182,513.97683041506,105.128187184455
271.74304949260693,191.59493000036016,284.30183754000643,125.74815872971821
431.80194566148566,135.77389660754713,207.9178583947661,191.54866818006005
337.27133842743797,52.53236086375876,379.1312533813734,205.8981762065371
373.77911174120874,74.32117247251337,495.28587749908706,220.5879602355981
288.4091880276602,99.98041112404202,253.0221704672285,156.18227028632475
253.33144011986008,150.69580493724015,470.1134689758684,126.05554282035959
360.6822999995534,112.67497574806748,622.435193205209,224.21957770378037
305.4821423142757,105.52591602955887,366.52781058894425,173.20199597493053
497.9811649741485,193.48666900081236,540.7934202497934,264.466478578768
143.38604730266806,127.62218526836789,654.5935151148652,112.423837868376
316.2201999324102,111.31335997126652,539.1656458205223,198.72691161063273
192.73316090328444,95.72790869686963,224.69146987475486,110.02224950374308
465.39721600991,96.14102111684178,547.5273085063754,266.56212287990513
494.8226166795843,144.17007079567668,465.8210566404159,276.80124459798526
101.5513602097605,61.120424717670225,509.7875543562982,102.57865827478636
424.127209206026,196.42986774929852,550.2018374104844,199.45123277054387
387.7236760103095,175.3739773282138,524.8570270190567,215.91299131004476
460.51764697147377,92.71994756383205,669.278888806474,274.0639423185033
436.6445310387785,86.51546422895754,269.00921019266855,231.24345161214615
491.58152571188737,198.06151953210875,793.0887146525993,287.6539422263305
117.42342798134548,66.61192535975053,401.16439697601334,92.47936478208105
414.74059671458554,164.66860976393207,303.29718569721166,196.83055421897637
271.8418420495591,199.05033109144532,229.8241077431927,128.62233025462365
118.0506155781039,85.61598332974756,241.05070204868534,66.32497479184478
407.5610012786022,113.19228582430642,722.1189816116597,248.94476911954646
151.63372957727887,67.27404953309517,798.498968786397,140.04078319644967
156.0196860133832,127.18886429970918,250.74949267341145,77.78439849915154
186.99349519259727,117.67379841674685,607.0074165285534,122.79306506813589
240.31201045464195,79.64857850358179,749.1951445732232,177.92448718292954
399.59971863548526,124.96180114072756,208.2958100980708,205.55611643456552
251.5061905241486,88.69624772485861,789.4423921994144,168.49553322597973
200.38492856273086,70.45865258703282,545.0918550184135,136.8801742459685
317.93632500276726,137.69626817245205,659.6634901021791,190.87424063656297
324.13173033606694,123.29245562985163,703.3900339904724,209.73931604326043
291.8225066243715,185.48601328686217,312.7001141583981,127.78558300779271
254.92070157485082,141.30702643614092,550.2912444691981,159.3580248486987
135.86385135198498,107.119986922153,641.5560381371687,124.15071090436342
445.9623840811856,180.98762035745324,510.5903270481162,239.98839073719887
404.3702461238296,121.02762928632131,234.93210856544147,192.70097417733282
448.0269435162675,54.78801883438798,277.19673154385754,250.7750639007148
162.5748513889235,78.82842458862018,642.865589871653,137.09510046146576
121.07400816949747,64.6968596421174,543.40709362597,108.47298438490965
176.35578123549266,117.58207635630552,250.2102768242426,99.44710542554002
426.31714493924477,166.84657694186467,497.23718454511794,251.63761819827704
265.24516378579665,60.32709103463287,329.14356407892626,146.97879550759
390.0390603974843,138.86199240434718,264.07232222999477,184.5300405387728
245.6239832438174,168.96646923792417,420.7104103534932,128.89673921673935
314.7435308759225,73.28914431994471,553.3910643707812,206.657139982912
457.64893737661765,50.95780574575932,366.1751401103999,262.7315678462767
185.39665533717778,100.31495589342448,543.8239515074622,125.15346505176305
184.5432150822312,187.37591644038994,565.4661230137538,125.9650804566688
491.76539989036,85.05858225020825,263.95143396579806,264.1138133788506
209.30473976203885,150.82253200373782,744.2397130468611,162.16326515608213
222.02056925621463,86.63753954954066,546.7645224801231,143.20323228309584
204.40561888406475,169.43846146945754,318.02004825602876,91.25530128746863
345.55753371504943,108.75658575048563,213.2849046052554,175.3409798819194
291.1876962603493,61.98981652073388,287.6991099983496,168.4078380178991
109.45860026635756,141.3733133669152,796.158261308104,115.26131379251134
488.0778694979458,85.16857915308674,553.7981801396543,281.7824120697212
342.4202107525309,66.61534442995685,581.4330677717435,214.63519332123926
288.6548772965656,166.09802482068477,223.23804320648202,115.13510864358258
489.38155718281877,152.8807242564373,240.14689734224945,239.54895834576996
420.0865478406363,145.9850089805127,638.1119509909518,250.94594283219124
446.40523204995577,94.86413903388919,653.5886579302191,249.18306032562103
365.87980574941434,197.76203894082204,568.48478171153,210.90821093127008
426.68203529920413,63.093283940080795,603.4305206781917,254.062260832373
110.70494714497055,109.96065450475778,374.802872479837,75.06849764308217
453.21121355500185,135.669256364651,787.1364887971154,306.7234460855731
128.73724597837023,91.12335513181375,680.9962029889107,119.0575715385116
363.35709570941293,129.68765215184504,255.65379241504212,180.8850572998509
455.41539809698907,133.8726741884991,799.1445981356517,272.91925180332936
252.21427686301277,111.14241394908478,462.8404028547724,158.1697938454172
247.10007679441404,111.0179127874167,260.72376339690163,121.98299704584215
310.5143576463839,104.8914713974677,702.7548892932259,211.21560581897046
133.0584163219204,72.53338732097524,291.1529848208763,73.65025009070403
301.37913865746077,162.33383985930416,273.25577376184935,144.2582416148371
214.42618357345145,130.2597388585799,285.6986698863957,110.43800717404667
244.8656726821235,140.49167748912237,745.6458264544383,176.19031836997198
293.47781999292414,86.76240895145058,202.78182968514628,156.0952476928766
336.62942349445,76.88770260088361,785.0901887417526,234.5137399466725
365.2924116349103,185.9486414939098,605.9357018991996,210.22145871943022
286.1026584531372,198.7881392555347,709.0707915118292,192.01880260712355
310.19972586163226,105.79200477321186,797.7706654978158,216.86812176560582
468.6205669100176,107.86879415664956,416.93788521147076,265.07841388789814
113.62325830481419,139.93249168661436,424.7098360281881,83.43710997316796
337.70411266942574,132.98842151895767,277.7752424489872,176.80043692282518
179.89623524986524,83.6300763441107,757.2851783793809,155.55387241966054
201.7554181369376,178.54807956354227,494.786493955001,117.51619604476736
252.89038901520243,103.37023464958888,795.8060858576457,195.69282486156638
221.30194047639012,91.60243941635088,235.07202443154554,107.82331416013544
273.68881283933285,73.78786558199612,453.74412215984336,172.58373351573593
350.7905811142204,72.16866813191439,260.69867736036775,184.91565513608916
250.98248260045247,93.52075756826738,486.2454796060403,154.19960042983772
457.4788324981556,151.68596548102795,322.8228642156644,222.35915336995333
396.683942993514,91.70363486665084,724.275670878103,259.52333037784416
375.358409483521,159.64380934951757,515.6069233078787,204.6272808171312
374.9068300073236,135.989509449033,723.9113641958177,235.25960683121477
176.66541058646732,74.26342749904141,249.94140383921604,105.13187800622691
259.5071516818893,107.64181426619055,508.5048911445762,173.31138811194342
306.012423565482,71.43475779297813,445.7719804783943,174.64941242291545
225.61636459147954,76.84156114320535,701.9348637408034,166.870631623621
201.35817536238375,63.739359369877,580.6234730925869,154.84106394851344
229.8826273978928,141.9441859732299,764.3232226730121,175.25320795499132
349.7247705324316,175.73356737816312,514.4352531259781,191.5583986548797
118.11235764593508,152.69538359357455,795.6038896022129,113.11507048213186
411.1500329312576,144.4571027710842,486.1192161472931,226.02708987763904
486.08501983226284,128.79712685473623,464.2807224427842,260.099267303047
174.9599352101205,191.267245587303,373.02777789838365,80.6763917307979
287.63576797839164,62.21149376587263,299.5368396198409,150.9569108116674
394.3037267389751,59.43187809431904,409.75401521469615,231.07384877142943
282.6278803352985,127.23728866002621,504.9120829496104,160.44831465424727
230.31124720659753,94.81276090038736,641.6305866623272,151.98374953467012
496.1995516723501,136.60578121656923,611.7576917031004,280.78183589919405
312.12104920581817,182.97636662403823,470.9248974419725,170.95947992480387
313.8257268416779,155.0743828599713,571.8795667739257,182.55966872837547
344.58536174528786,55.88880259667426,235.71035120278825,183.94974649558685
271.7089328061539,198.49066024435885,376.32623970156186,138.85491612177844
280.1442663355957,135.5832154303969,324.2297547573038,143.24545488779592
184.74262800290742,50.97853308112381,654.0738330242314,136.6018952947106
343.1061641478578,85.87730786994648,689.1903656725763,222.6209863753362
199.7624822704704,66.53424583759592,212.99141531858103,122.71171269976439
499.6485030927019,184.00995960877611,799.5817428783178,300.923012432133
154.8767108944724,156.35985157205732,440.73278578970394,87.61351721863933
165.3927927058652,74.62073270692566,617.3380513689817,135.3769782168978
210.81981442578495,75.87941443774909,470.9273793848127,138.56966080429692
434.05688825406054,144.45160265564135,651.6858874266928,270.77721619737264
256.81912531738635,143.5161539918452,489.7131981568141,150.83253462873438
282.0660709238624,79.68426210233385,511.31906230725775,181.69160106094978
227.28844445753094,93.15610645603127,216.10374246912968,125.71411810160772
397.70555595070726,183.55267687016888,319.53314437632184,187.8743449111658
463.3935482457742,85.4046243371854,511.2464392201696,283.0497199191937
221.6052045345706,59.16806998850377,283.9031767825909,127.00909802253469
498.368128049198,133.51393491548453,757.152952217162,301.39306297128417
219.5052715407985,166.9806039600837,440.7498185925156,126.10699593032919
398.66510502421283,130.42908986260943,623.0599223344191,230.95566527595807
430.71159241313177,102.13731891963252,371.0748158824554,230.43838020952455
276.3550673654352,104.18976729567748,547.3732221606523,171.5783564521933
445.04660980328595,138.9495733874729,478.3516371319214,251.37264845011538
467.5351565773073,128.155403056948,249.97583539159743,248.60447666032996
304.0437165059334,101.58879987566601,379.3311878701429,163.6686914349396
200.92691866774555,149.7878648940867,537.757944522991,136.07104356020582
496.4873051508542,190.27411453327244,483.6846165584941,258.872004063758
232.46457938654282,128.01553612338842,743.9039275059494,170.92589953431104
421.8955361610791,188.96948267759996,666.0137696483819,230.58092048340606
384.4230517725111,132.09423184503575,367.1032454424452,197.77552752121792
257.8322374752546,140.8972816812697,491.07750918746063,156.12918815733352
408.9520083961733,113.80647234519638,270.4811237068126,207.10757468281227
432.867184228208,190.99715079068446,204.85546735982368,199.61904609084803
408.4078711672876,143.07887215468344,578.9490909427534,230.6698121696336
341.16914651856473,175.30884730902574,471.2236414606552,180.59075154542006
492.0551742641339,54.432397250607764,591.5436444261993,294.7717671341954
325.5656885273536,114.61449125983964,356.2012609635482,172.28984778283188
149.85645646623908,107.69128165092663,718.0669807198975,135.74554668359758
109.76780153579169,137.5203864709078,210.69198249633706,55.60484282544279
142.75165429684998,70.71511919256433,204.01074269748955,66.57127733731696
313.795465976836,53.07512733450295,602.5179133587084,212.14973286029246
202.44543603985676,111.46213179984656,627.2698497868065,145.02309458715115
438.43192123386416,145.51409777079164,519.8984514436298,245.82522242943637
478.9458820727848,77.09936698683914,386.37502530261486,268.3711373959721
142.6597155009349,134.63636080113548,274.2720669736226,71.07065615391902
491.9963606268407,109.17929590190735,209.3773992470074,248.35380672303222
368.0464999613974,99.58278852169435,218.0152272503913,183.06994345401827
367.5073536405678,104.74027520151886,683.8175105569692,229.39949659340263
302.4483157730116,146.40273393455573,372.0947642830044,161.1863609468339
334.1662131921578,85.41822588081799,631.7557250431531,215.97921223688718
345.3162512833379,117.80662092019557,360.50378228879435,180.28632105073413
492.0036289805441,68.99719246715128,460.3491666460003,255.01667514598637
134.11719455001702,185.23535521685974,353.1609892576815,84.62071034140942
168.99877484026598,147.71450909623877,381.62293511961536,83.06115079715028
350.04136442948055,112.16851842367744,258.336037321166,176.29199642275674
450.20490171012557,181.14110790458113,441.7136797433503,226.07055196147172
292.6874362134462,128.46303831426377,667.9110910280981,176.96512655953717
295.69228321369985,95.15010775345783,327.86565577772456,163.17689333153035
469.1026138213698,182.6414504287964,381.21186148257664,238.6007464082421
378.0170582134303,172.74556903507258,782.3366561911399,234.341772230146
129.82860741224766,144.00596258996256,786.3788492313752,126.53781599256689
437.9055998843975,133.83874669570355,219.3917613566725,221.37553735554084
170.62517425343944,148.5515596197834,576.9221792564806,95.14897674643777
403.45574664555744,103.3486685628797,550.8293813595767,238.56315226349548
251.11798229015267,108.56989620284614,252.94436314306674,122.43892174331494
182.1572807264307,153.1112802196451,510.22933618051184,92.47834890410138
476.390393071151,76.77012636581817,247.12401208925309,247.98140294144662
294.01354968711667,88.4752474490489,275.30844815871814,155.8865234793133
339.3081009829889,138.21524897807916,389.1376196521834,174.28629891530085
239.7606621264285,162.7060255326026,410.63033414072436,119.09416918273602
299.64533090533,87.56802946570589,625.5045717548974,193.55795674179404
382.53208765135594,122.16664990261908,640.109207628361,234.4996118147461
203.01437109719848,176.8455333149064,576.028083950081,110.17479575538877
198.61164849913945,146.76456653106868,534.415870269654,117.74458951929445
230.8451135482492,159.5099291750792,553.2509391307733,150.4485966113092
160.09119656495,172.47885159208596,287.1805287456663,80.95376586768302
254.82736506296163,134.38338153452503,315.13732055593346,128.82636089654326
136.7292564305504,59.06565667262839,596.8645699307765,106.33601385386848
198.7221608203356,115.24673141657156,340.7742600305644,102.1259542404767
163.48710348781782,174.85356193002957,570.1417312424401,105.57221194169955
159.390860925277,103.43851994517937,781.956911102022,142.5321750537629
313.50208549979095,112.94612118571303,282.1964244778737,171.9330578141177
159.03073553597196,77.52574251456156,784.5419951466066,153.88474320721707
268.3715206640798,121.06414861878399,543.6107832399827,178.46868152673503
373.20576550649093,109.82707584320548,698.4722849245421,254.0428663956394
237.044099057671,93.03012485995009,326.12130949956554,136.44804276683027
367.8572801929565,180.39157647111847,230.7572364064137,152.9613607918613
145.57033225388327,151.71430841636845,786.2290001176198,139.05930842863302
399.3359364781845,66.79390997335709,213.23467635106346,209.75966591771038
152.36427524856038,52.96280037312355,795.2100732836288,131.21949764103036
184.8370005057608,131.3490033601643,539.2167457097586,104.1877539856812
497.89637868092177,94.72309947102767,778.4934588241453,308.9509039973953
442.292912940471,119.20968127614415,731.6657943812179,263.68468624903204
387.57748607884866,63.40052716888024,492.25778820659855,237.75525190266953
110.87705049460914,179.16249722058114,372.8637340250024,44.17171140539675
154.41090795632473,120.99169090834546,792.9858071653889,128.48259057064163
438.76639352813373,106.035805249135,555.7545339991534,258.2198955331889
359.2929569000912,180.9365744086931,434.78757298343737,189.08872702551798
331.53392625014135,159.93363027444107,687.0919726201023,224.2373672670917
263.3633121915956,105.85186760831058,295.30690235744544,144.7534450896557
321.1387245215842,175.15343328650275,493.2783365648327,178.8307901804957
486.1021125593442,179.51317173081932,652.8834453696381,271.40318511277223
209.337910657494,112.85573899276889,703.8176376302875,165.685328250574
122.18620500258055,69.40468406956515,695.6037072317235,112.42635205401429
175.44814656226433,158.83530466501213,510.59365886738834,97.66548998646435
170.9934932488174,111.31986162542398,269.6913572790039,60.07181472092131
301.625160589404,188.61109849907731,504.4769129412232,160.16710664921354
126.36220490151103,51.13431370296023,444.41481883457027,99.04291847871806
463.52314295425964,98.10282619387084,544.0513054127566,263.61387586884746
293.04445741250015,172.87250102883178,307.21767640607754,131.8836299150144
143.17503331268222,181.21894867095835,766.9401008653342,106.58974144082333
238.39833342179176,134.71585921175236,314.95364867040576,113.98776799390113
408.0051526794913,105.97291009105217,300.37345270081175,204.81993736230055
281.74581497091117,99.60892329255745,386.9702869650058,166.42815571644823
458.90058144944635,61.77996624529697,796.9364239080938,303.46700653651664
480.0212115443483,174.04870475849842,647.4991477037387,276.81083359089666
415.66121912533646,70.01407904219927,299.96120410204935,197.18627467715604
456.89814935492467,102.16085170496092,764.1823592119656,277.2797624956667
176.4931593210755,55.660692710505614,640.9799365511606,135.80788578597188
345.93172755571754,161.20450372655057,297.7713239064461,155.96123379474096
323.55957039433065,69.17213178600554,431.2132533430515,195.5585002674628
168.618077240378,104.18236734981741,300.92562250537503,82.92073431509053
238.7422914184534,87.34255070067006,313.5879845414139,124.63346251847491
166.04720898960215,75.36214530605281,345.2483577886487,106.34624874481209
267.40997608782396,80.88234638531452,504.7012250952345,181.26720994951785
223.20677873941048,198.5034953115237,549.5935051597435,123.56738580455206
269.87538707169824,66.7594244562465,793.0074908648453,212.00916020188095
428.5852038386219,156.3329277109533,552.7110414608726,238.72591753311195
489.5537206952795,71.0399674062912,240.64773668372737,256.49716860594054
299.2789314387149,85.31634335888657,439.32904139610423,154.80244218127964
432.35898944254984,90.90491258796087,609.9253243335907,257.64188476137343
204.3810666391826,188.2599238378484,739.2787217290987,106.75185200008875
406.7661554265659,110.99328325137009,405.9724205397562,223.59750306060903
310.9302662634507,69.60745651780258,258.6975430975417,182.0967666377473
432.3632487014055,98.16232544417277,773.684140682238,282.39681387892637
424.6541868975885,129.41450759251492,398.6293371246312,231.67425635006055
304.17524509113684,71.2171029031013,302.8027110973677,144.19971323642636
280.26642298145646,75.25024002256484,641.6250336456851,179.84776195343323
144.753431772498,175.3340714365508,640.0005147541146,98.76969404131695
232.2604109974791,90.33041635053907,401.9600804866424,118.57131834462969
371.3950401230598,86.69825265138243,387.5574965460406,207.1825219838873
402.4497425408552,92.05482621699778,441.4331014423557,231.0847769493466
457.1754629098678,62.175393352529476,772.0902232987805,281.08226021000837
289.7547381355374,195.82863358039234,217.06174869375178,110.73285279084867
489.7484655894241,82.57493014226654,732.0585518752858,293.4608288524758
403.8668156946037,123.18505753713511,565.3182058007033,224.42380255856472
254.7902143286837,62.816200101809635,563.8520239046682,180.3336546253328
192.1138266943625,99.81693363987681,768.274077384711,149.5147491181058
329.5225389957998,127.9710036254776,503.37074538732094,200.29067006039185
359.6034787507905,103.16764858415408,733.9170925214668,243.8476665992525
407.9885708805961,137.76849538524743,543.8933035247269,201.84968252313675
451.5671607303248,187.08362291772656,346.7627528428875,219.74938577820788
121.025482325452,160.84045006258862,429.84454035197064,54.94288044941602
470.4405854621502,76.12079085966487,386.39401609183267,255.4671149651225
381.75224455826407,164.52340964064314,490.84798257529593,201.52999450133814
370.2065316009131,74.81051014849746,635.3311576922326,246.76759191708118
455.8559866940018,84.33679582818846,274.07133148070585,246.04903561531856
320.6763725821241,114.66878586234391,665.5532360128869,219.8089278729739
221.08613604029813,85.98387669732057,325.7168384659724,134.10253216382665
363.2465002601589,60.48091080887693,238.2476141087904,191.36809373737114
261.8528276298358,81.82440262801838,417.74689422736293,158.98123087296352
420.86692592886993,160.9711607698606,537.3885175029241,224.61675854442964
370.2709780113615,173.00060383955287,346.8588701160619,189.41673428276363
352.34859107279595,99.2890233815507,361.17041784853177,188.26716559493178
435.35644595961236,195.44931856492744,393.59201676757436,233.60804275050057
450.49689663235,74.80218529471829,615.8413583744275,268.5805420123196
327.6976909437739,79.18333822505961,668.203654107353,217.5398555770115
225.12220146878292,119.66093640492632,472.2000644373561,128.5777751576173
284.0844629829606,94.67708175311245,710.3824941577961,200.56319301608772
483.83593424047933,56.383671072547315,351.9611233357134,252.19608297031644
178.03311161957612,55.32139912698913,356.0121821656993,114.18210429448138
419.763743058028,52.4423556375296,481.9874227029678,249.16133592812898
490.449413015068,60.745786339567175,721.655019751401,305.1284913419575
209.65310390868393,120.5510641113254,230.93786975558385,105.97177900234351
207.29190514428942,96.68943911994324,772.5537209029451,160.75797836312935
458.1400539070687,189.34775617753553,248.93043512773446,216.06466504988168
190.95275440979802,136.97251772881523,244.22117020138978,110.4282724028362
304.65010499035,70.71377443416522,496.59551594731687,191.59841095704542
250.51984331588955,108.09486663949275,565.5087246920458,163.32339823313285
399.15507651714745,163.43918943767625,636.4010547014735,232.63533480581074
385.6790378647112,56.8915020505725,759.5242964731891,243.25039250583336
292.557200655124,184.95032722820827,396.8126642023732,156.54120847849748
407.5301464733693,111.57555867185405,603.0602732521231,236.77057416151172
180.3402419200491,197.79996063988366,251.20132573842426,70.59365615331349
430.7329950999153,93.04355430542329,536.2086333774555,249.22914895907954
282.5972895273128,118.57239596939368,280.66625003484035,159.66900583933943
179.72986116569945,102.59026627850292,673.2093172985856,125.61712455480838
326.4980584649225,143.31358659491224,468.04170075100075,178.36028397060537
240.48152916378376,128.77622698904318,595.1855437402066,141.02898017258713
222.81308421723912,68.71361493483992,787.680241618809,168.47151538113258
307.98654318519834,96.60663785141813,297.2652391206538,142.7697911608407
195.96501685063342,171.00028219519214,258.09165008639064,74.23253588933342
207.25947075164572,147.33253790888284,778.9767346265933,143.5856058655925
324.70454248449084,177.43888475533828,517.7992947167604,187.35025118747586
254.68849428709967,86.79987788842,621.2951253770973,166.39650417785214
362.9160280224348,157.17299963877312,480.52878556811095,212.66597572785514
247.7672307055425,56.92413631942501,470.66090241586716,158.60217949707473
124.39853451380515,124.34341572354184,505.4524622282263,104.70279034441351
418.34434684214807,107.45928584015456,415.0784757476245,246.70742760181076
210.20477366883307,106.10566960434058,431.75222771184394,136.4007571160451
126.24061844574035,65.48897765136437,614.7594215273946,112.39578872957438
447.41732813335256,169.5252081554998,639.1023564268397,247.38725297394078
133.87577112331286,121.24616201477896,236.8770301685858,58.70432708099703
159.39648861276726,112.4751661135191,555.748496065464,117.15146737069276
317.3956765501356,105.59235149805502,585.8989907132523,183.17187378686222
493.54614496298416,64.13147052985691,434.11094162895387,282.4257294918374
124.31696438759863,83.83082490791642,465.03648582860137,100.50211562260935
170.815811589166,155.32514273713846,699.2973820475775,131.5625647532587
236.52052637504121,55.99118490485301,762.6796901798031,184.68057231828737
171.24989896106504,52.71774689202148,427.5819555730199,120.8309458558956
472.2279127296784,52.363861370792854,418.43591466205845,266.36510397102546
426.7279832626413,64.5491343676616,542.6542749279389,261.70764099481
437.03117890175207,75.16807126626868,265.86181034277706,226.58880466008654
434.82656267481167,88.06973665343628,521.0694118156405,263.18510880252404
456.9018141733583,157.75088627361407,272.730149040373,228.51829717542404
119.39628078316242,187.39596475562516,697.228620279494,94.72952164696206
320.17665781339747,118.36890989922111,511.1745589168344,194.88722726096617
399.9644691356695,110.85539372127175,564.5545021991152,213.084929690325
342.04972821458966,116.59493966743386,794.6870802398187,229.65773129015207
253.40525221855953,89.55740200228415,506.98423445083245,156.52810591622443
393.1812083732125,83.55300205585638,561.2408751562846,226.37418653360953
286.0149794714362,80.14412992891431,591.7940816135729,173.14895959820345
358.3065076089931,161.29347465693334,329.95885533377736,163.86075573414652
172.2596847701564,105.60994573158644,416.2131926975189,120.68051826086403
299.34038947478587,64.96596551148124,730.4487468985261,204.52695548429443
241.97931561293316,173.54454064635033,297.6972952925057,124.93298274768104
321.6451509898724,81.57567828676115,750.3887103873849,207.7508050329198
486.73166821702506,57.30117432918975,676.4646762494717,311.06515991407457
380.8655425311117,183.90606076454426,412.80642490156066,197.17557853725287
465.436493998252,123.72717041597919,568.9389904510598,268.88179889328967
232.97792983801844,65.3001484375194,410.342539942386,143.24593402902892
427.1477563870962,110.59765943074586,516.0299956270873,242.63897857737774
434.41017625937087,82.39717460639909,495.31239734406154,247.74477517890827
451.96019771632,177.33760950137037,626.7054243686484,256.038315928276
151.97045557106566,122.2018673729953,690.9108082229984,110.51867017514685
124.0117683430237,174.9210224831057,695.8883351253019,99.97736881867571
378.47373712576405,81.22864414322726,221.6750092804136,199.40113680014468
238.4331666556081,175.92533455660487,689.1185976430179,171.0479263571833
434.1507874088317,121.54310348413627,619.1815450512377,244.39894717656813
406.0075218401394,191.16301321120005,593.2557809182667,229.74921214862982
219.6368984292595,150.7451378580269,683.4944453128754,146.30595520320898
391.9050187721909,58.92318278485703,619.1276503958602,242.80452150832815
327.6342140791671,55.004146573170495,797.4230277604486,230.50708397898737
391.03760440609267,166.12584287224018,763.5660374294058,225.06234033927817
231.49351191621733,74.88139279690132,406.1308505832718,144.6344368635701
496.09006538716824,75.92618980174501,794.7680221697818,315.7976831575567
253.38448210340863,161.6134357692493,398.65944666398514,135.93409231625847
241.76272788038875,125.8678613340155,569.6078916582414,128.37870660565977
419.0379773662812,156.82094786256,603.185748029897,218.00202446305178
325.62925059177974,162.91381575609762,694.9881024162426,203.98736472034204
264.27227741772276,90.47838674043538,634.757526015059,170.92897166103688
159.00286857461305,93.89447374217005,462.4958383464766,114.33907512150512
367.9531990595049,180.71244238117893,487.26093819647684,203.55962117238624
469.8672515249701,158.5574917201135,354.6067016901832,245.947379282097
274.2160883110745,79.54882605518361,328.6995441925185,160.0108464716014
249.6398870460558,116.7722658984605,337.5840657662982,131.41711279977497
323.6169685749991,99.63843290834349,385.432727862644,183.4855380712579
303.65077874018243,168.80519532514168,530.0641478709315,182.78592706065243
311.9426841911144,150.36144431581542,615.5099595707713,173.89436370841986
437.0524831662711,87.37621333114143,222.58132932350244,226.14921324779894
203.4139665301831,170.08286111312242,505.70068923496007,122.82444735635268
321.46209840628546,196.07670657111692,638.6912884045679,196.6252191636204
431.823254091711,190.6892663364162,763.2383598214293,258.83201163700267
203.3269930704559,173.76257956629212,510.95212806948626,124.65668844716161
253.38423002424278,82.74316147233955,495.4101934970526,150.41204513474128
474.70558638650476,188.39920636303398,335.5971877240735,230.25662148018094
454.7582648445146,155.0067684056403,752.2332162526012,275.2881880055753
496.3536717658651,194.08566320394257,352.2472898144008,240.18770960104243
376.6531247344788,62.12301178129446,408.0051875532655,231.09890864585884
211.1936273459106,156.7677052663651,772.521434965481,138.45959979644968
371.2671266187561,108.72796697206253,211.9780954854169,186.44096691913293
158.83622577719683,155.27367360443458,555.2375590808101,101.60563045199191
433.3007082015202,82.48982612522512,367.65687047666705,226.5674530301676
357.38970613228304,194.48671830333257,459.7701564203198,162.460773773575
414.73222860257783,168.54295445930507,217.95554825046503,193.51226296401265
163.64260828352334,180.40169111688118,372.5799853264428,87.74959507522355
482.70483276305083,192.87528925805677,375.1673910250265,256.1705775495418
175.9602801677707,168.4008754473581,514.8415661158799,104.35020966523845
190.44487052920942,62.00393516017165,596.6423430671077,153.49328305925565
391.3755344551165,114.37934811614844,462.6951912685393,228.5250565093466
305.229050843183,105.81711974076701,314.8518442926969,160.88856801218853
307.35835225630217,105.79657071618347,433.9882540902214,163.33757996147793
472.5965696665051,147.45879774723477,580.4614815496883,266.5929213183407
306.06516649332946,113.40057594884952,722.7788067243542,204.3006875531503
478.373845888913,176.51753129598606,448.3174250066661,247.23528991459247
474.3789470018547,62.46487553858171,775.5285719542144,311.3587062823212
360.1873707544518,184.462726904852,577.7527028428358,223.77059317880654
252.7477362906162,88.36317437077489,577.5768786106571,172.13091000906425
452.9725641169077,63.529674156164376,226.8988930130318,235.38594866296464
148.35766619573008,159.35657830415866,211.28932847365095,69.26385007277649
264.6837336376811,166.40445541648427,777.5421374660303,177.35492860288994
280.2322839330551,142.79572409842177,393.4410994665411,142.8076091702926
263.82412394234814,113.60569793246165,355.4433837770889,142.30260874928382
403.3120944761748,126.66744119863374,407.4249377261325,231.41463389545083
184.52701520654517,176.43370014807428,572.4526663298082,128.35263316358467
359.04993365705826,131.47311012745428,676.2877708290054,211.5789137528328
425.70698606871156,190.8184749760597,750.8472291562405,251.9348129933475
315.47130752587594,58.48432369395398,327.0159814332774,184.8943083932113
443.7797341013915,80.46223574936704,408.88561382348024,254.9846389868203
464.3696539827009,164.30000164344222,236.90934345992096,215.6660584362751
185.6326299976459,164.00745707959456,520.6928563308356,122.28021153258214
251.05209477950274,81.55421909265281,715.5383603970035,170.88355137241606
260.8619014963211,126.25098423093887,680.6244152413436,168.68449261555335
190.9758833489325,86.6396974507982,650.655440408352,157.23544281158044
114.0293654670697,50.53131524632869,603.4855359910779,99.48320475498672
242.49837264449425,154.16349967739723,576.4175369541615,148.83408184670844
192.43457139563765,120.3139210853167,393.9912122426126,111.75002283516795
245.20759443865163,164.07187950535462,379.8239278495387,119.75455778440262
188.77587938784586,62.15641933704304,410.326878477876,130.6204201382713
433.6310317453393,197.21459995406752,586.935388692691,237.2487029330121
316.79527683762655,58.85759428786048,523.7055691575715,192.44644125641994
209.27370920799206,123.1559291123166,504.18755586240087,136.179209884589
298.5339319880502,182.1758515445892,745.4961818663757,206.26127511984782
235.09543027607123,93.95413028317725,330.03826522205486,136.69265572947643
269.7334749235325,65.11147298518813,644.3184435091621,185.79855269399098
241.3390219480239,158.62226916575696,522.834171138043,137.96209819279278
229.14606757586137,145.63103279307109,472.51747305729685,127.02681570697929
257.11695605574096,109.24212220694108,598.4535182855241,162.30217572630494
450.3930343974417,109.89681804246422,586.7437407791297,251.56826003680504
268.8763299509391,183.5422372632701,228.20637107190993,126.32430854322978
305.84953020860496,155.87173747989254,697.8476750349942,201.17921225958304
263.26450409363423,113.95242753891037,693.390198954338,182.97310936638098
196.97868301056894,167.26379008355596,486.1793799533141,114.3201016060492
259.00721087875024,144.83385892712124,576.2642180813482,149.8475248969168
274.0490408328484,143.16141033014975,494.643478702219,156.46191139489605
261.1851276365783,55.41834314450711,462.1240367405343,167.1854826434178
136.4210681325897,132.0444806350987,612.8730317249431,106.56801614247746
105.78397188341265,119.61358886562337,554.4580775281229,89.79348644134359
365.98824589882304,50.319762967441186,535.185194059749,223.6235966334681
231.24678837152794,96.24907637845234,610.6898320467152,155.1619994742294
132.51342269731657,194.03738302794855,649.4664386282345,78.63330074762766
129.26619048371447,151.9089964649358,319.8717563700943,50.984269341016656
153.4349427227158,125.17819821969603,778.1017401018344,114.89372212946115
394.904129023108,138.7931450822827,529.3547141744457,240.30477013865695
220.53868612268607,106.1264387574672,799.5008167278077,166.26941422912506
175.81370771767263,199.76951194634407,668.3649837176538,121.05058556136376
190.74345557584803,127.00069924723809,561.7099740910676,139.81153956954344
434.4656540675111,175.54540777338826,397.3719288095859,211.26545403779838
384.20512529329886,106.57784674786328,595.5783679742183,234.328364502667
454.22647348886983,128.52969944710995,226.57149459120828,220.52166225158481
191.05284193165033,116.0002987915496,449.6812553922325,108.6580289795957
464.40601468122276,179.8645067853267,434.45700963724295,250.24750239641924
156.75935323087953,177.40829351279692,799.1583177388732,101.60006714241914
164.52442466704576,152.77355533759527,403.26682499935964,92.8203429059823
361.42982032792776,50.77252018013749,741.1460116778519,227.46056710351894
358.12639368637366,151.49617725258923,784.0237970337761,236.08122602291957
461.57399264222363,122.15935344453426,793.5327276186059,279.32424682980104
368.48306711083796,188.46515228517555,776.2543757951646,240.27110064905062
441.98543837484095,67.77667360116477,212.48946027403645,210.09434072691158
447.0800841649619,152.9762478030052,798.5469743547907,258.1913978361707
320.08185549970676,93.83921482860333,642.5287562541796,190.63118379705614
217.9045863285487,116.56594580562782,758.0332886013903,159.35727640382436
266.4736248422598,73.23067568172678,762.9844746009381,192.30185217227304
103.1134064022936,169.0555308633829,560.7454936870956,74.67680024141328
360.45526351570976,89.4143735282235,749.1773985926055,243.20564557869525
325.5232370657717,152.36245187350488,721.4237463710175,204.77802386331578
163.19765714209416,121.60425567814782,260.2636245775144,83.60474956384542
424.69418202737035,194.2864935514604,457.7170662211031,237.81184156622987
417.47273256064534,172.64683845589835,313.2125192806321,208.7051040947937
415.54116554977475,162.16650386099622,570.8708846644172,220.5362096834496
253.792703390592,89.06118254765579,509.68745226407435,180.2216069047257
138.86560258827626,197.41704654005878,489.7743841645798,90.0923576995199
182.03516292798847,195.5222640781949,616.556926465447,105.56571824573768
242.81547693307454,101.62182107878013,334.35756553752594,135.00246307690688
326.1457042534048,128.36884928431166,384.9873697796704,192.88344930162492
187.35252772743385,121.08212882825026,467.15529319993533,127.01998421776037
322.35506792607305,53.07762247667942,481.2276684703245,198.96400847519828
357.3111283708598,194.57504764953055,364.90628935979396,169.87941822416437
302.6083035001599,93.31585910389983,469.028267143131,179.96610405588552
263.51210085298254,80.71444390301227,252.7434923075245,151.6474807766059
169.84623758281518,138.877515809053,231.02903988039128,81.65917723525232
335.2356065190137,175.63345785313783,702.1509734082717,202.57228732976128
175.2682275176802,100.8922032535493,768.0918492927468,148.9891566843552
172.52017514093836,188.82766634328556,478.38687340198635,99.11199852581281
131.83781407312006,120.17395899347429,754.2645505562753,124.68044076811623
193.81676876681718,150.19098495967168,586.3848969848395,114.80232930986769
474.6283770607881,176.0458313506201,478.65984466352506,256.6241428971999
279.7979437215475,57.92381043074363,770.387046734614,197.88105589851259
278.82395991568194,66.51774360418877,203.43315488888229,143.81256931404013
456.9819391880078,152.08772691951577,498.02714120727825,252.71616466498205
468.2151182157654,103.07625526323307,563.6993506601625,254.6367106473637
218.12875196335392,71.61778112669887,578.9358287954032,160.21075283844417
106.88052789134383,189.02315007150452,553.0359325719309,79.71725935140852
126.62775217876674,167.86357121652748,655.741491729158,99.60082693800808
492.95608987660984,143.00279388211203,674.3643074198051,285.3346461679882
438.565102712915,173.82324137559868,760.6060489114391,268.2555651495566
214.8418674273567,64.64572652190454,303.8529626903362,132.16821159861198
187.98890543675537,65.20749219316016,609.1478156735818,148.40469818485946
273.3780853394952,138.18251412291866,368.1141266462254,145.7734669928797
358.9655695109395,160.6630508096378,682.6599143158702,221.73415359459113
408.937882904242,53.105941850908124,619.1765101173953,262.9371963901596
455.39263319675285,155.50751214348463,491.58291818941353,243.00650788222248
424.97703488147494,199.92104907131863,217.29984059126727,221.44739167028598
317.23157462156803,163.64305002812478,616.5407176836945,175.39696038639426
320.4072429781628,164.8450375432938,471.1576871909359,159.51479191748044
120.6770975102375,117.83575733407245,291.83058702311064,67.5682784847662
112.21805371244118,125.81099143512571,748.8836084488611,91.4563018803907
496.16464742753357,166.7880995236682,741.9506442249952,315.1994086044289
190.84233429263872,120.00399982043203,726.8533914226434,146.9578855957248
275.8844699152763,172.06094414293995,490.8911210575352,155.99240286390213
468.2466388824402,196.61362983623675,749.0057181461215,282.6700514844656
115.1693541310689,171.67251471507498,389.90517379443565,62.128217162017094
361.00888703825495,162.21112969572965,695.0625821307115,217.81987432790294
355.4867918530331,144.89836039763475,528.4676805065723,206.07445572401505
466.7500918078177,98.83550404847645,563.317441395591,274.44852270749703
475.0899341033066,113.10916139254446,790.5139670455758,280.2889331674641
278.4437871773226,196.879468879577,405.64375621037425,140.70003351496354
246.81043083740536,179.31180105991405,266.3064032066518,117.47911036400812
385.0896288310406,178.13759205288216,408.158133161878,191.45718615518192
242.69591467081315,73.26712049803089,669.6661617052393,179.2749623814573
285.4378323161266,126.21693778056347,545.5730248739958,166.03788499582075
245.2176380414997,125.5845047241965,289.7892838364921,139.96997126556352
409.5784953694595,189.16141644736857,768.6074528300575,241.04445656770517
129.20769377381447,83.86151382435813,289.9248709996118,87.34579560946335
406.29056115114935,68.56060396013092,312.11243312080387,206.20738572769392
294.6970257028594,93.73357619796644,323.79071369156975,150.08261037766067
255.76298077135587,135.9487453415119,205.65177382429368,111.58951597100963
205.38619049349958,74.70240576315517,446.0636738551433,131.2136723007929
195.69393674133238,181.8188937956046,783.4555493616878,138.87138573662833
392.50727138572876,80.49020667002725,241.42357599643674,198.08668982541406
322.7456683212358,73.57841889335498,474.97314817493844,195.67042451736538
129.2372241532027,154.62850206585463,530.9558186592376,97.46009479256074
344.607848930147,149.30844829576444,291.52798056574085,160.77683629634677
474.5868653475558,180.3533587823699,488.01259376350237,257.5108323511721
264.8805104596749,114.68931705391999,325.8859698405401,142.1603964659627
389.2151313145362,111.37524393059711,466.863778750568,224.96775829276436
298.7970146183062,67.95386937856335,473.549470840665,196.84008702454247
247.0982407904429,79.73777168205021,701.1452394754149,177.4929490974687
424.69768385986566,153.8012168466361,284.4728175960184,222.5839140189178
225.34134937566446,62.42456251289179,225.64066092466732,133.34719393731635
495.5962515056923,99.90341172460958,423.94619049005695,277.42373550135943
342.9964867814233,77.76907060437671,570.1197981779821,209.55819639455964
129.94046792403765,170.46493272561844,272.7167827197186,59.94120975578423
422.5409251984373,71.68290885301516,490.610112638632,254.1236091540634
389.9132202705471,177.9441590537186,498.54174375943705,208.80987803324612
357.8620118046159,131.61565124503642,479.0783650754477,204.44114836507566
242.08129582644048,138.5763443024262,665.484545505464,162.6239349716701
320.68145759637326,110.29188487781218,764.0089952719436,200.08850723247156
410.90695985349106,52.34954641481038,684.6661941282,267.06041604566923
377.0459660666544,148.33284383891493,287.24706772885673,211.09961753346712
454.4687745938914,153.55881210686312,291.69823396524293,231.35055407809702
446.7580583877863,102.76043876722207,621.7049869725346,268.07760201815813
473.43826159831144,127.24138031441412,631.5040202258656,257.01244174391604
244.42303282386945,121.1110237921659,562.1989172294354,146.7899538867913
321.0463247305952,168.62449912051522,596.438515217555,189.14470940770357
480.5714797227206,84.24246053156355,242.9174926548381,253.96414844340387
318.75377030349637,183.4855802837916,657.9166890360189,193.9560301804433
210.19939973274649,168.41129549250246,636.189386006516,134.18488178317725
418.43965177882944,130.17892524170412,296.42258082471153,209.30706666216915
238.56126495756723,57.5236092629665,232.36231799708085,126.12647651669322
229.14092366436768,150.77377624216228,436.9989188243095,125.90614627024496
407.621862639168,172.58875004216597,282.667226846331,213.01410455669333
204.15780429690847,85.50843367144358,425.8596972186576,116.7437344275553
288.0347609878433,87.20133893075501,552.6466096363806,195.98103983936167
428.52324554300935,138.7340133034299,656.4839009601035,248.37544994267938
259.1273113848732,84.30151908203636,603.5183780117248,190.38967235668784
240.1972799761877,53.37138462857969,287.4137502908354,142.12385817296285
181.42146656846356,70.61981049496623,464.62850800747736,114.08929720199494
297.033196319901,152.84040778498286,663.5675279668772,181.5234904636096
176.55092519142647,134.79037246371936,415.69355735282346,107.90148623381151
189.12472567425635,95.10439152080974,581.389724405262,141.74309185570863
199.76126226647546,118.20025498859442,649.3221697545832,145.1114993323283
226.7330607287193,193.79268181849423,527.5139360310811,138.08219486200068
182.7332147820882,62.068226595365715,713.4445867192835,151.6732771786454
264.29653105749276,167.0521841859667,252.3719138414795,131.38830975292225
103.96066953262616,88.41029581748376,377.5867470097477,89.47289409429749
271.18049101757964,105.18842015188807,322.46903327246935,138.6796570538137
439.63317304655465,57.13099537893935,235.11168160469109,223.67898817300153
215.7809460462144,166.82500966132028,527.0266447330248,135.59756542922696
132.36313548999038,158.8252033943379,541.5876538049592,86.63556578774244
385.42214071466566,99.49824559173628,665.3138852547914,243.99062422470163
349.3501556165643,157.9051905573354,644.3996674261489,221.23216822242136
455.8795430460327,57.4823549975424,278.15156211560236,233.9859592953144
202.3276367472006,68.40112926241964,522.4042249214281,135.44023379683105
290.5133523149499,128.15393749665685,216.25216659854038,145.6197691299987
178.27577915128808,51.02301577317726,210.76177047976063,103.8795471519003
447.91773556252815,118.2938677328511,616.8171448460691,257.8214226818812
196.23340793186946,151.08899882410967,796.2184876845005,134.71237759689456
254.29611307642722,103.48631994911258,212.25496035068,129.52426558460192
374.1650586932199,67.46875464664618,644.04569141596,241.13625940929225
452.5651431548231,111.97877543303281,506.71305228918453,258.91457690855503
310.03904086852776,174.76435556013828,451.3392776551542,187.23724599700006
198.8684548177905,156.30729297528762,305.5595896698277,93.47448362134354
403.25163860533024,62.084848353423055,399.10352167826363,210.05705001561932
340.3720537660634,134.7678867270977,458.0546597948435,197.50706448458408
492.4775598423286,142.20664939903477,429.1848080262881,266.8862000873158
269.6790349634852,165.80855048214192,289.1336073170751,133.44251861743555
201.83896664108102,59.076885885621515,296.1175663313569,123.88027852836662
471.70504308940167,136.39361613470416,622.1834904985628,278.76495576192826
271.1001463477334,113.330981629222,674.5361596569878,191.5281681543467
376.31641738911543,57.493635524139826,306.037446417703,221.3105960830535
465.5411112655468,188.96709823545413,204.16969613958557,210.4171587275168
318.32633078376085,178.78877772635386,346.63643708217717,137.62553599477755
229.71036842421643,126.845350053173,484.60738661827025,133.8352895841648
458.1970043198504,141.31769140885075,336.26432029760804,237.10281005214392
380.6935331157703,76.83225552960523,754.6083590509922,244.1382238297577
317.73366024853743,148.6744005228116,433.64285065807877,168.98170612258434
147.448405665385,94.2532019870601,769.1158393803628,128.2313658433735
494.8968128313785,197.30311615088146,796.814316368202,292.01846860997875
158.89660517420737,177.1017985059832,374.1278176736773,75.25279936578613
431.9374087482855,164.33097808554885,484.1581741075917,220.310861742055
270.4364007506251,111.87102508492211,277.2050286199101,138.8440253233363
286.7207007225208,68.7130483746318,467.9773796775799,175.4433725320439
143.36776008092667,158.38391768266348,515.4211051037471,95.76599168657756
159.3319437161634,120.37083488614483,558.9038355624409,123.46188865434554
114.38186878779742,51.22665734508986,788.7480745608135,121.97269508388337
249.8001959899451,183.1491538170802,500.7205869817271,147.29299903919096
280.06654374903735,50.01822399164395,417.6052948177594,179.7859216099792
173.75018605014918,60.52423735494364,557.0570390077123,123.53722059712715
242.76025590896379,177.76866090789986,782.1470810351057,166.91122370580652
447.1940627044454,59.14951536192484,778.7607252198982,285.91508559233273
218.94858595954418,64.0675479403294,274.44104421937664,118.05081210400597
162.7800881020392,100.97677134198327,685.6791943246745,137.87166656929838
217.40766952649227,51.49573821741738,406.8944158524604,153.97980932199997
323.8910578441669,91.39599787847023,726.2172564901404,210.86501474839474
192.744281154627,160.53950592067014,671.8823107461158,133.36578458189157
186.0792452710595,190.85336983235322,534.9666310135572,114.39738522238693
215.26952012283294,188.97887460422865,752.7422777131696,141.97870782084047
107.92801512807829,84.82608529430573,365.6403189737067,76.2734684012446
331.17986530888203,138.98546022019835,450.833331760952,190.53799114770226
162.63860305500435,104.35532670070012,591.0985170164903,106.96192350508427
482.1223561700973,185.71442713650507,623.4810542599444,262.91216094654374
464.2191195939706,57.12083117079019,418.16713387675736,257.5002644864792
205.24105027524234,195.60271675663,568.309141893822,103.5467870050037
273.78583326856517,64.11742306909684,218.40511498495536,147.14902651302646
278.0007340735598,54.30478648231081,458.0997051259406,181.0771068908401
473.5712241937091,119.14333307709317,232.79289236802947,220.16159079698633
207.60439406222085,120.24720196566045,357.8053188469794,112.76783253579121
395.4660513025783,64.53172783900357,772.1739758699964,257.2798235728836
234.91571593863844,182.23212177600564,531.399296203519,139.1284135050283
282.7255884605381,184.40367583818082,677.979858507688,171.55127972936296
131.45757763348817,154.33778804125154,721.2428175812365,118.22921253708722
498.6095227623625,144.92060448648976,213.7389542793762,256.3193036393406
199.99432694265454,64.96278245561206,586.911006328756,147.77903637131138
108.98756806504149,86.15985797127479,722.3466315574454,102.45319886893192
302.07461267962157,154.0137225593323,392.4218539529513,150.32451266317508
415.9772123981198,74.26790604053893,267.6220941418537,216.82514177773047
161.62583262639373,54.84290583931489,313.1201231057929,107.7209297869525
384.6860440341149,56.496722529251706,773.3246931682988,265.5285323296132
189.14102082564784,97.19270519620883,436.5658068317895,120.69884071289235
148.31470753191184,93.00540652335988,604.6189656899293,107.39764813154308
436.6621997498199,140.64316624727235,278.0362280240522,196.29996404904642
390.68306714982486,56.51116504363989,238.30811782708054,227.43223546787087
437.29332962186305,54.29351706565029,339.1226382465551,253.07791895285436
390.97456229283983,82.61004635751041,314.2774130154643,204.4392546974864
422.03002151924045,98.40630605378527,713.7763735361555,287.3472458738528
311.72684341834054,65.1063383829944,546.5384222579373,196.46101038705837
223.06924961028324,59.31461781665817,278.6986536030101,134.1672837757565
418.84419001113025,78.20842647480103,305.2153010403652,224.3386466559813
377.6284115756783,172.13616434765967,508.542238774128,199.0197641458293
326.31296128232674,77.97783783869507,701.645432047545,213.17618339920162
158.89601319438165,90.21047778833167,346.03551163446906,85.21184656452111
346.36446218420576,101.19913499283993,761.7046914946565,218.3343620830495
160.85055931490015,52.24184134764763,768.7048395571771,144.34445976303897
372.3240150543168,82.16907800708145,791.2645968795608,237.76363843564658
253.51582453622967,169.11144945741097,434.8202134609759,138.3710078266116
159.0326729523447,73.89945046427255,543.1457894607961,100.97262320780877
148.29808408063005,149.33325679714835,433.71340530042005,72.33044113888235
456.8862450549473,59.771032948612586,349.86062108020826,254.67443095814377
472.0143865779522,52.32918436011529,757.7887864907356,304.0032438545068
364.6292806525976,163.3491746475289,265.32699073043585,191.89351223743247
236.89986977988275,81.72613413826849,600.3329732095119,154.88138621683882
364.254972381531,158.02424978073083,424.98374634186854,189.31461058989356
204.5576175355892,81.2485504684366,552.4469369411174,135.66531541185321
148.10930423114056,81.93999806071967,605.7242381375885,115.94101144498231
496.6571552459883,123.93878971135113,602.1267465992503,298.2735136566678
102.5750298784776,137.06546028802626,705.4207877522308,110.3499439509142
103.68657463097209,178.88065908070325,462.2041581921363,38.51958357738956
318.4268847678398,118.16398910738509,379.78809180543385,155.70660203585098
494.3335508366995,51.79488828370953,480.55352716423863,282.74517596039465
315.3074252821329,156.9677750396694,440.6152557148996,172.08447635073733
341.82398873296324,50.144249039460696,596.2996325893607,220.36161409897062
362.00581249168295,88.87244444409964,341.355664162248,208.2158826704443
287.9935295506764,58.07268890571703,611.4246422256427,202.01744502993128
211.01096289600162,90.76033182080228,465.67877850364556,119.47398572833407
325.91335981687246,189.734660722727,746.333329407851,186.68515705739276
183.16953959655763,129.94447565802187,343.37642020563226,110.17218193102178
103.25025033869491,158.97943302320527,762.9585189631772,89.09951469437631
466.2980218392346,108.14669225682235,492.41290253869533,249.4010781295012
235.25341158606471,111.60814803861587,255.50216551406382,106.28055127115123
299.0791329035769,60.00470289915206,558.9872132643225,169.9930283326094
354.6419303367911,69.2231968670329,548.1545576545132,209.52755191572336
298.8441359688723,61.46255490600844,246.53960898645335,163.5503666967003
468.2817163186374,154.20715696174506,694.8386449958001,254.44890664366986
314.88802580919116,132.04355634935203,252.9376182774771,156.93629890963064
338.5196042580138,180.02420612082585,217.55834545225878,165.17619713275437
304.63871261150587,99.10666431607117,543.7717152309717,198.73120491674612
102.7520032898348,76.44854851497007,271.54689048913457,70.4525199464578
197.1528750827278,99.85373784815982,615.5201621833919,153.46799026640608
161.09918760757432,160.1638785122726,535.4889747908194,103.22115522464891
433.3923808949322,68.83542382510969,308.1157982243369,231.48317103335256
152.58143359481699,101.97881675506142,601.4723892618729,112.42880133714237
475.4849082485544,70.73688661865091,506.4298979423429,272.04974471572217
145.3755510860941,107.23283967449571,238.45712904141496,68.40158391198847
320.7185029363428,74.80193694783681,501.53178078029555,202.08350174788342
142.94503659036394,86.71679010839426,448.18731840866053,91.11845123545176
354.72427805001246,181.02021858465434,345.9291403616722,173.33653118143155
241.34232590731438,144.4862390433918,462.4364849969242,130.41847749716348
189.6575813361014,176.19024754262983,565.9245234662517,120.59001762207669
270.9492974438268,120.96256905871915,284.13350352040857,122.95756972492526
479.6965084524789,81.45979582753296,230.5508163855588,217.37608816315233
369.6104232333319,99.7970681659773,404.0639675065149,198.4398745602938
483.9977277961182,165.22294733671336,780.2290452783088,310.6363345047592
137.64970218387708,137.02285809212992,737.6306818434854,112.60991497201098
482.8936441505671,71.5891924040312,452.0058279527328,275.9723138850965
230.28980495387148,116.13102404990806,650.7344060310687,171.87280900493738
498.61054809856677,133.5873313259708,224.1510393295142,237.38999098209595
369.81111795347067,114.84845552779453,417.04851742156274,219.19590667370932
111.96456404390189,106.18705460074614,668.290413730466,108.13905344548235
442.14488412526964,67.5951208441748,216.98802109621428,236.79506451926704
150.60617654731317,151.7577799980439,532.2107019989305,95.53124002678854
266.3282972503707,90.39084881437348,383.1502970515753,143.09183166619977
251.51877764362754,169.57064244342678,483.01853328140874,140.52145366455375
384.18686871967253,163.93066615151207,432.330507130177,205.02492492406736
322.10180642380453,116.21869429768223,747.9329364938317,210.28394655098566
149.2393087979617,105.55542473871499,788.0977310287418,134.0295264576146
367.7424435586551,157.53302190636546,559.7118314069273,186.95968354621795
335.4056674400963,156.14637031812623,626.4456312628084,188.83939211981982
295.2353306854458,93.5345317483429,713.0864459135689,196.4234674654585
438.96634473263555,176.84436992799735,487.7728185266098,240.30519431412904
324.4010946424619,99.12539135381635,489.9247258465886,178.9967566831566
441.29292031411904,110.02289431154654,728.0012977014063,275.2095188585179
250.7973139671913,165.54569419214434,306.5743348269277,132.24373413774026
484.5321682227694,62.32147736254679,573.4492546930715,291.13041791721645
364.77781276574206,71.85515204230927,736.4245103304897,230.80517162453324
178.99291050296858,89.76602836563148,720.9922104983401,156.8063521270552
285.7681164026655,67.97804822314785,432.41486813152306,159.92487018796675
348.8443904831065,97.51213593183596,418.4632442599477,197.85282400068184
412.08178016787815,156.54824590111963,377.7907429594088,221.73371470479162
279.23904985248896,59.2990547458167,440.5639555875972,185.77761676079024
392.859766578253,57.89719637462017,255.7331294242611,217.58997458340778
110.54423579996819,51.04060058532179,651.287808433535,108.41593726081621
334.84198277836515,128.70071503669732,540.6436012396134,190.0225542462839
382.9739466561794,61.57744533946899,366.92143182830137,208.6151349544158
437.08807736665887,191.8038954993251,332.0064984674924,210.39214429774378
456.3079125296754,176.8175312372315,400.2155581756671,225.90465795765343
268.2965747352842,98.45611746117031,389.1756003150211,151.5592801161593
175.1168957293911,112.29676568618797,574.673804539044,123.87730582043858
477.6951445785836,140.05461912527971,714.3552456914073,276.58289381550657
314.5812864409142,123.68187967311607,433.26699007742957,178.21370608974135
240.96269805553843,121.9996455229381,619.0702015035147,149.6722187830165
361.7691914948638,142.08227546615382,773.3241173959304,230.27419353795332
373.4406603664022,116.05674678864263,764.8691688907023,270.4739497224622
145.1758111833873,180.43419779944773,319.6203549931089,83.09967870229039
104.32052886523881,161.69592008740727,758.5803938704834,94.02726959415128
310.82179526246284,140.33622339630827,368.06795100920874,151.2873468782978
104.47530107285007,161.73865361775322,784.9541529308774,111.89157434129235
361.51015873705427,126.19641027292172,504.90438205256373,211.47511097630516
344.39511437777406,172.9056511203774,482.39535095407365,181.31027604740777
345.50496578995785,63.1035697280859,498.01748995323334,228.4437017450481
213.25111450044028,106.16946278532549,392.3002077138117,108.29915559866541
464.66922993159574,173.28815157843675,382.30031886365464,230.18633401546887
214.74309829369292,100.47976266979512,436.0866660588913,136.10917561796302
127.66100351274915,130.15713051800847,544.6327314291392,90.44534693492277
496.5561761579245,191.76898697658908,743.4105553326448,297.4879489286863
439.8716984193469,79.34706868104587,492.5840657170924,251.59553560932858
227.68161433269904,110.63871902817854,346.5935263056528,142.14545675071005
387.066552944264,143.92129601431805,201.218576425223,181.36567959702418
137.19879995917262,88.21953040731304,451.55781757120667,106.73006371650784
241.7775537531682,105.15577068867505,389.19633311891573,124.05024509699155
411.87028402533883,129.0092985317366,425.9396656362271,225.04814089862995
344.36435625179905,163.918284785187,510.8030939173044,210.75370673552186
491.98472766169937,70.00182552364714,421.2036258228304,290.87514971723084
199.05710979450132,103.28431017057059,233.32398321130498,111.9415452524055
218.145470163073,96.01833993317561,436.38424288015733,147.86306235699186
433.1835460303393,102.60785243705644,220.52183976044873,233.68556711729804
468.62116909177763,193.72634361110778,312.35320491507673,228.70776080378238
249.24235932258566,148.89418747416582,756.7759503775776,161.50379940073265
129.14437383454955,121.2371855808381,617.8869564594586,93.63280058413848
144.04821818037843,66.19833861204135,638.4516713049334,128.7013979746102
292.10248721590426,191.8055177444858,532.0059652986108,159.6608427704151
460.63011813104094,70.8445129287789,404.9373347493424,267.90712207026365
497.69672844520005,167.48660908748957,472.1584237723905,256.81342978291036
193.2267587444514,124.33510651901044,441.8230551166647,114.7685124954575
401.31113304675404,77.91398630648308,435.20017515655684,223.29885361810707
112.41578289365965,174.7923858136122,384.9630174659866,59.58505428087229
221.61111325704013,101.23473400822667,674.9337825635766,154.66498043405156
344.23347695954254,52.41623253419291,453.7807484569271,208.81812967400575
364.11263506010954,186.33188504818307,231.17401049842906,170.3511898582545
138.30586947117985,56.14329597227397,792.9743050079917,115.29323078804812
191.83091837377208,147.73236661026453,576.8950429087088,133.85246218957457
368.9821662308038,150.96974280869253,517.0348572458547,197.31599685799182
494.10441600723277,115.67848655689158,731.862283197104,304.096537034039
213.62839861188863,52.30727380054145,737.5588763406319,155.2613462038766
133.35021600433305,86.43416896711726,705.4311829727199,116.24260073437252
233.13980515116074,104.32771698539452,720.0751438678305,192.2332739106797
437.77744499910864,195.30138511474436,202.63449984964802,207.05579993116282
174.32938451617966,81.04804067386799,734.8841701117858,138.41151882294474
349.81803602124484,149.2694893865181,531.2857305743223,198.068394348331
474.7356061756263,121.7351923889975,625.9911862494166,266.05793755217024
140.75087734828497,73.82237256767068,612.3113572206341,103.97326195336005
441.41232831483916,138.26205880711427,701.2183823829928,265.2382241086373
167.90615467507286,102.07050963114597,394.69072035656046,132.5057625455536
360.42469092380884,77.36463634666292,282.2728703012302,206.57688138519183
213.1339759737808,171.90694057683353,533.5124606017271,123.64937278835028
165.93873717768508,64.10575629711714,795.1706878209148,158.1688995122373
182.29111126130942,102.68480837676333,539.2480345167874,126.70222579831739
176.02706959591305,51.02978733462623,754.27099212549,139.79782980360446
224.63938121590684,106.12799524106723,792.4334861057407,176.4143265883525
350.1610650839223,186.82741260735688,201.83964895026085,143.61174397673932
317.8180544042041,189.31307204134012,377.14625428986665,151.158809718459
110.44160985922673,98.5593703725912,493.67290058855724,90.58660715956508
189.80868240678456,112.42622040653222,592.2676710978808,130.56382062938695
134.22596451626717,129.88970429653756,389.2896327494816,82.68346994711005
144.82566292247526,140.00339522992354,773.1080530998809,109.31574669983269
398.94986254873805,111.34161539146548,314.03785286815673,195.22940648985852
398.28658115453004,61.86213929973435,264.05593223934966,211.38609899401243
337.48340013225925,93.92657932623814,484.54381127743403,187.04118869772776
146.66890816289072,81.14924163705138,700.2760030867862,124.15387970089854
180.35069584086887,74.28347303273837,277.80453829584695,90.38559529860058
327.6864056914877,183.99298546051222,482.95974781926566,167.03049952840658
318.98091184602197,51.934745875201536,722.5484314783495,240.83314514214354
175.03618548339824,81.51080260582722,442.16973867307445,116.90043607249048
104.84351918712052,105.4308603839726,505.3813363452545,86.88737043549845
133.70235597419554,74.44670809758601,423.7292157530378,100.57423452864009
499.30237996571054,75.91186609501824,626.1318711048839,284.5472704931064
421.6008950490463,120.73444407620809,403.5164674674295,237.55824165308152
257.77786615468835,103.32175092474593,419.31790041188754,149.87531149879402
133.9423005226771,88.98372563927731,232.27565227101672,70.30816474347948
197.005639244438,186.02825413113007,769.5687897939731,130.70482922021893
463.50176238031787,103.46132664397798,223.69972693485994,233.080192366767
129.00695194020412,52.97260530163608,793.5844874512165,134.48498695848645
498.1127731478878,156.23967314423533,230.34233465017792,257.05096180004904
129.3826581449992,174.1982027560379,761.2068208262898,91.5245815947998
285.5182491513436,177.47227560810376,782.8502976417058,207.78920621717452
480.86300775850594,155.85725752352687,768.0422515579259,284.2991395986748
407.95048323795726,54.396623802633435,216.09941154620807,213.6683210251695
296.8233256560325,177.4376306647857,269.94811910808573,145.88935312284593
444.3651980401584,51.75403114330893,293.7098516436145,247.3148371910669
336.58085216299366,190.60136844381444,643.0587618806169,210.93883427268736
183.18404710233938,177.62509971951698,483.8810506646584,103.65826715675506
196.632546182928,141.76738589166624,575.4843675094284,132.43954551711568
448.330564975372,71.05785005924648,225.03978455978364,212.9992614702535
376.2056819107683,125.47610951834125,400.29177226770923,200.95848031692245
192.67348737196255,110.2102729149502,668.3883183604311,134.4500970498438
195.6593956589181,140.9096246765907,452.64702253095624,114.63017616404429
359.11092358168474,59.95376307866774,224.98300649904897,187.80314108567944
174.688350646939,71.9910051928001,218.51574402495658,106.540620341813
259.3780286185676,189.4820933973962,452.8057085094571,139.55601091048172
329.25859663291396,184.01178251912302,338.9538328183802,157.50103738987332
101.99617360998548,123.21356177873322,570.0010320966136,91.83606640148292
476.4488565093279,175.70665601102496,495.1384439579884,241.9504925961268
241.74635559827595,196.6047206147695,308.75642431222013,114.22269282069334
266.448956879747,83.05769611243332,466.12632516153514,161.2939229149236
206.47156705142476,90.74459887339265,475.05186240215176,138.13690232741195
474.28533338749173,158.52896152659116,610.4817169117413,268.91489869925783
184.19787042607388,56.268192479950706,571.3919864336308,139.31729480421222
231.55301381232323,121.59782768072638,745.9007657147129,172.17316850010354
186.2066350040256,59.07278567056895,641.1516645873071,117.53312030324285
416.84367175463086,77.69053018399447,591.0545537054517,255.59028578984444
318.77194477945886,92.50795132430466,320.074092465508,179.85074438044276
126.67867013678284,126.4400850879809,230.24874573851798,66.12674745977445
379.22962261383606,71.26939639664208,792.1834523398672,256.4202922878923
485.0516091856547,172.0557899162822,202.31138443378183,243.73116546221135
392.0668453967383,103.9171318939316,446.6469330374647,228.94331174413776
330.7453437284976,80.55766831816803,775.2150191856392,229.55301403276485
369.981944590117,87.55053801394905,375.2527137614687,212.08417061400766
319.2230189711644,117.6831647860452,799.2654029875968,217.04211560964626
250.24454865390692,114.63096362890761,537.7488727864661,157.17100766371885
240.01330343890368,129.61655617296265,392.61876504213427,139.98916197002984
270.31535511337177,94.14826055588958,436.85939984501874,159.8908163661561
466.3146619527985,119.43390607602686,721.7893473228581,272.44280156075297
194.22567956237782,76.73244049651579,236.75443031017505,97.1946716668341
230.0616992337209,65.50664819553609,458.6607286586354,129.1320763089505
488.88055101351716,77.11045716564134,255.6215593687879,251.44803621760337
133.01165795438843,122.21001920756017,547.472125117406,97.36705762382789
299.9100838273753,168.44777500448603,389.5780581475269,157.4991689910338
356.67603090624533,170.99544967719086,432.635325483559,201.37500073847482
374.88406194889916,188.75103440669818,714.722030356416,212.22418769657486
305.29290246928906,196.25411061100212,661.9427433999815,190.8777018549505
489.18526892316163,109.51865428245242,333.9906489841924,266.34089524760964
431.72697935610756,75.77225165782862,594.2311416110872,269.54548985647716
334.3655866266525,54.70092843586365,428.175721772682,194.0998655266404
354.3696842770969,146.4513817257286,624.5085881139796,200.61858547898422
334.4465824944891,64.93153397158558,350.64302918419025,162.5134621198556
429.7870692876838,178.54090005427005,399.8578688436663,217.3263024194338
180.18888727547147,111.42361502582075,559.1304588781204,121.56242626799752
493.10070009421565,96.48002704414733,601.4747871655959,273.7204570102709
439.4063582665131,62.15147614544122,266.1571127667007,232.6163606210104
439.7755771945022,172.2210781972359,496.50929384695456,205.94548621268103
198.0494227408425,146.33827307931338,711.9724220942085,137.22309179155639
450.8985698910389,96.01517405413637,283.6178378309044,241.83646097035466
244.15613957526782,55.44274185488842,670.5714837419556,182.16573990114694
109.08692363123036,122.70094080350539,439.4623918923564,63.31224897201122
339.0908649618257,162.5068944755015,345.68839065291525,174.01830710039295
141.04961243674495,159.2676823466063,691.7550571961892,110.62060510685622
120.89905209091691,156.7864244675592,704.846177701889,124.1563363420511
185.37312919003557,183.89579155558837,646.7342749128404,101.89012854659003
122.5990335889676,171.0239869544775,527.8313163925841,61.08145677017306
407.2872808674299,166.67037066782922,202.10780243339275,177.1389491534966
436.5484233956507,172.55309301400922,486.36884658683147,223.54357345682922
317.95702735251257,133.11963683765538,525.7343801032705,190.1522427543678
364.6538999545865,150.62997075893725,403.7193850767597,173.8922783678369
257.0256695509768,125.78049687536586,287.1502236264722,114.72202023146903
100.16976323176819,102.69805952983447,620.9332976709823,88.74285687745505
238.44838082844296,108.80429861972715,333.46806913380726,133.7065924830778
420.812773295277,127.13224235469251,726.053282151393,259.53248729170133
292.6053356572793,176.4234935172955,441.00684966275094,152.0239086348672
486.0144560930861,138.56839218042967,383.84165677011197,274.63452722096844
262.2364015009107,86.84734879252079,532.249364663745,157.41343534854863
111.01319559820189,117.89695018122123,340.33140167940354,69.74450727096313
313.9445438992312,110.0030060691794,702.6156714290167,205.05325425377953
435.82945558523807,181.3490171025165,288.638000551406,203.3026295695177
207.8723749560146,68.50285183671078,682.3940006029902,174.212360642534
188.62851703727563,188.09638888875452,797.7273896965406,130.0213164469222
275.76301385238855,175.97763135371576,226.073438796355,122.98231835389122
163.8877585615893,55.55472225113984,646.7506112584476,135.383714433303
403.90497177553596,75.78775879869325,465.34896124308614,223.59015801142914
277.41289790533654,134.80502652320195,602.3662658829318,166.00735292644484
394.516727639119,65.90272505252882,735.1435619982456,246.508067259273
241.39063996259083,197.53515968750776,407.2126929907683,117.77173412940493
387.90192328769257,63.078046473647525,529.1730453800569,242.60360315117038
116.22958688135677,53.91979436167726,689.2616839978034,120.7995084732854
255.0446521073584,73.16965374200859,670.5254471274143,178.5400138281978
173.24259916045798,177.03311133791976,348.92888904413144,81.78811918623482
172.35178071680028,160.36457227471487,530.8793042001931,95.2772294586084
471.5293917093297,157.36494025328113,786.5487577235152,286.84546210332564
344.6366317612176,147.89089741670495,649.3948880034214,205.21617510494423
285.3494193071107,175.28572689081014,703.9336056262374,177.18936668556736
102.60375143375673,150.4834457432019,519.8399639233855,75.16816763248116
104.42970162953533,177.7344596271188,275.37283945990566,54.57879471944014
378.26641331738364,108.42992366655055,508.6129548484306,213.72943032901222
296.19874472901733,77.46673057240942,770.1650310164503,208.9595087414747
431.70178510102477,75.24428393410741,508.58174906406725,240.79657637474875
137.68144439321964,87.02416170964605,466.2069039134366,104.420210367004
315.65290896046093,96.4180866122149,395.0229821043898,181.03009238219332
237.60209749495664,179.94257455923173,538.1122823995995,131.44957450586318
108.87932882994198,183.05335804884024,266.1070047831332,49.30592907887156
414.7801285318854,190.9576127366171,799.00994417081,240.926772120466
179.1248690831506,131.39054702713065,635.2389133088238,123.29690162591369
428.6950270713907,190.4294420867537,731.4535773324775,261.7919421831271
291.9804905430375,168.59051644402376,393.13963931915924,164.78499567620557
459.0876128805036,145.11175962888007,219.85835564855887,196.51068656181212
172.7360783290691,67.94613262083328,268.05250148594183,96.64731551543423
484.73736799553444,149.25225261376562,510.85503566645974,279.6653577916922
404.738619785585,186.5860531071726,497.8147283187783,224.39698875786704
164.6415635733992,53.72620040600627,316.28166052412354,88.47321784724886
207.18344982957387,149.15264593134336,479.82308987126595,120.6283923627355
181.10659520091207,190.57207729685322,483.4091125038067,113.56125722588976
252.8893821071344,62.357690906524624,609.123787887985,159.395633839818
306.98070867220474,100.10540939552848,302.2002274823354,169.27402334904488
135.89061624974065,175.30854993567377,356.5091836689226,99.51089856717313
429.36886188630666,191.02564037726913,381.082049530148,225.5960384030027
360.8572157287099,120.32900733460632,211.50782702610445,169.2887399141335
340.8582514884257,142.53807776138405,479.30788271511346,201.18920894489207
402.8584975088528,127.6530171036367,291.4079216945706,188.13703156480656
292.80245884015096,128.31978290363907,287.78255122312487,154.160482771831
484.7357558493236,102.5200460298123,271.4939400839095,236.1164058462883
223.64321788154774,79.7258938573882,653.2205510039457,167.07948506184457
254.72222836166873,149.37429259675434,366.1066909695303,132.960167513849
457.6620802687102,114.58528614426992,438.47758394110224,238.8140370915026
390.0405373322177,129.69044474553385,614.4892974937292,228.69025144530983
347.34870472485784,176.61484147461755,603.2285281342508,205.62401372536124
354.37638518004405,97.0079298713232,262.95161091905504,181.89058789285943
398.851098907442,158.469047842444,585.3660736637053,219.21771217565944
433.1469580698308,190.37346676269644,714.7687693083578,261.41070479656344
227.8204945495968,94.1590815373925,566.3266216781499,167.02610839115445
261.9271582468673,123.10672730481826,603.6609026628015,170.2766404064413
441.8083240440612,174.53115346860477,641.0725150788935,230.65051947721687
342.8591861074495,122.05002252378573,210.7862317626821,152.91684164545407
495.0172358395911,111.8581194576085,511.59778545219996,278.5956890569711
376.28553163840274,197.15784182259972,459.96216451534605,206.11673682835772
493.7209212719723,125.96742456266651,688.0726276116615,300.21692432634586
366.3273722410423,65.06461012277313,574.2446153373439,217.62291302275747
150.45081197450045,186.27638018165487,367.2558738681815,78.45708071382779
359.8718034606403,79.03278771440185,741.6843686786343,244.79485599830846
425.9556471015946,168.95146878299246,282.59395948010877,208.51064095418735
214.36084047381053,150.33924683960788,676.9215646398031,131.98029519780638
436.4827118086212,58.90322640639399,560.8703124056196,279.1937238547809
299.97154077139794,139.02513346866897,538.4266864780905,185.6596727253611
231.16460111976212,54.13798598613373,610.7266285873181,153.68667964180523
113.07923459419177,68.2824548818905,392.6408618427223,79.95461291629039
244.72139308548276,126.1715579078073,490.3706400770117,157.16003466372845
276.98186155515305,115.87556867867683,288.93166677648657,139.20273970649436
191.14055245069395,173.22731952348613,555.3897258126644,119.10266394017341
369.87248382664205,194.17164040471494,445.26647578749714,188.74382663565865
136.65126806528005,132.8070991131457,591.0836334890362,90.29506937259848
377.8432249607189,113.94235339835424,640.0455127305543,242.14250673807067
230.780968593784,186.0249575630557,580.9423057352489,118.54737575160449
101.55241254639864,173.4297887961456,210.12257651444835,31.809943687642377
202.91679458142517,53.11906236470333,784.1145351022415,150.74947424797284
158.31346323837863,99.17082165391736,571.1368686643527,133.66106123459707
232.7332519684025,103.67222332528338,402.2164810635146,145.1745496369195
370.33362513939505,57.264550946222705,782.7372866673049,243.403220592399
177.10770764123185,60.744400923681965,462.68488099364663,120.10967370069919
181.06894611893924,160.06915263234157,480.92407993225765,108.91550129470531
262.18481048015394,118.97416611446339,244.69453803221288,134.17917801532505
440.76267901747536,80.04398288632382,537.772277073216,240.05650086317695
245.65117115996324,168.67986168948886,413.79317096015757,137.75483468603542
241.21110876389952,88.57099193613521,678.8971468110124,148.91538117828532
485.5806787918362,167.3620823227359,696.3050231259031,274.91239923507464
355.8194012135422,180.2422417851173,364.918640835891,174.14482291088973
408.9612280914667,147.50978994541387,286.85994003688825,228.64986904063545
341.1692176723548,188.28986680282438,438.73443204846166,172.20343023130533
239.77899836624385,121.39520548203726,504.91946551588404,156.21438253724097
188.4000052736771,124.87720059304299,632.6030186657026,131.4905395255651
316.2483086147879,115.32545835097974,617.3518679943195,192.14895463657592
432.6340217189621,75.81841056345458,568.2840238391332,242.09336961834083
252.3026392999924,85.33906068137478,233.40581348774776,110.51887728245427
273.81908900330563,96.55815325635467,666.3117100270921,176.56996045191724
372.1784627850716,126.11791497038651,308.0353096546851,197.76534673053612
297.5777377738372,193.37586768569375,211.1857770801234,123.5274562205478
154.5781728299499,187.61017981004318,619.87570371383,105.78643596857458
441.9571758159892,116.61765283581664,242.22162852367035,220.1825684639068
219.14657702469663,149.91988673371162,451.5896801322289,120.33993220003633
234.58778253785698,132.08807289309192,680.4035121039431,175.55435963142781
407.7216001184885,148.33943862100517,361.0017025159325,216.86050576094536
418.13380844837934,138.49426108347717,763.0546851019318,253.45068598640765
337.1739024307003,63.28320098770027,401.50614396618244,203.92264730328174
421.5074752051808,98.22806007747334,399.13218906025986,239.05080816221516
430.05833782874294,91.78774722657928,569.9419487118728,271.46869247784485
327.3648939424864,106.04247421501759,676.2416865716013,196.26524975790548
195.1803345060286,105.96915140041058,713.6914551452045,159.72346284950706
100.28218633248058,51.38062588336663,363.31649756742127,60.99196493029131
163.71130527572646,106.52010536041257,453.45001665036614,98.01880406200547
113.27303785914596,60.41483815174552,610.1476448718208,115.60677875652955
226.839565527249,176.94485088846773,299.4876756669828,92.07051613446559
248.45049484576464,156.05268717880273,544.7268238059106,164.80225598251036
434.6640585800016,119.54000034083286,792.7570742046704,278.4054807011116
174.37008250281326,120.8372243328288,554.4975248805986,120.18410221016521
175.59746294981133,175.63839805126554,637.8803955818589,122.21076500018275
222.9135140955883,140.6078468631414,286.88315357496003,97.22744840800378
441.0421581673801,118.20312164922548,226.54080567777757,232.83391244559334
231.3816259229904,64.89089214035866,607.2554218419359,164.64314035491682
309.7532615578334,68.89242856229548,522.5334595796797,202.7062796354737
325.61429927754256,177.68274235560128,401.2460137918579,181.69971926412595
318.15576314218674,91.25644149791265,367.9057091005559,167.49659309700715
355.24371594959695,198.61358354799538,337.723750059372,167.53043317906221
295.70136700747867,194.75379939129715,418.5164775951408,164.23086553963878
465.32071873030986,149.44033878547722,320.3775113801795,228.5212972941429
388.2096558086817,191.94950353416033,262.3049806831677,184.04209625120873
162.54368456193365,146.5362871241618,696.6223645561449,120.21078026767393
462.6060952869969,182.6946523182238,792.3849635789454,249.16318232311122
497.7213248962825,60.81257735408488,690.4309477394229,307.6867310236262
137.48150872845497,124.92860109457875,670.2581845724726,119.41195067013385
453.89349681993315,70.79045741037432,270.7739701364592,238.59487520715317
443.6646247121711,107.93950043005043,579.4661001417514,249.5101262163688
429.00017868044165,158.4445587883684,759.5921665083013,249.26325110374034
220.0013709650969,181.43723683981696,478.6578348272985,128.35708812069905
426.78738986188966,52.92620197804166,549.6216537026073,254.50448083190236
414.5671844017948,103.71254514686132,381.0602885813805,220.10204023841084
224.0083247569454,194.19909583232476,798.8669512412883,152.94132262803097
183.6617668767367,67.75322434001674,265.9331430491884,109.18358026509505
288.05076595519773,141.41248129339462,665.6973288675431,191.24823836210456
280.46912602990784,111.27221598712126,618.6858917826623,186.10228297185645
396.26652274068414,109.86170215755752,480.4446983891164,227.01728022489837
109.72813424151653,100.84525039192074,250.03707615811635,51.15225519806246
208.23241599822677,181.15847615203054,240.9705637304037,91.85386148752582
105.17122459077642,60.3713402285902,360.3621684593079,68.1207644817104
425.74920732973555,152.63848140046343,283.10731904097645,198.9332264460772
429.69114152078333,180.4281714094736,298.69831121798876,203.12667869648297
407.6255056661095,131.18341390537518,520.2776314172929,224.93836986560606
100.45252334472607,155.49634563510446,409.6601912022408,83.0715185415886
402.9006482688729,195.20598123081933,325.1670780371292,203.86824584218132
141.33733671679067,171.16232337574633,705.0599383862813,109.73959362127819
414.22678591524607,169.172680857462,303.2974214410064,215.66087351657492
409.5072631757279,186.4293575937449,540.0296049089359,200.23650087938995
151.88321814979514,132.53333416640731,423.3564384363656,106.59141867178428
325.7643141454819,76.90443208448343,658.3959535992807,207.2767646603604
392.098296481772,185.5712154256168,695.3910286218237,237.54116709841637
335.1987146937389,115.13591611754066,794.5535459695265,227.37489598394697
113.18739647432423,147.2465524031594,445.0952859869162,76.50314452010537
181.59988416295647,107.98180445895358,280.8442040428452,97.96367908064668
304.51005648254744,149.2884574437822,561.4418297123311,190.9733097789784
371.04341518983284,76.12268315495618,232.9478347861192,179.76310171202064
219.39642594645838,108.36084625057569,615.9238383782806,159.77002646878339
263.9889723114071,51.333383075977466,571.7989920862074,178.82082331516833
441.045245791509,99.82473502273646,362.84476966316686,236.0370745471698
369.7504277669688,127.53555039235074,649.0995562896176,225.02617919300673
113.16676922852417,175.82246646317816,550.7345892698527,55.36613108125974
369.89441148502135,61.51826066364971,734.3126767964203,238.76642131174526
246.06259123767913,113.26920910891761,408.61380490901826,137.65712047923753
284.72407346437006,107.6844363643286,340.0013941131349,174.25832731134156
387.65269513527,193.1486680858054,587.2409004665709,216.877012923976
119.36607374983356,71.13272378582472,390.1943741155929,94.41074829655705
287.2213584126501,135.39394198905438,210.13090284914605,145.44323574626418
121.29837472048396,60.5381841259702,467.6863828995275,119.40043788144291
105.90265689972686,186.89128867592848,538.4827034990967,63.697931416794944
371.8832749853411,151.26381128868877,654.0294485964025,231.02190589654688
468.74025691652724,97.68063076883223,491.54054931796594,273.009737448384
141.7786552368362,194.99339091415473,676.9458033808853,84.85577940940843
319.2296202440843,114.84293693794078,696.5566371079541,206.77831733009887
489.5789005278177,141.18977427680008,200.30538831847238,230.606878917609
164.79459970793684,53.94715135747503,780.5442602914535,142.3257313542041
190.0451520899575,77.04178526711458,597.7169533491958,137.36019614754034
188.14657824352045,60.939012081064185,629.2876925342723,133.5763656237758
181.64172367435967,174.90802425123155,624.151766818019,106.12446445060789
472.2713856282071,151.26000723342946,715.6232540470455,265.33662482941133
242.78099206021557,53.20147155935014,531.9024572877502,152.04305234043284
104.99938381303467,69.28557818804431,559.3608839173802,110.3199383991948
210.9769058518297,119.41590356870351,669.5886978832687,137.14092969194124
479.4517910427951,65.05077102315654,707.3224227716005,292.40669784188026
488.3508339150786,95.71063543923258,586.4264173483839,282.6244388608218
399.5091126164426,109.36560219328945,245.8237051305751,210.19965887683298
312.8497203574471,136.82779671529835,233.626329108062,133.34057186249072
469.8982679760385,167.8680043995398,791.2123510659186,281.2137270167387
251.28475697387796,64.53500380192749,779.8871259267761,193.06959184993292
213.81214139340835,145.72959806469538,667.9052754659037,129.03242994784884
157.34981257537964,59.228624853191604,693.9442262819991,127.82225688877163
199.75311449663752,71.50692528954431,656.1787328405072,152.20110359504696
422.473012402876,107.85581350385473,693.4887987346171,265.20131653808505
267.0818037154403,185.2924907308238,270.1958789706636,129.61150869121988
289.41068698237837,111.94567294372612,397.7140182397974,169.19355434351337
156.53771097484474,167.84406295848538,452.7840011663647,85.7996561636599
448.34511662735696,102.59842886299231,575.3790590545304,261.9805768563008
199.52343175050186,100.41948509888869,360.6787093632219,114.47122741099236
356.34148611788817,176.3121892436118,325.6001535174214,176.22972953308863
408.68487862252755,53.753877637776256,794.3407147150645,274.8590676737854
483.39250460036857,92.42624815666437,392.3943137509697,265.1285947515379
391.8384230048505,192.93475844529834,352.1252467788847,212.218745005638
456.93156079571327,130.90742824314145,321.5547437176225,223.58735924506263
354.9021360347241,130.2515503952415,681.9386408684907,210.30557551048074
322.42764257669705,130.08480409801382,413.0171320043724,182.5031624343891
295.13772012536685,138.0942699402347,437.4742398908222,163.83214470334974
220.73141310349268,141.26285521321637,366.05879605206627,124.97109661834203
318.89223881655664,74.52680564166229,218.26629940489684,161.49592105649745
190.5885181815799,189.98778617088058,454.3764627539569,105.75643170513631
186.1559378368283,68.83252898734176,777.7560209125071,159.48748993554605
167.73549291677244,67.59489096974204,610.8808690885207,138.41508853250244
399.88576688915214,50.30162198992474,595.5446465722307,269.1022112386302
112.6581650163796,103.24911307742985,259.76747499990626,53.712061543325056
174.3529515613111,144.29935174454403,511.5029437984749,114.0925063966652
129.68654435431358,54.36932041468891,200.25216998764202,71.44919435946198
310.4586002228848,140.39312151671015,558.4941665410995,187.14652240979038
445.9840753433175,72.95628446471316,345.9050661542535,245.46836791582697
419.92892138111876,181.43649750679953,510.07844346009983,232.77489484519006
174.7204332568781,87.87071767757233,335.9719055314172,107.40973816789642
257.3343847702355,110.09131724621375,432.4455480046235,138.95574071025766
297.17341448806553,136.46693758052385,422.0089205139959,186.71705105423172
363.1659123918704,65.67973219328142,325.0392526313122,188.07394715629442
200.05686352529986,172.6878331848216,781.6901182567791,146.56037999037633
302.7285038500589,82.1202867011996,718.0788516662772,224.55147486378607
491.3039114311087,153.6859591998388,768.405801187118,286.5767737758314
488.4338350225168,93.17766970303103,380.656726432445,271.3002818810145
323.1232382376753,112.57401690869835,254.56669529704536,178.92517692330884
313.62577953468076,175.79202547433846,636.3950987206692,173.88278036834967
313.4009922986586,119.23448819065675,566.3982568684061,183.5702989678164
400.4317601677733,95.80140754347151,401.8899308534129,234.05314022620504
432.68331445611125,181.31662688888838,349.7559624244477,209.79800736503228
450.0198033128908,133.3075138263822,429.24203841773755,252.58569686962454
251.93038109128395,159.08825861593704,304.52802241202653,131.3772423026587
302.2348980473514,62.96410789879411,530.0663939531362,189.38082318117281
331.6617203972567,128.64616075717802,269.5371697135925,177.66860897122686
415.04685729881896,54.953951939716795,524.2938496611675,236.73597778067963
254.928359199917,89.78918379336628,275.069288332537,123.83262630836691
113.31676169684938,72.5836615162076,652.5328432951534,112.13107840586169
162.78743483516428,115.25089262881619,315.93876238081054,88.5312075520648
233.07218258626628,73.84145241472588,280.23217007276116,129.6139896111756
394.86960456752627,54.49098272063206,383.5361103270228,241.46975118158443
344.6026962664795,161.55383159814855,211.57666826956293,163.33643804975307
157.6269046262286,120.07526063921236,549.9449546417677,105.51517903596908
262.644814272565,112.21203513957329,446.9271738098751,138.9620883468162
388.5374202690841,162.11256578297917,588.6776060397726,224.08486023088074
244.34290786585117,141.64660781556165,237.1807857214444,127.28987237238526
258.02567036351934,66.10193561503795,426.51524417070584,155.7327581459531
209.19926157320776,160.98586711286987,418.546115350406,115.31489685353709
204.93974445139776,188.54965096693107,747.0180871393969,146.42463135676002
383.46511310593286,149.47195907732356,706.331092654149,242.18424877316983
233.70739044836503,175.5752025029662,694.1626640735076,135.99990274108265
311.44298043806793,150.01106863811444,279.7129316212887,148.65603191339537
477.86187297665623,163.92193707804716,254.0327593348166,230.0107613585017
257.32465283912376,75.81439897057699,343.50067586808694,156.7597532517817
338.95204444744746,53.94337117699729,365.7780719897544,201.78805337840623
457.612583510288,54.57055400355025,444.5919884112479,262.691627461998
207.57656205482135,54.02952758428965,324.7584041794994,124.90108143911715
335.28551816709006,141.41310028607143,245.2292188468942,171.29186609378365
147.6604001914531,106.01204984408747,419.84458237819786,94.68768002850148
328.04650864275675,176.2316933947734,386.07240424377477,146.1377021801182
434.9919816307072,186.48741137483304,480.4544112696334,237.3246559781195
423.95896444341196,53.51277954290639,346.2079611709509,239.87691308605886
187.7069782514891,124.05763245481374,495.6406493906171,108.85548065108225
228.4793065984946,167.01353571271022,736.0993482820837,160.17429591899483
306.79124909984455,184.93119411398663,729.4898116222062,183.11831838995053
150.12724708945396,80.30034170281286,428.5415420843056,109.12618012290051
249.09544274280654,122.75292845812638,356.1945224078233,132.4967166521336
372.86089751479534,144.50628036673035,526.5291898321832,203.90583567881322
203.0491895137121,150.49378363185448,672.022385456823,130.00366474131735
128.3840597503463,157.0808272079355,246.9254636220109,59.920502254646145
202.97568342220734,155.04965330081853,406.79285655371984,120.38783659523737
484.1533557006982,130.56165882835222,762.9361599851121,290.9260885973105
156.99604121671217,187.8269884566713,701.4650332638591,106.75654979309026
307.4904904198445,179.08288881066306,758.5739222665198,182.2118775559903
465.8188896543316,80.84498151041842,381.4357668721669,245.523407318332
404.2920401293304,144.85735279944507,634.0680196839453,234.51178904361026
419.42063972185497,137.89501622764138,664.8059106271123,257.054947811844
248.2526287630547,81.63880415731735,475.1028464703412,148.44836742719414
466.35662493832325,64.0070029240124,733.1382825648069,291.6519631488984
200.62844050164924,157.85284043517248,274.42282747396814,87.3090524236918
331.9819594158904,176.86993548441214,635.7764989983459,185.0985975769947
306.9864712962258,155.25681390077483,550.7085437826561,176.1451435151232
323.5539287763307,109.20744279779427,333.97636513941785,167.6256883801005
401.8249650565801,123.35398027067603,285.7196307435821,202.54248910943195
197.28270626032543,178.47193657017252,648.561929856258,116.51479405642087
147.790545461886,77.40830170959109,722.9625231128027,138.14063861120766
171.0484348423941,170.88388423636326,253.18281197855327,77.46770002588886
339.5512038562876,134.61822196444277,649.2005565663426,198.89155207421175
242.87264324569216,184.28224503631077,362.0530073103222,125.58863401889444
325.656198657809,73.85293218350796,530.3598451462976,193.0048357374616
400.9029037360769,142.03428919566363,491.8021028748753,222.51480525694794
255.1622633286524,180.78651626399093,719.0945294096316,163.36690277569906
424.81513220447005,153.05176844807283,549.3367871345138,231.342325069263
336.44842899270606,176.34768307070436,678.4169229527658,195.0061762553926
267.8667565889091,153.37053759752084,367.285419340003,129.77054686141946
345.0897820877669,63.174787550170386,784.4775675225334,237.64149102929574
430.42737972606034,182.75644629536274,217.68777009125725,198.57900457376024
291.5467400481932,111.14594448453005,672.9172929017071,183.11113174337495
336.2580580796616,191.59139478339304,280.12847653239146,160.16963476464278
251.73859109172335,73.21685935141127,369.35469676402033,154.30700887573033
397.066327413435,153.12227013264976,214.6226457191375,192.77385069141536
300.80951993863897,81.37713259202833,756.1704984861443,206.56187994920958
442.05902969549464,71.1522442708363,735.5859285213511,282.2205080478736
163.43303574464883,197.09732754298142,493.51165735541116,87.99069819969024
264.4624345867238,51.579691560850456,549.1236370710956,194.84745528963256
171.52809553569233,167.34807482804553,220.9596476090823,73.7855704010768
427.6907938998357,121.99724041115623,283.78543877443406,209.68789977989218
473.00688079330604,171.23347896951964,747.0154736455132,287.79460166303534
311.8713731128596,66.26184095605176,560.9598469717304,202.5657985593827
262.03655130096087,96.83711685617018,754.638970996117,198.6668452657105
488.6235503812615,81.1616919238318,437.1423285811353,276.35481301827923
255.65200979219384,83.04762020316716,788.9688463342111,191.07651656030205
352.159621527622,124.3562957144316,578.8673083559588,214.8702745972013
245.97340104861237,180.37134018557958,605.4213286464487,129.64136002932446
172.67950718429907,110.85046028090056,515.5351581294331,121.86437546588661
274.2375891329626,187.60433192612126,798.6957806448505,170.63337254757192
134.09060473974455,68.8137228306824,621.9378734580846,111.05114642727662
265.532146135699,182.33900578547903,743.4609425340294,171.1744643540213
393.0904902321991,154.94242932741895,268.2806856194133,202.6598731567689
245.1536481933869,168.66250681298868,316.42693224684774,108.73718860346575
433.82307963640693,199.29560717145512,750.5142783112232,254.65687110377874
268.09258089544977,89.8958408074287,414.30982926039644,147.62898312513383
164.14482546137225,140.90608894319962,273.10427102044525,82.18193340220097
228.92144961464277,191.47867392625577,566.9562288181081,148.59191711794804
394.27554121969655,97.02494440469063,473.23760298274556,231.1132755023859
121.34813394134865,130.30472848151368,693.9485773821689,102.99275895764258
385.39427412825285,195.6665511788198,734.0336178111431,229.18511161621194
483.3980952186162,58.5426635156438,224.10387594127627,251.32341288986763
197.3157411594478,125.46133961310396,661.363077262904,145.21722148199734
360.45876083169645,83.48626247700022,253.86279884082376,199.79792726497513
419.19666173015656,97.56188450596117,475.44972920150207,246.00570734420359
399.40462958417646,129.75514883823675,262.17493763246597,202.81675388394663
252.35655547940075,126.9407047712678,381.1349549890207,141.22858498753624
147.07244905388023,107.74566910262796,429.5986378002194,104.60047048652756
127.59570485721116,64.12169383756645,221.47226014704634,65.28906943675781
204.46988681813576,91.88454663253205,461.101327868819,126.79877335040327
459.82595797990473,97.98559209196328,671.3211267242773,249.86020443236816
431.94379597175646,174.76754977449983,740.3842537054414,254.7663100050325
433.43881642082187,177.36143590506703,272.3255293223532,198.1496977370585
174.11927164236573,81.9699150438462,431.58505272440675,93.78598635613787
204.19815665217578,128.8619394486151,680.0853060793577,146.37958082061792
254.1326946828416,108.0561952849537,299.01261026963584,126.62964146876966
374.27717476314035,100.76006417069894,206.72831134805352,189.2608443408914
156.3087385024807,162.85433558501046,395.8933583038421,95.4758128132214
380.55620293256993,133.78501668030336,343.6952671226018,190.57162153193636
450.9633838611889,184.08392835262688,712.5524872930854,251.04381102069337
219.61879207165543,77.30108891511512,609.3690368427922,171.7184993883691
313.5272789565929,91.2338130328969,748.3491738557726,197.90666446271538
408.6148040927895,154.68301756215527,285.0147058085312,213.00165485799792
288.00406867827735,195.60659604389164,462.84385579855336,173.0974502270356
226.92280885506145,196.50157118581856,682.6844052046677,135.90961178628697
364.79843244536585,178.7251127440995,568.0206841225324,210.91913471233704
211.41036259166867,95.7356438655928,579.9096717054135,152.5184746929841
372.1904129358542,136.69680192036077,444.3003817610435,212.5569309179412
430.14239906320114,83.99481528522766,345.6899081945784,234.09282979561826
422.03489217371515,92.90443989302364,390.0358347518753,225.26792482320369
356.25933655177874,160.6410782516257,462.2062995495532,178.76825463553965
389.6150116311319,170.28926349657053,310.91918018548205,166.10538451431782
152.7784183861555,165.32077566628305,798.8941780843331,139.3357943556813
426.5253233410386,74.22182055061965,441.20523185592896,260.8356286178629
344.6774440034807,122.37558646991847,309.1011908501471,173.9812048691346
119.05326611893194,134.8075304841867,658.6824762910785,103.55671226171597
450.2449939793281,137.20013551190908,250.223622557721,218.20066188259827
246.67246896932446,94.2403366714268,586.621575539683,161.13725660966932
330.44381991530946,187.3766551363005,472.1870715547214,169.09744812966537
257.5686545415211,167.16727879463258,685.5140524131212,159.8819330662488
239.52481683877096,113.99123966642262,295.99010787006006,138.18215725122565
192.57731730080465,193.74729677977896,452.9063619941198,94.04298728570298
257.05453733142014,162.64634596412324,460.6793560172295,158.82530324768504
185.74072850833602,148.11774863356732,568.9203314286531,126.86302695802722
193.7988096670336,174.20532847413133,792.8405315175188,138.39152853066432
470.7879863257887,95.2798460213288,241.64770275255327,231.23751880058626
146.71529572765718,50.75036713330699,430.5407724883981,99.70173358277972
450.9269124149846,123.6120663228166,716.3985988677388,266.0417847232078
154.87760937244775,178.85459402828363,675.291107103011,121.37584588419139
398.2042561626899,86.82256069241265,235.15834300641603,219.53674397412473
288.54213829614184,91.27358447617414,675.6874595773322,188.66105282986143
402.3881509976131,69.13003423759248,608.7382936368176,226.6814329993241
223.0082838242049,97.97405452573605,789.2293892773394,145.71715083104596
418.0936898101502,90.38904337639933,754.236992256327,260.60949739762594
217.84380929598845,139.85829098055137,277.83211514806055,93.74553042985055
161.26844087622416,98.6830034666258,643.3528227233628,123.90753906205512
491.58323499934136,53.4569311802537,541.2028882452703,280.0807469128688
245.63891954803387,71.93932294251147,587.7785611819361,163.52773029928534
452.3508612365105,106.59719798226024,581.0021498876611,262.1549608935883
107.03769247775088,163.94785489418814,274.35015624238025,32.815786094071186
354.6210346019948,150.32725318055344,421.98083046032417,173.63061644849276
380.300399038799,192.1270128002285,683.2246781994751,205.8220324633385
312.64627502459996,78.96912685275609,399.9628343677798,179.31102849736445
427.17040330208033,148.36622633827733,438.79565600396074,243.05751970615023
332.69180366597334,169.99372691363737,751.9032132571701,191.0903635716641
489.21870420809375,96.2470586206218,713.0173397263966,273.74221717867897
481.1093754004785,84.06679891967343,538.1257416874894,273.3167471271714
391.971489867813,194.87594714143805,378.2218203291865,205.36887331553112
282.81047480151506,89.63723557211131,214.90977640685668,136.62437733010438
140.19534840530832,54.235330709062616,211.98929499493622,76.92285603534106
452.0835408142683,130.3387037018803,386.2713494901571,244.6335476141357
263.59599334811526,89.77381456548116,762.0423556364376,182.69513644044363
296.17198699539813,53.82421197400089,649.4720765171778,207.19241735788427
445.46913891830616,128.3333342859022,759.5014381178228,293.1397184042273
272.8586178972727,103.56206826435607,656.3859742501446,193.6011672935804
228.93361945432326,193.9929280699142,574.680763725085,125.13408926849162
231.6730037668563,157.09906037695464,519.6930356588741,149.7965611793389
471.6180469142544,95.12208361881693,498.9039177949002,276.5848958680266
429.89830274592526,85.90647817549576,472.84106636094015,249.24073635471237
196.44136448007896,185.19752186985497,625.7448539845009,128.11691369044462
228.97724559808177,164.80373915570385,778.8378276523033,154.76553079171484
460.76724477261877,168.4174292363084,574.9634092189872,256.51937190640757
211.87772523459637,199.07876469003708,312.55582107440324,92.33452343853838
497.7981526871929,148.01000042174087,562.881582124362,280.52576307307737
403.8813432290148,146.40985717894844,467.14323683989653,220.49482594054302
125.62901440603902,95.5903250582398,319.1420049326633,67.42029105254603
179.22093870168072,166.042499170781,678.7800730172704,123.90681500522567
264.3508473594943,79.59739446801433,367.0290361808867,134.50107796620435
406.9865980417125,183.0291322746827,723.1402618133696,238.09428568293967
112.68439154306695,133.78150052647254,215.33476914599123,47.87256879177818
499.27602148639977,132.00161553388944,392.52170660526406,257.5969337071459
122.97017556935378,123.03708627119751,426.19275148466744,95.99696105194153
444.2520968603188,157.58428392336464,493.5863011312085,233.03028812371213
380.56625368320096,165.46568138140645,419.1742805861169,200.07666139831193
160.3075867208982,198.27358100304647,628.3492872574084,103.4571314612356
439.71804452924715,161.88123913484185,656.7281398159248,264.77525401736636
335.149584814403,52.11375267363114,499.03886997936445,223.01221843010177
385.0117891236237,188.82077383142314,312.0762195832477,179.3668116751859
429.73339645708165,159.34640600051233,488.8195191483316,214.71163510911
285.7212790330218,53.81254396097787,580.7524581698515,178.39157496770324
194.01155692321575,104.04670378666239,328.0804653661256,93.97032893333785
254.7411176998541,153.55053156983803,552.7838072729216,172.8816542222841
226.0390177041597,150.37832668138958,494.18882323540527,129.8851898607924
165.57196366717795,74.84698792162236,235.08709942782755,101.34451416287605
115.18891931001333,83.53517436631691,695.8004339364188,89.1896119724763
370.53977150914216,174.90862655505998,323.272581887259,191.48631388734086
225.31099103656095,92.0572987266722,342.063361832221,142.0108917724346
320.23839772195083,96.8149650277374,367.72808314877886,194.17750300581972
235.4350104385413,108.45978190001753,784.475766801432,182.83818215987483
292.695330716858,99.13565253782618,313.72910626476386,158.27817167854306
268.8753662985182,124.96229574050905,594.1266963166581,180.8178152521896
167.21434729979086,177.30011931399218,399.93653075202275,85.09283775131127
164.1756473350111,76.25849584549134,520.2640768489989,136.83684076998324
121.35270902580233,59.75273194543618,571.6624292997359,102.18483483465398
214.28982191737077,62.56196139327153,655.0687901491003,136.07901472996159
171.21290671335254,99.57607749872996,244.58613891988486,99.31967035790629
348.4434141647886,194.3449603366078,681.5999282046668,204.61333139006567
274.2522159376246,154.48237378526028,465.9689189209227,145.72466173013427
215.54544359601374,119.92603425348712,290.38611168978304,103.99857108185299
379.7898269519469,145.51811915602366,736.1131299914756,229.91320434054245
222.90973474967433,68.35682429265779,538.4274178620802,134.25736980494509
384.8052152916382,151.67797331270904,270.77313822330456,181.24339383591513
474.9869628974122,103.72270798670087,440.0881736946941,251.87176533319763
254.3347933881687,130.95360263968018,259.5239707362387,122.01868736836138
196.03837344395606,102.82315359277072,229.33891057745012,98.62930987556736
320.8868724473538,123.25653945247524,576.2300699473192,186.07800991799002
391.27437785495636,75.43993912460373,361.17473043126347,227.55264770928838
189.637939094577,174.13571798650878,393.7275739726061,106.55695501024444
101.22317682708308,156.93032133531398,621.2182298025061,73.86831618152338
318.7246644484851,107.976024915946,465.33549981113975,188.24060855361625
444.7502802641847,70.1836857157347,554.7749724125277,265.22309306617154
351.4827228619989,196.52826434217457,272.83214876997584,143.78327967197453
221.21577848526917,72.630931239316,778.5975720549975,166.37734459574676
142.27247556215673,176.99344152183627,456.6434461176256,77.43410242753217
265.58993553869743,140.65238949403346,601.8581720032153,163.27798190768968
300.6388249469391,97.84528472508401,259.96598793107376,172.1112893933518
180.94649196955032,60.18074782072799,309.229633282651,115.829379264552
478.7667076676568,153.6537664860244,460.74719693446286,248.8840314104915
250.1244461034873,84.60745362695498,329.561801716783,154.82350263053036
333.3723561148783,168.42537011096732,551.4502323430803,192.3413300490492
311.2576012857193,64.91391751280517,410.16526175423456,200.6953973405209
369.272489812788,166.83881989339275,268.77669237100497,185.4054750257264
479.4605385375289,191.70946554458718,526.423089486543,271.65468884248827
207.58664791385155,170.09221803488103,645.4056448442068,133.9532716512202
297.82285846499246,67.10811072151398,357.8248210403976,174.0758364750126
374.8166424082865,92.9411512925272,607.7424066572329,219.30235191635973
386.7274084070814,127.20625006251416,366.77901799053353,203.24324761557293
156.07304836418336,92.754691937964,319.78674709076836,93.45392495571944
243.4680749331521,153.54470147407574,682.6793922234133,159.39205482885234
173.73349514679427,86.65906409250744,649.0067204737431,135.31347949401683
339.0507355889573,130.15329923596397,548.5976427264602,207.07835230534897
345.06267094885595,104.55091642941605,704.6673480630841,223.296180423406
270.421079522401,162.28672936536165,524.8917684133346,149.34701421523832
336.5100402047526,62.8981377389878,627.6859773312083,216.43251463033818
202.529544053677,72.16631860789344,523.1111484360972,111.38047441974521
112.37444200066294,185.215823943269,768.1913848894293,107.5883492733507
272.29437539723915,167.17413252292238,263.3526884446887,140.80972875807225
308.38895840648706,171.61622885418376,794.6035898304609,171.7582851324622
180.81327306549034,184.00344605158108,778.2119958006218,149.34416773744454
178.9718332727225,194.5023264062034,246.24891265585916,66.52641715272058
121.46533285366586,137.2994662517046,393.8137134781052,78.79127335782749
234.47282244133604,119.1698345648446,740.4338718832068,159.5483058237513
209.31869152466044,181.57757141528703,641.9733356799389,122.10943814213415
223.07924896090742,162.7329042910877,512.1092582845265,125.42871977444574
129.39926104590427,100.67138216345434,391.2881544184328,69.96448926522027
431.83036592446075,173.65792698296497,737.0593538583097,257.07404826383237
306.6374725894394,90.1127250467267,553.5059819367564,194.81998294826906
496.4836722001162,85.5611331075015,551.0769021070751,301.50688394259976
424.23730425667253,144.8588514697594,729.2686949304452,241.09494679652934
178.612852023095,188.32425895635595,792.0490874623706,135.08267779967073
416.44749612682887,169.32712449942665,796.7732642979784,262.9922661097255
205.98176855817354,54.777555566190806,774.6864632074055,175.45253596395787
151.67538877472947,88.55699869542903,785.9935016821006,130.61834166197738
126.87924217012431,59.02916322499249,281.11123955827645,79.70906144258134
471.65753022070874,135.8123455621848,576.2374870021514,282.18764715137957
124.18813227941729,128.85559567250243,440.8171108530126,91.71675325019963
260.8342588029682,131.5348121753063,757.2805978794463,182.45261846806412
121.1076399317558,142.6847693894162,587.5630398886135,93.16096306008602
100.00020753782661,131.05480718077996,229.02664411510062,56.31507790096019
174.34719807285222,145.18553209334607,644.7052817679544,114.64263611145182
462.62807373555114,80.9221713731131,281.3855551334815,253.81894556513413
391.7360215954902,179.45079609386283,294.05698136746673,169.5966788531756
452.0362095265342,193.62235867312205,246.79038789725888,215.63911453735224
186.9559052795906,142.71024059085667,236.93526766203843,93.34738526177777
175.34877594268107,113.68787887282919,232.5010608197217,84.30782952660482
130.1618891375906,150.2912019438894,766.2632727365981,115.17066435948722
244.03437437800653,90.4764655686682,435.9088774810753,160.49008344585513
261.7608167990278,134.30823194549978,416.3576865483129,144.12228179813485
484.08558245231507,144.2540947048737,702.0552173383485,278.5882815808241
213.0113041032451,133.08752732839156,530.6442358650401,134.26289524367095
147.19100943396595,161.00272821196617,314.4686657101619,74.90268361016419
382.31278078990465,82.21469857514722,628.463800714054,231.19730371958394
187.14224331591538,98.05751618561403,479.5203180622329,120.69383618511478
303.64807491833835,190.26741792366386,233.8165414073825,136.71454375906856
350.86886905261235,54.787929511138394,467.143582626236,211.4158296931143
349.9138587092094,131.41587409855578,541.7320394556511,196.37923506508164
361.1499071834607,56.55192105036438,491.101378488028,221.7641047799996
260.8688945963686,104.97884652680558,277.0597307451017,150.7476012243386
409.5139168676946,146.0893335525882,228.059324463955,200.9075545530931
392.59248919757664,112.78404328617583,647.92376983715,238.92614484253608
469.7880371637828,158.9962481898582,244.48146591726754,224.37637969458143
202.50111110474273,186.09257970344123,278.3437232681189,105.85064304896214
240.19152053240512,124.25495784626303,295.29919521848825,132.31198740205897
310.6786900844857,173.95499967287228,637.0506258550218,168.81020362870584
484.52321918211436,130.55898501592893,659.3300329775791,288.07719978118536
347.5341573304204,61.37023482549741,235.8144589834947,200.04725734920666
217.709162987127,188.07090449402023,625.6881094386065,120.28645398195545
239.30012645197093,131.10517939427803,653.803726264219,171.29322191660248
267.81959804118475,111.86557904328473,512.9981721642946,150.86189740898834
242.508834176811,80.43443277768924,368.6557980024917,145.51373764778643
141.61699972985576,57.20251285632238,577.111387498388,123.13079492027403
215.68771630842946,79.41853899605107,658.6236786165538,153.23533655452474
369.37335339578163,182.93288390671248,341.4979380202131,183.28067595431114
295.5482922506666,169.03953385926582,570.1208030661187,168.5081852042349
250.59787107756097,86.96733944956142,720.6884141546271,193.25182544252536
234.88876191346625,147.117390133529,354.1489419467309,131.32797991518962
188.57694327417647,190.24905808242792,665.5348156829504,128.42584212362752
150.17243963873602,110.79054345772782,338.6222894056748,90.92302171218832
288.7941054662044,69.85118868238499,654.665477527069,188.4095162110444
481.2140274122579,158.55528579106027,335.0573160918946,262.95838094385044
376.97316900968946,147.01583117904391,596.1800259158376,226.28983627136267
467.3802827670957,154.67437538634903,578.7356196493016,238.06742082555493
228.2376296341423,85.23887283350714,406.0496269359425,148.439318048575
175.27504786242957,173.20707135637565,201.6065976320639,65.89148209294511
161.12573795025824,100.08976410764664,374.4560094383645,100.01045324343426
336.251560779001,128.8320551269972,226.9620868788179,160.7444248041133
228.1821577043898,196.82227104640486,224.82386599804036,98.57595144104779
144.37623070098545,191.25961833860993,553.9584588537589,93.52994240678211
399.699513844954,105.8870009187488,542.5023711596624,228.75628081929278
467.39720933842517,175.38035046819812,451.0988010567758,238.444593078119
420.6562778900046,187.86344513763868,271.767544010809,208.1869141204146
102.29773348981182,113.00876596547525,313.91637630669163,67.29137656676183
294.5449531408898,70.85504984018031,494.4097128466259,196.90498220149968
373.82629103255357,51.558475462648154,415.7730885342145,204.78480298199239
326.065370644176,91.15286273801746,614.0725605740363,204.21203778275301
235.87493254185654,84.64159555503323,360.46184665157404,117.59354135282547
208.78097199791267,151.34069139184257,512.1371988245882,129.52398622252562
118.75810097607618,94.66652746189052,380.0144173613711,68.4132015316377
172.86041483881928,146.52866863434133,503.2931018148578,83.36962246916737
220.65284822592736,142.2687699995362,534.8678842683565,125.3801125547091
408.73744602457236,86.08213051921689,481.53044325487986,243.6296921600282
122.55024458538064,106.0944692785107,659.3393943327709,91.13269127335961
377.0529047659886,86.48803176877755,664.7366947551326,248.093474667506
140.77407845443068,190.5978786830747,350.00405296574104,71.22728126408356
321.59851400910827,102.14621203339678,274.6239660428609,173.58403376811313
310.49603879632207,80.93349796737319,238.0405456223274,162.94908497890762
356.0121819869239,86.01416963766366,295.35814467087636,199.78378022104212
359.008507495439,147.76308573235036,425.83040852808074,201.0391544927463
308.35864598223634,188.42807458183125,650.3553988207119,180.5378362670796
486.31587687273367,139.12549564414599,573.0263732110061,291.14848776991585
353.2319257396996,71.41423783529407,704.5231532677502,229.5812980293808
259.806766180506,188.25580307919014,746.0409275870961,175.0366316419358
238.40461314181636,52.438383953988435,262.6354750826706,133.27775363876114
287.0446117122949,62.305396713209525,612.295047252187,175.6962234257153
202.03366701162886,124.9921937649002,792.3140292002064,150.68470293744062
154.87651283362985,181.58083827484103,752.3507082856102,130.087000473523
199.2565096867533,180.84988271874712,392.22256437006706,103.40977270935134
391.2891463486041,78.9861320842156,703.1245017052079,251.756068289556
395.0689438691232,75.38310933749635,442.4073594436293,224.1779449491805
112.50722859138746,73.84918944459758,324.8622481257537,91.61692719854751
490.6976861892796,120.15328570414069,641.5299703649229,295.839847347589
356.11973345414435,62.442202415462816,675.4542009061246,227.16201837380606
403.4553890931155,127.35154977856885,254.27562887358525,203.03264010218697
429.56158771040145,118.54976575168949,532.1023377422782,241.7645060522195
296.23464091425285,86.070461937838,454.6744431324295,166.46990283558608
340.7559638287946,199.86159042613673,610.3150663658503,199.07857016815692
116.59342540285178,167.29445914485166,290.01331228751536,47.09546328833028
219.4166275787186,149.5889739717029,676.9199365063539,158.2806114083211
457.4287361330748,136.4738317512373,729.5143454428251,260.76700735273016
444.8023153630572,59.777194163235826,221.5512652201234,235.15768020778708
382.5066160627586,184.82743989251082,696.0913244304339,222.9068430538575
268.5992388192545,111.0953010309929,632.0102823673789,201.13197710348402
440.4895354360649,51.7857311680566,733.1463975720086,282.72639441204876
219.54630129098285,125.3215129970459,334.694580187526,109.85204577469322
417.8369838475579,78.7949376349225,359.18873612552215,241.0644878937089
452.46317282072766,101.15048313033537,574.7575679296381,274.388199491637
296.48637990035684,106.76253733630037,321.40746134727186,144.91782041186374
254.5951504492972,165.9853900909244,677.1262334131361,169.4272386317218
480.6986876999787,135.0505203429327,393.89690460759584,279.42693747412
335.9514797531123,99.3691017425217,367.35115518670636,192.82765810353533
172.26465602917926,91.77782669198773,215.31856990870327,88.98756051300067
219.48505176063156,50.70720731166094,704.9890153058686,176.01773724030568
159.5746607820854,61.10816573295098,629.2168767197063,141.7811151719565
369.06661711531103,156.94429166013677,419.41586262403985,210.50384105967277
447.80772682046324,66.8229972556171,255.2034564933731,241.97545840158566
131.72853605959168,148.18719604115986,371.50304109165626,64.43517145141529
118.03469629070902,116.86468712069515,584.3128134874254,109.26305345572547
133.4246654678409,159.46717115302408,550.526567940399,88.41502557783474
306.9979301859499,175.39655542976072,205.53863980480324,150.2281773213715
388.6497676387449,183.16941238738832,208.2099854671158,183.54826709166946
431.1196012110526,55.72450439232104,603.0050265233269,269.2374963371875
307.4537560837407,126.19489412806405,557.7412609044117,180.2557176592492
489.04803935770514,155.81970054810256,200.19984120407443,241.3492928270199
427.12428858200894,183.74527812293078,446.8200707999081,213.68391348595043
403.85166406859156,185.52282954916527,233.81430987371212,182.57459514776153
375.4151238830107,100.25141742961469,616.3885865981422,236.8351115736015
397.95280863581183,93.70864760899869,480.41793695391647,233.23590330098745
164.99936803526674,149.00439016290625,205.16395876430073,73.75167007521036
292.40218671507205,55.92106799431157,535.3622058525483,176.56275373337905
390.12835771988364,79.4178589891227,468.02663754828893,221.87636933026604
213.74908040978835,60.45311725040888,332.87561280810604,122.83187242016551
231.2463077318094,85.40569522555889,616.2751322679323,187.8309855684702
468.3892671603251,142.55127370323441,474.6026247856846,258.0840173015109
283.34685031731647,143.65556550779783,779.5633414938629,196.04208831233476
117.63211740980455,196.10334291790974,586.6737375779245,71.88015786792417
451.4742698269954,161.51624135361732,203.17832384962975,230.55803437556702
245.30289984832788,168.11555805806182,356.02143675234447,118.95254497396787
183.7192095054339,148.48921892367616,260.68586926442504,98.33184635978716
336.6005880955279,92.03092743509794,325.706117185283,179.36920413359454
331.8211603408445,193.53770957674482,710.1048693053281,208.11438671561632
162.90616374744866,178.54046577367504,549.5453636871323,90.56951552167423
459.8034550795689,99.12009288212566,537.8324966112747,262.72317793951254
118.94450524107248,121.33783405884306,414.46362567182507,64.89048893921485
203.84761872580032,73.83022389103785,715.2969896322776,161.00662914888375
301.7312204182613,135.41786264764886,312.558966256239,159.3688100866794
252.47935356543235,163.54691336105637,313.51170672334797,135.88299134502094
155.3497380659777,82.56584945363275,503.2313397670847,113.96994258987914
127.72513278282185,107.25003723007734,318.8031989860735,80.84844980961357
136.42954822858485,104.96240465275058,246.83794272800674,59.97818708772029
488.84019815289975,106.85089544992817,323.0544693195167,267.0500667555157
172.9402251638578,115.77363329655077,647.3690609099206,118.94091029609415
252.16041436596694,64.1934550518412,566.3914168550851,162.35494786517094
297.0125347787674,57.082572430845325,318.229182694392,163.3492167557925
159.82099013139535,185.28082890325996,517.3914293441819,73.28319328038363
177.0091911961695,199.9174206863903,511.32065556858475,92.60475383211431
150.93693928363655,154.31434244132186,755.2758249561144,129.62873845924557
236.1002031680784,98.3117656424219,742.8718306017521,188.20014110591208
197.21023934060082,52.483751946982494,240.41068006936118,109.90916041167577
328.0313995738745,139.5142914326662,534.0934836630967,166.69653541156993
448.99689888223105,56.18096471021588,670.9659335142825,299.5017008342472
162.88508596179568,187.19222516395945,431.2788786194966,86.55548659903968
137.1635543814595,82.81861334481646,440.83298736047254,96.28676988222492
258.09720297595936,173.0427172023937,453.2697675024419,160.03306914640945
182.76298181845914,78.50595194116899,521.7279749158517,140.85822062580485
440.6057506490096,53.796581766542545,588.5097145213106,283.9970986061101
171.55013235597335,185.97821729471272,223.8997407573562,61.78750347468729
284.54717971894013,170.12580969349335,375.1246143743531,157.79121380193857
235.18331905099097,144.2848432763585,594.1166405106636,155.4051416394068
303.9718058471988,105.72565108422083,570.8856042990018,184.70902152309685
474.65015428990114,125.86175770649622,623.4284194228129,263.7451012458476
481.6626004323592,53.891205099281855,726.4575651609883,288.7890983483106
311.1234924012567,134.43600426483084,550.3852299427683,181.6174705909578
111.6686206070772,107.26799440012711,287.6114523638545,61.380146919686446
419.0435122679597,82.68849156067259,566.3528485867179,239.2726569329087
144.78666857601087,142.05310489660374,586.6620961769496,93.65426685118439
358.99844536697236,146.2162120412216,715.4198882562343,219.94175581242527
271.20334960885197,194.1066315366114,727.6427579861797,172.13608022823752
144.7671841195995,94.71824815712351,471.5595592842032,107.10327849319104
237.79958050532431,119.37807856794774,458.2595143218613,141.3895802559604
381.41773165237714,156.3652684761533,275.5673314589243,182.8972808656281
372.4709800910185,88.2532556143087,722.5246015258984,243.12614053709265
232.3529621706478,157.71081737272686,619.3878790481224,106.31331321912555
103.67966113821043,70.25705388570874,253.40625381491003,69.66260090204617
172.1965091578161,76.33567111350804,782.3373223980652,188.11938486087752
287.42077505966324,165.1375041818967,355.72126985007145,153.63909750011572
451.7708165881958,153.60601867565248,248.68281442897603,210.12526798788127
356.30171644177426,84.2606828424949,522.8690032006236,209.05365434796838
487.5359554150509,90.68845634191038,674.0722781751533,278.08117195652295
254.93933677097837,180.0548354770569,242.62181088020762,128.97780679594652
283.0925446353936,133.00313474376264,621.9464650590435,179.49384298962343
475.9733368514928,132.53076904143487,465.01427931013615,263.75258408577673
369.4732003168546,141.911554911551,341.50663947638293,191.47307565608241
334.102020990831,161.04165830210013,304.92245789647444,169.50598036965357
109.48975262433271,58.240824879555255,251.08960945120347,61.37318876598576
168.20061876357278,58.50368686929867,532.7013423293222,143.85802683790104
151.6623385349041,139.64079138729323,427.5105046810085,94.57033087903943
159.66135330003235,65.63403252807146,264.9624244816715,99.99269777760846
188.2862838697339,181.187271270113,636.498314646559,118.51429404551074
200.65392294261528,116.24491141633717,535.6226149127621,126.59638856660776
294.626384132675,133.44380244785054,291.4889007698462,159.3786798338152
183.23327862553072,120.45473771085742,421.0322094322337,99.22306503958099
351.40223313744326,119.879969553643,625.3105188177142,196.9321214018615
432.6308439016085,89.40347833122411,639.2156543800693,267.85115734944156
135.26771005364301,73.86335363902165,263.6854666655839,92.47039188513735
457.56344955005954,180.7654499517381,653.9465520382712,255.6832916313958
191.8159263113568,148.5664745516027,308.0814894874344,90.4168816164552
377.77392820271143,107.39460672497418,433.04391372700456,221.3210159888796
477.1824617679632,65.53916856584797,739.2833466045088,293.938456883831
442.3438826521581,83.23307370911462,680.8180954602142,277.3072030392048
254.63202914541708,94.55564986008567,586.1890317567745,159.6945755604897
427.592689730431,84.11638636122575,523.8478991205222,258.9519571533798
295.3380694369343,126.85991339057749,479.93317598520105,157.38541330005475
439.9722196138605,68.32024937146556,446.737671000148,251.10256646339337
179.99105564256791,150.40114621588287,766.5458665602822,148.69277309777965
125.2171108672258,165.7260271527364,727.2746622325244,101.2742194283203
357.9107443500424,68.15283928472806,339.15529803826655,182.8124320619067
258.0145445773227,77.6614896473143,631.3734993324315,166.27330145245222
338.3033104371698,72.93675025348733,766.4906765969089,214.10337574691079
131.08162637086411,117.19770946615796,564.8230212859571,95.23913572723296
400.0143574104069,171.32861853861624,702.7011060540926,234.65021268250672
133.63802716544592,88.571931809659,772.5894506486702,130.49208498357615
183.84932276427082,156.51296656888854,559.9405649479634,127.30443559848969
121.36169942877007,119.19081548538858,644.065756990657,79.94752379087251
489.6608890403953,145.38139317168554,422.56360201103394,269.1841570916715
213.58579327898713,53.1702102542669,412.34458371359074,138.44579633387
396.9347372918867,155.95432474738666,276.12218443789027,190.6587585559331
131.4651315640011,110.14236063381841,228.80991374025487,59.51442730710362
190.62543451744534,90.76160587907029,616.0564195090751,144.34828578111888
340.65422225517347,156.83793536212698,791.6274467669552,232.63090218391199
475.8980110412431,72.93595729132859,475.8301902897941,291.7517277117253
180.01512099644572,123.63516140448382,293.75723930307436,69.38550032967233
155.016378506543,131.3077233131181,622.0125419544178,127.93169091854995
235.60715484412253,90.49591197170014,207.8873601177392,96.09794198040177
429.4291153114745,133.4167190913485,402.5875410454279,242.2787243692379
164.9017129762185,84.80990925823072,565.872136286901,131.72227213180423
153.52672710441652,160.79191849783675,411.43234980461904,75.09022913721606
117.5247370592011,162.65828889413433,495.85587948942157,71.80257979413503
445.2297060149805,118.98630033584203,236.59196579791063,219.2386593124813
152.29866489105711,61.94823089392028,291.5792255860309,83.93973434118794
140.88645760720735,120.77533476795124,587.4181443505441,94.7991429195467
180.51208874354546,180.12710892643767,535.9276320433196,115.76227060562957
477.2848163617242,139.03908654630158,451.878258484757,260.8721610503247
280.3485754332956,193.5405453824879,712.0637423460698,173.53793728586618
253.90293482209594,152.00637817569634,274.8536529111169,125.40140101971076
360.16653954590663,149.12826764759228,256.43793799910503,179.17236675972993
456.359550259603,186.69314615389368,656.3481722886802,258.1042512712951
229.04513706222968,94.08510096023647,790.6317720011854,179.0318287851101
360.1547270321239,73.44636546415506,654.9485959665874,222.758783956592
422.9063300428326,101.42132168254463,243.2933439805058,219.00111659979856
153.43623696785343,81.56012893615537,229.21268656819882,86.9951002434535
278.7236122645206,102.72574057790797,780.6527473877854,185.30526053263316
452.8907693521191,59.39659351971288,418.72830243102635,239.53320170699385
336.8214182985645,120.02201792218493,440.00718174004373,195.1484452393724
424.3326179950445,182.09140966268558,396.3598664315008,214.50058900702254
155.9336152066514,104.1552791753331,663.8391430254667,106.42254656950743
228.26795285166307,162.39988219558194,201.93152515488657,108.64889526142156
124.65503882755806,97.25923379826742,384.9207260993967,88.11139758083068
215.49806254185336,107.49955259152513,218.2073908858412,111.09385062848129
264.65229690372973,105.00601370138583,389.62359894955415,148.75887228593774
369.254391264547,156.22641568549346,729.0115363783322,230.49722302050276
363.9143174872705,198.6987425091851,375.9207548726422,196.10322761085496
114.64807765945059,198.2849088873739,577.5062288468182,61.919350441705504
239.6318896784141,51.468401974258086,687.3481750504238,187.54137118374257
320.78915028070526,57.5311312776444,527.2622979878174,192.1325831212863
144.50625973268876,105.71199852168057,386.28800322489246,100.236691922284
454.59006527408457,87.33418202597167,423.2242591386165,266.1049202777074
118.2684914209136,114.16198348047145,763.9055497604742,131.2809581756343
419.3675872856662,101.40412378217235,255.15907559674486,219.1279615014659
192.66475969674343,110.81383084854076,228.8474012703714,99.22997162538519
334.5369446622566,112.18615113813962,617.1553205175544,202.34919971781142
328.81805531307623,189.53954532635453,289.3076020682884,149.09502279842573
214.22834967652133,99.79325716743377,261.64378209245757,90.59416752940876
344.9256085836291,184.35571694544223,751.4810182564293,190.80677950118826
473.00204418818237,150.8500097259753,688.6742355980505,272.055269925523
485.11692317029815,83.18413815938078,518.2534122647734,277.101963156223
249.3877657981206,166.0089287636079,698.8871856778794,168.81326974910004
473.3715830240047,108.64224392094073,604.5228533590491,289.9920634612502
110.80610262008248,168.7174652705539,647.44927022547,85.91973470307136
109.36700718152568,131.39751229071263,669.7652984826619,105.49139143138844
157.78226805558563,138.36472694561132,528.7350971295581,116.48529116762008
496.48052784910186,113.43725691210963,461.97173213413174,248.58006818971765
435.3647659373566,108.6066363307111,632.8938448827757,242.12118075270138
305.9729363651078,81.39345449910192,710.6522304103505,202.58419302375214
198.44963030867765,67.81003736383578,796.65764559926,163.1071881885242
263.5190767414422,120.1825125122053,550.8792460889345,150.4251678216697
381.2784794869383,81.47595502147098,328.46013487538164,198.4307450408285
371.3650093626215,142.6060260490434,544.5152085601795,220.99657202325125
297.0967965095183,111.01295070779364,477.30262701626816,166.2209556128801
123.09098396632017,167.6572491329299,506.9715530152462,89.85914324237783
108.02181658961771,92.07982754565535,418.94815232441965,84.80382276857084
189.40268472834506,81.63858594984693,666.1623205118996,130.63541750058212
160.14065039862206,84.78445667396608,560.4216679366151,120.45488111809917
400.04591891093787,163.05274160472996,572.8262356385819,221.845226273072
125.55259794893585,139.43598307277284,691.3105479339091,105.04079532268248
150.44476859651854,98.79592843812554,236.44437348210153,86.47456462093221
427.2855086068721,179.00755126832587,459.90482637296356,220.96739910519705
114.81816864802097,58.00633301286559,342.42074870840713,87.48468105188998
359.63020152656645,114.4580068100515,515.2900417355431,200.3882039082986
185.18451155711517,75.18305467351257,671.364761955799,144.74705183087528
134.35786898992336,142.61547554718905,740.2954415907623,108.85507687945868
305.33111660827905,181.65720035034997,570.5286980652272,191.01820558433982
103.837169620203,146.85475849298587,541.4512777131044,78.61729961453506
163.99659647598526,50.29393931166477,393.1778649231421,113.005536252437
195.07943707356876,146.8137434217259,602.1162092425917,136.356908269207
411.9099810840803,107.46683950098242,269.0220602532588,217.23978526253305
432.10905489036054,173.1696383432251,292.5604265755389,217.00442737061795
175.78670941170918,129.39359801051143,337.50196190337556,94.95135104389018
405.78919385860036,107.43476097133144,627.810470594294,241.98959297128764
103.21330220682054,105.91506186474012,440.0552312071213,85.18339036649824
446.5825787056081,159.58684985259288,615.5141222926011,253.53871722943498
343.7210894716221,157.01955699513488,406.6889820161512,200.2100728289718
339.70106864090235,100.05596304462065,645.6505513457978,212.7811313156385
204.1554573763812,183.39714738993825,314.11242331279345,93.30616514655918
343.24410908437903,92.68187864564032,518.8972566109053,216.651718869526
256.65567256813824,194.62478176618487,745.0299819584525,158.46539700568053
485.0773463302337,64.62124779723553,410.9838775508532,269.52344077631005
249.87826379443615,152.8589465959737,788.5450358121897,170.90417123996912
349.79675723455284,190.75276364117806,650.1547758116473,210.10635078355025
134.7518069142327,166.75856966260952,675.702699320633,107.25442030560443
177.10551737042812,142.37123492853354,470.5279173425087,117.41592804104293
207.74723683015634,199.99639106124175,525.6591868944556,118.89700586000322
497.15667582955854,99.47150086719685,424.2594646440989,270.1325707284319
435.1314244177165,172.226271937067,588.7592842992635,227.66645035544278
406.2708882425435,84.80147588411506,412.7461899733821,238.1632345021762
170.22465149709222,117.31091237103539,565.4815596497455,118.47273977179606
303.8329597324124,188.8680430973214,692.4665168659216,204.46646569674672
444.9830400040837,71.62741272408525,453.8262729520531,252.53670487966164
461.7094328041717,103.77685444016885,751.9106476106731,288.68806845570475
336.55104861367965,139.7772362494676,676.9123976237322,202.9808863244459
201.21358054502224,167.7378974951701,700.5358110751965,145.61318850634012
469.5075960380213,184.2144644582568,324.6569982836388,237.47672698335316
278.2514049139439,78.66702479667556,320.84027939349767,156.21379787828025
360.0481377598846,141.22935862081988,367.39285403171704,176.8821375734452
339.6993173193416,97.57576951161852,727.7742845732648,235.11316166020063
175.7270593059411,155.3426139878593,730.9892736826566,141.71514922650255
146.9425018755977,148.68534974497885,671.86490773437,100.8907200028251
265.6851952108485,77.54587189067215,568.372350378457,166.4216110630518
428.6550987013789,76.92121995285954,347.38761816990336,230.4952236339472
133.37680682493107,128.78774697108622,783.1668394744104,120.12038376033617
117.30871289692303,184.44778123662581,217.11353463162243,48.91579023319793
372.86789636442086,51.803842892463834,679.801826043259,254.44528888319806
357.30424088845473,68.9032281938037,462.12321095175895,218.5511891060519
106.26292685619259,96.52834258876814,648.8745524460621,103.71751589413765
356.2081414965996,109.56330330904674,290.3461444555923,169.74136265921348
470.6550944507997,64.50388138765199,725.6978170519906,305.79132312156315
386.5775506196559,104.69784029776419,312.4002053183935,201.43466162721083
264.09714732711416,61.543441228640454,727.8085610432823,200.4208855508161
345.14320001584616,98.69785069820335,507.3926797528413,208.7745978929736
360.2959700757113,103.45716836625051,254.8391128222325,185.1995930437153
289.06138325985216,131.68979765345873,301.26067223064985,155.94741196335787
406.60902207061656,130.94365383825618,409.78263264728196,205.53482258048092
102.19259611783392,193.82133640800097,610.0949950162569,56.05105869827655
133.49765143028947,148.77205021934714,423.47303077973186,74.0841245560062
190.7901846100118,112.41231414942972,594.5184029924243,115.78161636871708
477.97615701853124,117.39093330084508,591.5440123957819,276.1189680635274
408.7501670498831,96.74027000974621,600.0532610882624,241.91735354017854
293.3892929096137,161.6212947379924,219.3932449769971,137.36266733557383
338.5141374813182,174.23991822347634,753.1865799912805,221.16649169371948
444.1301764772193,193.52300511106196,606.8473822787828,259.77230602642595
118.47300851169052,187.5025611150795,672.3464859463082,110.56514417787695
105.6169071113088,100.0498657236717,537.4503301015018,102.95186058299731
208.12113064913933,195.3579294556793,216.38750502008898,94.99952770892149
276.54967312176814,95.03424969110043,349.7390939406187,158.63153307861143
464.08752326505385,109.35826447149958,750.1028351095158,284.296579262161
437.51256674114245,121.48462547198885,692.1838407518042,274.88466318400606
199.6643594509079,94.78871696044946,311.6719931292339,97.59695440015042
288.89814532136785,196.46328842613647,274.93567052882923,132.75473494346744
110.76733142430312,135.32460751349458,399.9401970330367,76.03968765399945
304.17079977353274,115.1089533895499,462.6270866293228,169.50536173142658
249.86347695313512,162.8543711334394,282.19279965956713,123.45470477116633
278.1835995313286,189.87789652117053,391.4973589212856,136.88836746268902
153.61013224903814,66.78137497229584,270.68413330944804,99.79470895951538
481.80569314886276,145.81377414415772,323.1731195089259,244.89847412953472
328.0748043707184,52.34012036401416,520.9454060261057,205.4220404190923
149.09648967281822,127.28768160698772,754.654868182922,127.50255834922919
464.1565315609141,64.47884791516582,390.4505995315653,243.86319312296192
323.3026564681544,85.3198925641453,374.01376647567747,174.04311638619873
270.72096083889255,59.52436900658901,466.1753794581281,179.56797264702146
186.3404561829454,55.72911176562035,518.7347566085358,125.37348528210669
223.46738460254164,112.6752633036009,472.7145769151044,144.2954336325363
339.11588328241845,159.01896808979743,558.9719686129049,186.06553757365566
324.72630855591956,92.3889036352766,521.7193965370138,199.14870207348648
492.1644077035091,107.05846723962314,399.55046268954277,260.9090515102716
470.3952623486653,130.28940315927377,459.89638463383113,259.97806687584006
386.55762321236847,157.89715119764836,743.4142140538742,226.76412017529435
117.00839112262958,177.5448582130237,274.7642461551501,46.04774233679059
390.3344724805915,100.44410305349726,330.3936780098468,199.1035198122789
187.1358193356926,158.53969982273188,611.6428877552596,122.1373532528179
168.46396213240075,86.63540409444599,586.3171194874054,104.82783205690377
167.44725738827879,123.16407892016025,217.65819611339896,84.24347824072294
188.8882505871597,125.22802859677064,230.0994766134737,86.31041437468886
126.00015503741248,86.10726356202167,651.3323889086051,105.19319179392532
412.0058254706384,148.41142721928327,203.47454335067502,194.37919799691963
197.29323952341113,129.82325672417588,482.7116196509593,125.70417620187737
289.15442310651315,101.4047818995954,712.1686611373233,195.20218862283775
106.10474135810173,176.6449055744931,531.5542646017522,79.77930282835055
346.92660774954754,115.93887219662469,654.5047460245328,212.0991212624533
346.0901186616925,169.6905623000864,353.4567492052247,156.39614477494
303.7266127116145,139.8837340378849,647.8694597615988,182.52974156395962
402.43183779476703,195.96041644065448,745.1643533159257,237.37385706314558
303.9096107670233,80.47353188521993,589.6700983822327,192.63910258099148
244.633284644252,88.71398185182352,558.3275425766242,187.24793057398676
293.6796646130079,112.74077847872891,486.1075441221786,178.5578375067623
202.04993258143787,120.13733632644289,253.14451583247197,115.28500467537492
104.40106970914313,174.92670334873168,744.8281347955038,84.23110989006211
244.00304993696585,115.29785409236591,594.6800919594945,150.95976880196602
118.02812149902041,154.6587593257197,782.4371603607314,109.59508405207829
165.31330023065567,73.01181088500273,319.1547652170553,94.44356838338085
303.253005468772,117.62128949390895,729.0801578706473,212.73597610813744
231.95760171089591,94.22315388875393,651.0336423640894,168.73276445525357
269.326158411703,74.11964609698839,773.2275406272736,178.02302022326097
154.94039661248627,68.08197225298213,351.7586728206138,83.69341330852663
251.45112893120944,85.8685243746553,354.1601765979519,139.66442370374497
117.23253035031868,137.61189193988216,484.83809831474076,91.27840107389687
119.99998226445285,131.98239870391444,588.8787819366364,86.29069959396128
193.73172004965045,74.27757898756934,391.11695339808887,118.11785215706092
297.05421377501943,77.60601482511622,389.6275959172568,173.53254127818175
183.00726838510684,78.22344340563002,490.5527335659169,134.13802056655317
225.9731207578535,121.89721768534628,308.49425819459657,118.68743399911556
314.5351339461265,72.93733167753653,586.6960317286382,188.37073929662336
412.4270688960677,65.1352840161715,519.1969950310421,257.76998113821514
425.2581659451009,160.79634695612955,655.1210116616735,242.20760140084963
276.49935748766103,84.17108421377574,305.4469733278709,128.64829081273646
253.19017909898153,99.14976958565003,646.399341849673,154.38717241706289
366.15384799841075,191.28606440663347,681.5422148372177,214.93756008416
402.6306072305614,55.746163954829086,425.85233616008594,242.0809508309394
118.4745887912035,90.89353458981468,250.78733835138684,50.81867904378546
369.1683349628709,138.25032962214533,696.5671658505894,228.1605536229684
111.94234246343714,108.29538059645361,366.1385801980282,58.634357226061525
148.3855756196536,55.850970931806074,281.26191503707963,93.18787196223292
357.12182282152145,136.638697139272,337.38299010384196,180.2477266881441
346.8405987800909,105.04121918064544,645.8638519401525,214.93404283130124
198.802812769993,80.6499929388637,319.05464928652174,101.29654102775679
312.15716755986614,146.10157978869907,453.78767276932604,166.88213774064403
120.14560218387058,192.06808303497425,236.89888252103844,59.278262886822674
452.3749237857508,109.69497635468517,533.2444510238486,254.7791833796058
428.1498251747599,186.11623248209102,268.0422306058383,209.2724685326197
285.0875165554236,167.7011644382623,358.25317793886535,123.55553589681259
347.99073293602163,133.14859863061898,715.2231956698668,213.8789562999752
339.66817512834825,196.2570833919999,628.1439444886624,195.85412031618694
395.95688619431576,119.90820730506478,277.76159412009656,200.329958232103
320.1633976971168,67.14261292835364,458.5234283881899,194.71137753707526
286.7413695739854,77.42073324667275,780.6012700678122,197.41565806086354
463.381506466845,180.61172269265205,385.4212455561998,239.01350368598503
246.79878206815533,50.781179799234806,204.99446009549683,131.64020418436513
185.25422490170735,190.90259270395308,670.896315883571,119.65600651691499
302.7550843416116,64.02182637590977,477.7554248534704,188.02775339177563
255.1390636227588,55.829133063346724,567.7282836645593,148.50702164409807
362.53793437391306,51.48252355062727,282.4198690736459,208.7045099725709
325.42140791253456,71.94222544047624,597.1299653264717,205.1038400579612
370.77707983905,89.5902859341725,793.159481586694,246.83081009903614
127.07212894650488,142.9351986404168,490.14689055209874,87.6320711527609
472.27860556120993,69.60872817946155,458.82013550595684,279.72661391024445
334.2815984710735,139.2445891590105,393.72543055286525,169.64271935753496
227.0042940229109,196.70682807416054,394.00612392999744,83.42605713826349
199.9510484985376,185.860410674889,763.9322276589195,142.2453995518598
455.3011845100423,158.94536098553846,417.4865547796872,232.63704467617976
196.7478416104067,84.59019591236168,592.6481733415096,146.94146595488473
255.32779288718288,164.97320407859377,360.0181077438888,142.30205814353988
233.14319566416185,131.3271650727017,516.0821856361122,138.16588146575822
232.79739327312575,79.79411262798085,275.2623060335874,135.7846458449784
141.63487966821427,52.101921585280216,331.4567956210291,85.80507091728612
320.4617186565356,161.66529449488638,311.37696248664344,155.23451440749378
206.35931901424405,191.24116207805193,415.85606053789945,104.72297742871159
406.53077079505493,176.81051803348575,613.058414707117,221.3703904059342
256.5973220268289,51.31897923140535,447.3022971760268,170.12595010535827
321.0419969736056,98.14614419079467,739.5130090346396,213.43365807667024
443.73517150472776,54.47205648349252,671.3505981394595,282.94807481106267
330.7086306473326,104.25561500347902,239.16357817008225,182.6380930383824
179.2830494359175,101.6686818923267,520.7019059039051,133.88426749422
429.5785792864418,184.49878418893258,466.61029946147755,223.89147050428298
113.28484194038953,183.57964327434098,334.8073740467832,48.27126887705934
284.2222713365714,67.57479741559362,375.20063315893947,170.53344577799248
453.481558049125,147.02985660097679,658.6056890012533,259.05477804873277
258.3904358529025,63.97574941468403,707.592063302257,188.8857731568484
276.74433944714144,89.75322595397559,784.9379917072167,210.05900453506626
194.71490484838966,65.51314837590891,522.060343120241,144.0802204592048
257.27715147212416,137.87677962383225,686.751695694345,169.115565703669
356.672532389898,169.73604860012705,347.01153391483035,174.302524224107
139.7124733843566,114.08429544927829,346.2277167976265,59.90981924375797
407.9119523447814,197.7255278234025,478.23052235030343,221.47433636720143
158.48428665611033,114.30591435178914,743.4260046456972,131.545521398279
396.9622249541136,171.33953516554152,530.2189096250856,198.8355777122048
451.02842855133343,172.79647578583595,509.6827945869763,257.80921919022916
340.4110914850309,135.5663730156978,448.87664831136703,182.6261409215349
328.3470007086638,73.26802172347432,527.3430944895922,194.42584740692726
306.5281670086398,74.04641354896206,770.7396670197429,214.4775999190977
192.41782420029426,105.1996145231173,668.2852199237805,149.74034062540326
482.0632098687007,122.86377411216597,747.068617159373,281.05976695118176
388.5251158259579,157.15777833598787,568.2763325569307,190.48561910470613
223.49602242868917,97.9765185493878,262.30306043920393,132.90808692174832
376.06322655328387,90.99851003840578,268.8479419053139,201.03135213425085
277.7614891075963,157.15422784106295,256.40372602250113,144.88278024727316
412.81500449909163,63.13164385317215,456.81266660355556,237.9578360920236
353.75548598856653,177.42755123722452,431.9132594057605,195.9061241448764
497.57810915973806,63.281564228529426,559.9472033912677,292.3660910844408
349.7845715879006,172.83205727501928,789.8843279099113,219.79949840589242
136.76464469452822,181.53065800294974,548.6496864888168,99.07439114390456
326.07708228759685,155.66886330395585,495.0602267392719,176.68244218333606
298.661995382291,168.25944737926847,645.763394012886,163.06052878649484
262.7862832606447,127.3240184994653,394.00391986430776,142.72599566430398
286.3947687312817,162.37284597616912,669.5543557853659,188.41439130349642
113.331799955371,168.6177247474168,514.5277025837971,78.3198424768132
282.80726554524074,130.793371653309,320.8334248460999,141.77808787043395
295.47551174065364,157.57724989351684,776.0793660734232,179.38941606373677
210.07909251077388,175.44810075342156,414.61529300404743,96.09723699936191
180.4264814242261,150.68776500234839,464.32039324994645,127.59319915814557
496.0796293851636,186.89523561051433,289.6792768721463,235.22549388259108
165.1047358293838,80.34465993613426,656.9099173048146,151.27945576892196
293.91791547830815,186.9731209201524,237.22015958072228,130.39624566440364
175.1947791173224,193.9258462555508,791.8273696871938,127.52083738455053
350.0204411518859,164.25756471836934,598.6842157640804,202.6797577347497
368.4990420779732,152.718768097784,384.2438783457566,193.48356303544162
384.82440486986405,107.29365614791526,554.1530713815534,227.98596796428663
402.9418649593095,199.7540368938985,701.8255875442568,227.04259916569364
282.9774589024222,91.89786540764166,607.0745668905349,190.61919306388535
460.1934068760742,144.19378856651474,312.5781237259542,219.60755496798438
130.1736755658995,90.64855155377413,314.75556822468957,81.67579820676636
212.88347368199715,69.06218026152365,445.9414007776596,136.06670683394054
449.6240163841843,62.094942611525326,730.1139053659938,299.8126576347716
197.222228083226,191.59467476116095,781.0358940839045,139.54685075091302
229.22489991670722,82.23443665619502,462.2759311814066,146.84375372203414
348.2440754349415,124.44995363522715,413.03354251135005,187.7391259130086
408.5001022647143,196.85830387576678,404.6855115420025,207.7492005613195
367.0850505931186,168.21485832034298,546.8341798920521,203.5650191330032
329.67637965162714,178.68241715487864,357.0289389766676,171.535808430436
439.537976183682,169.7901156802883,403.2818684218113,223.41895591222172
268.77210334459215,125.2154298376336,669.8897264416803,187.37415412061893
228.2316605129258,143.04270310284667,232.50042653011823,100.38620636383504
247.23014712763361,66.64643383627677,456.50707573123776,157.01271031846565
133.97020533589426,103.04904059909433,768.2130388288741,133.02350691591886
214.85187331323243,83.09062457073333,408.7285655168572,128.05325570365613
480.7710141831485,195.75145743011154,627.5198781086915,248.01321962436583
125.99946812548893,107.05529218596983,518.2274548924473,103.08762855304538
384.8223736978715,115.84918495201612,585.3779705770773,237.4344301842555
348.0178940469967,147.87143854071002,569.8603029303508,198.8598768072045
476.5031192333796,133.64008778586395,413.72330456276353,258.97346765103185
221.67570396940175,73.42204859653654,646.1719238570004,159.07753636825643
189.11259266978948,85.79810126506912,282.9705463862365,115.02830838273891
381.94618600482954,184.98908721365206,786.3320842702856,229.64386537093304
342.52531005269543,150.4181160311288,445.3765758349397,195.1175539383428
482.64603875509096,190.55017204411175,470.40353879129617,243.4978279930762
473.69696709381105,95.38540754575965,555.8611828926806,266.60278132007124
287.1598296120611,133.8121684601902,358.00191183093494,138.76322916150835
100.64305472703192,148.70261553048982,451.0288964725094,56.901547064326024
268.1945595061841,181.52995290479686,224.1455998646849,122.73564673858209
363.1845442789385,156.32227766281372,576.0004530509902,215.1243037710321
423.9569870304342,156.10761425643622,518.6373021028771,236.57095368719507
162.2286506045391,53.42486063502778,768.3415256555821,133.78564854715393
275.5170680771854,171.01103016175176,269.88289270225766,142.33142308210813
427.0748092529973,60.12708560289562,580.9831575925135,257.77768486475514
175.45266046618127,51.962741232501706,775.2666856712118,151.6950388153989
310.6157566836745,138.0156856350028,709.7450045864522,203.06661453426315
179.72304874128588,112.46012117673123,222.71801209435768,91.92447745993479
127.60402564367354,64.91407211463053,515.6262760714285,104.37657083308426
174.9794680729933,144.01073900162288,618.6000222137727,97.84059688783877
308.7016733170999,180.675019857068,752.1922737350533,180.11849101378976
312.1713730987552,65.68003141389451,436.1481611623588,181.07438447332166
280.09882011334787,84.2494077351001,440.5185279392862,163.1367967884747
239.80762257234107,183.74973293058838,693.2919683684238,142.5594448761248
195.1553448309616,88.95593732768009,373.91960258888184,110.96068223955884
103.61734967088232,185.34053382965465,356.9906135568348,53.08525532425094
101.64234349183747,142.2374052841622,401.4829006989107,48.40213475751707
270.8661265970037,74.31609640395193,508.03665269930275,173.9742758346905
317.32797158416236,64.33101061354824,572.9745670222862,211.77865808100566
327.18938295422004,73.29315412335505,784.3774208603386,230.0655218115753
375.2329221196556,102.69386323907241,506.86149060715076,231.24550832047044
331.5883724438236,165.10049803814212,482.2908075917826,206.67501221155146
350.91103074041797,194.8092168839271,497.8460580894731,179.13423752558654
422.4243522547721,192.11723107520862,643.0526675168543,244.92297589016127
330.34911581805625,176.09043035408064,429.3862366925423,185.99101604797602
398.94259133188245,199.5581984957708,653.0991867448723,226.152911707587
239.86582519565096,182.26055930740662,289.293080506723,121.2898357754874
441.66100184872084,70.98882937273152,543.2201988886782,250.74577021637757
236.55796223387838,103.15556736997237,349.09601237328854,143.63198721043773
101.97220693683656,133.55987978179448,649.7104414352207,77.5746850749189
322.080481984474,62.43849190316038,506.2930518466894,212.72925385866705
433.22580716925165,52.26322687156494,736.615953091836,282.8230444528308
327.04821795644557,137.31385174349924,481.5928590905666,183.22400101597626
313.2119129599238,142.50668901218677,223.1430025844296,143.5435581074044
389.32772911959887,119.4236791239753,439.72397252470614,208.28173907643256
222.42673917782562,182.27449878887066,715.0812846540398,146.3551712603471
323.26116094395604,191.83123853138522,438.6814326552761,164.22033130472374
171.89661103534957,165.43721174627314,414.84905043327683,83.31975344796761
312.1140815570518,79.56774202407497,250.88565365006332,153.9289038570039
189.42761731312547,193.5106478162166,652.8139794594666,126.9051168977209
134.27357717870936,192.5059813036062,436.8284785612807,81.83034489736457
130.28593191128334,109.77338724571192,263.08949527774723,56.656978673375946
196.72959717215576,65.35698845372366,541.01306412114,132.0805793261705
472.7790666450692,133.8428384410149,252.2008795513783,235.0914803637264
392.55691252101343,157.07360960252086,533.756260769369,206.59623407311307
147.40585614550633,84.38857454481214,600.1515327473651,114.25765310524628
382.7201575900626,156.60258497838808,707.8251862680349,227.4078717629867
439.28764726985105,156.42923421847448,786.3882215711166,275.16197034561856
424.87336927563695,92.18796428778364,689.5917917440986,267.45921101754226
226.3661986414481,138.810224599072,733.2311950740369,156.80028529580983
348.1109225964002,55.30700042661259,284.1159304397318,180.20994982813448
204.40280399092939,185.976287502694,373.54929251566125,97.57064207835431
470.39486741359156,91.71654006725387,501.89865566850665,254.87465543038505
259.0087538572981,62.09867089689949,719.970066734388,169.97269266546397
371.61302296086785,118.7505757469106,646.1110373584758,230.06170290131647
142.2458236099766,81.39894079406896,463.00320777771714,76.07321693881201
483.22847973096316,105.90385543240613,205.53101897986335,253.33534694046685
349.835085459163,121.50160101052074,285.2920786352149,169.33027704913655
216.64363779722913,63.69658455614247,614.4115553164679,152.44832875780938
224.81664649872056,177.94177959895387,761.0732280274598,136.18068147378213
220.93214776836663,188.4883956549472,744.8613220985376,154.1139706370197
170.9174716163439,84.46916842539545,307.61237875162107,86.7790345986302
362.80956260306294,73.41249413674318,371.8911184333324,212.79223500844628
153.7041967623301,163.09474735489738,476.9608432883428,98.66614576465301
479.21975404211065,80.81652807875844,327.56253091773107,228.57497311366205
157.40187892391017,150.62004589899487,660.6707298900521,110.9761061431509
361.00087872175226,132.38140635133897,415.0950659265397,180.66318712304283
253.38738679114684,113.7359950041839,756.2809199987126,188.82957031100665
475.225067543017,185.91405492430826,328.3242726624899,217.83738833846104
406.4786071874332,80.1827217206945,531.4958767253158,229.9819699003852
498.7272920614155,98.22881081721806,553.6213974485458,269.6510225300663
140.8909481843216,119.37844848914435,271.47758485899175,80.64086838708278
349.9540015551264,162.53282009619699,765.8190578806627,231.2779158628988
485.43624048077515,185.39419186102157,422.1325436169935,270.61901360021596
358.25715295719107,107.10724366719441,509.2031744089637,237.8219659211897
210.88900606250212,187.17958104263673,628.1137831425704,133.50173639870636
395.3821452908224,165.72604255480886,490.38062772662295,201.19690164794304
255.1902837584502,126.41940893593923,442.79793221134787,159.81645958738633
160.2361170271377,70.99459122494247,315.8583070230394,115.78249686759098
248.32569383310988,100.23857364298331,548.2122478153043,175.97006629935365
294.84992564182903,149.50343623645796,430.212994140291,158.89210737375402
157.61361937012475,86.31715474033271,218.79702724205913,67.49309291771094
390.7586649863618,117.65595738191122,276.57367718745786,192.33859208209262
351.11907456078063,181.8368779146421,299.9929992220706,164.4328684443332
326.3852552882919,71.66539680068256,575.2027938242405,215.61673266434192
182.9287227036777,109.83862167245982,762.9261697593246,132.8983972229527
409.07159121279057,166.4978770914047,268.54335487890927,210.2203487899835
497.7961762074901,167.6167332566354,420.56453333277574,263.3565575135841
206.91462760132322,188.83807474902193,675.9521577072105,123.65602523136668
125.98038037402213,109.45117903418998,643.0841794975322,108.09769346700371
283.99703603053274,96.19317581567597,324.41342477568526,163.93256333511206
473.2547355184969,73.64095614963804,392.09327596405535,242.57760120461276
488.5811008383875,83.85816331045291,419.7633662871036,271.83193595456476
426.01686876042316,165.88691239389976,672.0837742502124,232.78173507513085
382.713263051632,91.74850703302806,661.0192349609306,241.44616947250668
455.673319413868,53.61747989096686,752.7910956322004,293.2111458579877
327.1883786342685,96.66926597454258,222.83893750543893,165.85988551495242
330.1183404649528,197.67998075178545,360.1435187466781,149.13446679128836
239.77762685628926,125.18609987678326,640.9296731945046,141.88859830898286
226.4310707293383,137.98453917248344,599.8391043659738,143.7529045363072
434.1585210242415,173.16009361932538,228.19662218271654,189.07946413464538
483.6017798946385,182.93672132859365,297.0389934558631,217.01321922463475
384.6399831136035,104.98893413154505,211.56989865933213,192.21308424382048
308.454225817323,83.75703508522105,672.3218262666417,207.17533164895698
315.2351841108375,157.86300702115642,209.6582496244525,150.43219322250184
190.21905284104713,137.06396351562125,225.15481533883502,81.44828349067168
375.33361237469245,78.2171229306469,458.32125270615734,207.52787693388976
475.4918560024193,122.24862239533351,676.5214066870371,292.14309607182975
147.66124979606246,199.48640742463104,658.0446524714002,105.08951783155297
347.45322199221874,98.50448244592187,400.878519975082,185.16529542592164
102.73491467323362,154.02742926757128,383.2039648654709,55.72346024813723
333.9176813345513,111.24148016437573,392.0128129336321,190.11757074030862
226.82551618618908,102.02960168755408,226.8681914845062,118.1779654548691
476.5801926632223,72.7706295994141,579.299152102331,291.6441753440016
118.91201311448994,152.00891748900983,777.9752019334938,103.17574839370658
212.39808339722435,126.49741831447317,764.6776584627507,179.62246525642482
377.62227757702004,183.43145956401062,462.7003534788108,198.13552532642044
119.49382314214824,92.70424030714344,551.4048634152286,102.11091361761274
347.16661784285486,136.1623853449425,656.5206629362381,213.66504860866712
245.79714817569095,73.63101828622584,427.78724319137245,138.8760668360733
241.39339051961227,88.83097248874867,577.7140574433561,161.600894285967
376.98315485291454,56.0992117630154,348.52748081916343,212.94050460421036
405.4433416078333,130.84464004540217,398.91612587105715,214.94835872752572
274.31002529777936,100.02533093094863,456.0680368318372,177.69379872457372
367.7975906195449,73.86647375761846,253.81592637033822,188.99628486487256
124.84808347915899,130.7041214983449,794.6905780067752,120.41678680594444
364.3842830079347,95.03557781568377,350.887807458776,185.3615746701605
163.49692208039417,185.70559571231388,793.8978987861102,135.0135618968031
408.93068766162327,107.39207730397271,770.1305920562287,251.05717543118456
479.60740103579093,150.88551271752817,434.18715439536453,253.24753484585165
261.23904173534237,73.26085835735282,273.45768040644913,121.55308637700239
401.066509417602,92.48424470047591,619.0557302229672,250.67780576133694
137.9668270015767,73.475566632984,557.4365806478888,105.93203763208658
311.5137882804647,106.79019108124723,690.5915126291391,204.52454265732715
199.22021963805872,134.06164401192402,732.106293447904,147.8519890084669
103.68378697290757,185.97050287303054,346.7515401477152,46.62271437718095
283.15376943746804,181.7550094944285,666.177877560888,180.03675478260166
180.69851398294614,130.01799509456066,281.67417549231783,92.30656343573979
478.09623296094355,198.08025115944193,737.790819139501,280.2969179636995
175.381356819882,180.12711806750806,581.3703023639496,100.95948673626806
202.56707012615584,174.2897159576927,612.3156870206844,124.84783834520134
454.82690056964924,99.84937510755098,249.0545748930787,231.60249377301858
246.95895438548044,60.14079266800518,365.9139728188144,130.64905872580113
444.49777867013677,108.85787714741095,364.35474204544226,245.1364876408771
165.9035847443705,160.2252510032626,646.1346376272695,123.22542915666769
368.96102708641087,146.19473019438033,750.8866525080475,223.9543327881747
441.4362752294257,184.4945952108426,531.3487726446788,238.98728416597396
407.85804716861014,111.55354237445134,244.633303464977,212.91864061827755
441.73392514051073,86.45021528536017,461.2107671492586,255.8714406969733
141.88013463775988,51.66649387018004,730.5456401831648,145.10236682231607
362.7202098845966,129.81013448898966,780.2015477095268,221.7755287049102
350.43507324862014,146.05351582835786,540.4335916975253,218.0109380677863
325.1099683593575,186.8887455707804,305.79936550572114,149.5940652918242
356.5676112720768,78.53455111978221,296.0113057712233,186.2908774892398
281.1287128016309,136.96760094927203,415.71621986578697,129.82275784984603
216.834777643807,190.84507288405464,576.2237069515622,126.88488834824234
496.64343078673977,187.35523901543658,693.3803613289823,275.51574705066827
496.3537974570616,113.02048591657267,301.7597501261667,252.9887236435396
142.8171950501622,187.44830689591112,215.84733303434146,60.36525887533639
156.66683997395864,56.35328471335218,449.8888155181925,99.23276661640028
335.6252753455655,186.00080875186768,237.203422163155,150.8843048997812
410.2786428058194,157.9038839540088,433.60956407842684,230.26845235673753
418.6190918264625,168.7620082981984,239.11102003114897,200.13387110905595
241.95377386230007,136.14374315993578,488.3790349888618,141.09219960487604
349.50628824879294,156.3089678026294,799.8626098174938,223.53032492451217
434.11047256889833,129.83704862539707,748.0926010060596,265.21510013403633
148.63111546467672,89.26354184719642,331.8079268886673,89.21155552473166
481.4220428051763,85.05400431247114,569.4688448902475,279.30596637600405
262.6152001508508,122.33256840354356,469.3235819212381,149.8160993651489
120.24735149004542,170.10531105800658,633.7080204632261,92.81561662802451
432.91583740244744,94.69582890921689,439.56494141134516,230.7660131250695
260.9564837762646,99.04080601571397,644.519364516033,174.4979261512544
429.7466585897688,67.78673468940464,577.3934926786808,248.54198923894793
423.4368210019166,108.9163613987614,631.6784494198839,262.7287975863233
495.6378916047162,177.10355914914135,360.55837218323,253.33991330292787
218.63095073665275,82.69690805034253,718.1217558335263,153.0002996134705
211.2245302617362,161.7464869257741,579.778556416729,139.71573560202316
215.902422689929,118.39574773342873,203.11190585582875,108.6786916697454
331.98648449811424,71.97669667496898,663.0648959788616,225.3479494921221
117.85974500897645,81.26470026782849,224.56200385686614,64.46552056461822
460.65450130485164,61.895390216173745,689.5209545464344,293.8012874686229
365.8346431090648,171.04902036003864,346.4735046380018,183.25722468362557
106.552267975336,51.95841885842155,751.0190732701307,104.78567355830124
447.2211256745732,126.94835288957306,258.7456778399575,229.1186864818707
489.1929853648317,145.1221945394547,302.79838152400043,236.04822548473422
263.1137534179871,96.94674744076019,675.148349014109,179.53165440561543
493.4490053765847,166.37828435866638,466.45173079163453,270.3637543208369
210.62759142916332,86.22528730609758,259.40494279467197,112.53577220952053
366.79633911257656,126.65273113314018,724.8732600330155,206.97191216341847
285.59989632259953,187.84155990339528,511.45840720738056,154.7774398427991
113.67321259498033,152.9015422814781,277.5993785052573,35.34544683574548
219.57904911730105,115.53635074630263,477.70508925036586,121.27599653792613
228.59142136828495,60.70913563291258,585.269978625445,167.97094879037402
362.3450866653431,140.59298985632182,263.88111890483754,198.3673942176403
266.93188820305875,60.530409533971806,246.1554776205366,137.54827892980137
273.39263095451236,195.10186751391922,589.3034364490375,164.592743977007
293.1448551749166,70.0337317046423,508.100914321485,188.82913906307536
299.3259268391134,157.76728544362354,329.4093941414246,144.99243853270568
268.3495821444702,164.96547472598826,577.6285787603351,172.66504112186334
378.2232531071714,125.9241728207248,506.3956132964061,211.98485126899598
423.6936732570487,168.36623972874224,796.8672695829955,255.54591888289445
442.7704418314352,94.03380878964458,604.228782675445,261.72978931056383
318.49696010517295,98.2125988761586,310.3091597906586,190.62012818209718
145.82396061298138,174.11839615786207,629.8885444715829,103.56512611998119
114.76058134858249,185.8702867508227,448.8414318840322,53.348389848215135
427.97237369819135,61.75555847134091,507.59437503768044,257.6145347659062
171.1943251683375,60.30922388670392,763.4612007296507,151.16787208899783
344.5408878249534,129.12225294883854,236.60024405080452,171.64388056039425
258.51646409945886,196.82083078600832,702.3283794492634,168.58283028337584
472.77348145929386,124.64754328465945,594.7615762427067,285.2957524458771
434.5544365311705,55.94032067044561,543.5583616029605,259.5478550946642
126.92142136168752,71.64048339134114,561.7763040208913,91.86326092929112
222.82186165866597,199.7870694427639,682.2274960784991,135.6224673342942
448.8545249275461,102.92241221199268,549.5223389156539,287.49944572030097
224.429124502352,153.346062130143,251.3010258128708,112.22802458282469
167.51294306262162,145.0963743683709,238.6205886149536,89.92897886781854
273.3644079371552,81.10041336055572,558.3054436696834,163.81016791990578
442.89219800615336,199.61352093950256,455.05603793102017,232.51623745838603
115.44361416237577,50.84866988703956,227.47654972140367,74.47700441521053
112.47108696645292,53.80813434683321,615.1724892906193,106.28640729774628
418.0406853297343,197.90481427536378,213.06880457129168,181.26613977277967
141.95897483151407,54.138856819284534,223.19199335156625,79.9802049884139
393.7938514700603,73.78973734086784,780.9572282601343,267.0172260088571
184.61507589427907,196.12068466406572,655.1703301311766,122.8156842068004
193.2914105505705,56.65024993330046,474.78456828916546,137.08510371446286
141.16139186841198,178.30038556361717,315.1793065656481,67.65203385113402
111.00345517825096,145.73078600576815,373.4008059911883,68.62444701100847
335.2955061497224,62.17337391707123,567.7732571631309,217.26878051638926
284.1508246698836,198.99140935881354,567.1587348148336,166.1960512060997
441.71946736733673,171.5400294868046,766.1039275544701,267.2949470835092
129.1986109330751,199.02575998020689,734.4125653668128,98.25511064611905
130.14993520247117,178.12373384319162,743.1884285553085,97.0379269677896
308.9746645291921,134.98978283772732,741.215132458014,184.81606737764278
138.18826161781527,81.76011968065708,724.2528417151506,121.99233430507495
202.0735210428992,77.53314540744148,626.571637146345,146.22275024559505
292.75429065289313,164.21242847096028,250.47165959871856,141.69755363401285
284.58597216524345,196.85599790661726,335.3648200236903,132.71108131727348
216.00391031815258,87.10152136794909,713.3190695515175,146.1820269833752
164.0592161481659,89.05838818020453,515.9944751034234,101.67942735748755
399.8818124756464,101.98033082422467,639.7325978451361,246.85816343207568
152.7185042619468,94.04663624734265,293.66338079957404,96.59665121481508
285.0671235548748,50.04513481360672,682.3473606885948,179.07734133479514
423.5793805108672,58.47364016581198,714.8300934015456,276.79046472904577
397.4893993527747,137.22243345819388,371.12828242579417,217.51394265935346
308.08762247189395,185.54235647134533,543.8587541948508,173.44351496848907
157.6416198951127,119.73486922248378,718.901899202252,113.7770779907407
450.5768017787347,108.97560334227049,296.7491602392053,234.07950797687627
445.361974031835,93.22675146091947,670.0316440049827,281.1038287556091
398.2494072331903,51.5060127835189,242.22084988771542,221.4390344796067
214.06876057956347,147.04130439164777,580.4356555710613,162.88999865699705
338.66601478217524,138.8321203017466,747.7036754282071,208.5459415327658
227.78463209436939,89.10093190018053,472.5794389700747,130.26101588242142
458.9065747234801,84.16453445973337,499.71727542122005,266.9223789585615
462.1705552001709,171.84019102479658,793.5129925968968,262.96546532116685
381.4074914717737,191.48018724440945,610.4143742561287,225.43748681598194
371.8643943388694,187.77600277072202,339.2784050847345,212.79447181383233
477.86120147580976,168.97314512163445,334.46442503446,254.02839883548364
166.20920462733477,60.68242530889317,466.997687152826,106.94588422406574
427.62167758502363,118.05947617944874,524.1868445632454,252.3415450233554
340.21997199823386,194.4960135475438,245.65181026023993,171.18148228670546
438.7177878869671,58.934881905145815,462.6847769459343,267.91289388047596
229.57936244535148,162.36440457259806,721.676814211843,141.78951615318172
253.90570005266596,110.67576116183484,232.25611719526344,131.69010186145897
395.29926865038163,54.22981957032918,229.97680194622183,212.00846095497917
291.2102782756662,104.97226035383531,300.87933734179796,153.32874292151612
200.9547354629022,156.26356544619802,733.7775512840046,137.9477255204415
212.4037788524342,148.713773764445,545.2499136205497,120.40174303678322
271.57517940136233,143.25688835783617,401.18979680332535,160.2526249371055
219.1987023132155,56.86880552409339,307.67555878218775,138.93134428005192
469.9605382447607,188.0835248145439,363.57112049335433,220.03463803934787
275.68245184671196,69.73617412228639,453.0009423072048,170.6569248742542
286.88728609645847,116.93791863448588,385.5051248382347,167.64983254056256
462.747594978223,178.65620722069676,794.5152657889787,273.19387433572115
412.3807540667473,173.35040434497162,728.1256988449717,239.2596787105025
405.94659663680955,116.16789446398522,668.3261515896443,233.69246683347492
432.34321696496244,128.62125771855534,314.64164219859407,225.68886864855645
451.06083681469244,100.30862113379578,507.4962175488917,259.5441454691125
130.3200592996562,163.3110027242921,410.59463096602985,70.34554705389363
148.3774305290019,128.34902612069163,441.75788656160734,96.10118026582492
461.4389454129357,80.29309841386602,317.64549645544434,240.90342464364167
394.4417155480539,142.95595337216616,487.0465355856708,197.89002685713317
159.17960758827837,185.13110693129954,418.5443337506409,84.17584380336535
275.8288146156722,50.394209123546396,384.55587065541533,172.20909237254776
328.7072326664875,145.22271028041214,612.2039827614651,183.87834140176798
176.24944213632085,117.74238678247919,627.0891217690179,124.38188959494323
415.4936123111791,159.51876786164888,252.36356690995638,196.43381994833408
448.0452288210631,91.75091149089917,324.605954592662,234.6774969994069
378.2839479709625,136.68721155215715,610.6308065501092,220.8422476896638
444.50160165659577,68.5141295053256,466.0491545458178,268.09168791918546
131.1355805850989,143.55921406532843,599.0386289585061,99.13712667892483
483.85464464740863,52.12364131319042,715.4262963576513,295.8951900093864
296.12916161819464,170.7341090536258,526.0951447436378,159.72449236842013
236.5597046302315,91.24555091746845,457.6472689674136,150.7665739025134
472.8998219689985,98.46974405455904,588.2539535046508,285.28824930660113
374.3802919335722,123.22041476016511,205.76080652341415,187.4050411414812
190.2224343263442,190.72539702317508,740.6717711761452,118.10243697696085
181.3112990819667,125.96463580070352,455.6643052627686,115.73518462110906
133.3793366498929,71.69445352391834,706.8560714492512,126.4847137356409
329.9759958014645,60.457339346704245,380.05950474133385,191.26542363128638
109.2465084866781,171.14646465298796,208.13510740781925,56.60281042966381
492.42264573286064,134.55074146416837,776.1601757277011,293.4386233321102
258.26754587289287,164.38242956247473,682.4879869724192,162.14965455120742
139.76120243994487,122.24167591152411,369.16574896801365,99.30165474864438
296.50605681937895,75.59290559582296,454.69026828518025,182.57575616450396
200.84032097937182,118.26484659918124,396.4195509262845,120.67448633098734
148.5835992395467,116.67246752603076,372.0027408623386,109.13459384200736
358.2249666260105,161.68420244133486,272.8112341090377,173.7488327145294
449.659261229672,92.92895338289313,368.2562600584153,251.9949365686753
162.6945103156694,169.8756278034877,705.1383404743915,111.62444540888902
341.51479761144446,97.09408329330097,726.2075964483294,211.3028010460109
150.4948450174044,112.96161373180499,428.2112642283175,116.72799620259151
409.147158034234,122.14274594160653,288.3707261917361,198.91438730818587
422.4324564039773,78.42142993339078,416.08253898442365,248.47080237260013
340.75629435226756,182.24087437443455,345.9493316007166,167.37679777233106
313.19999973718325,63.600770856514885,640.1908194893633,197.2423635103218
247.8745947346881,181.02189731681048,336.836739704621,95.18601111804624
224.20658659882736,149.29624331596176,770.4861607330616,166.54489385290097
144.77575025676964,169.21360253305772,475.32946971736885,99.28222455080164
253.5780149968792,174.3015546020354,250.3960379676965,123.53528315785476
460.6912262679606,87.27450575304607,327.00442151180164,253.61769539269542
289.71491812397466,100.23533005761601,677.8542411287299,179.5547544832863
337.7156506836817,113.43176133922728,488.4025845874156,194.20752976336158
472.28988097460893,57.27354986357389,343.8385009365485,273.72944214469595
442.9377928905606,158.93564382028887,515.7733111260025,235.98012770391728
246.3746293387393,105.13366368583479,785.4444548189297,186.08970522960763
305.55831489871184,181.97332512782694,479.3741729955067,162.3866177734068
306.2102593336366,99.04045855339399,272.3064587695167,172.74691183451387
116.75213542231022,102.90230237673825,703.1655911808265,117.01122615387742
349.11123674635724,98.20393267913835,204.97675219682338,186.3670365929208
178.3699444784394,98.46769856218968,282.8751754162353,80.48679302877366
225.0149403402443,89.22817685799387,354.29562970900696,124.50991285373878
136.03426074545342,167.62227829292647,296.99617689948207,82.39988817179125
208.65901050508367,108.16832951961314,323.47611017716696,122.00963961084635
406.02387286784773,145.4371903588531,589.7191130938327,240.28725941639232
495.5095436149562,103.0961344804839,441.4408329735609,264.9505770708424
250.83754382066718,159.54538640172245,425.68835264066604,139.3477542779033
309.9600420081939,186.3365847470994,704.6335130020292,170.16869271422522
324.4493563040745,134.44439808514855,590.1908537329241,205.8095590997729
150.71472449724678,189.6706156354525,660.5284418596137,85.8933234026966
326.40502617829964,113.94894550335434,601.2851390745108,201.33584106535938
418.1365190121391,198.78751614514655,510.713211601863,205.14681744204393
455.684609518816,97.0419507175524,482.75147757943375,254.76600463269457
211.26301914229947,172.36159030580853,764.3711006300971,142.445928160324
114.01082727808043,98.57693196063362,325.75064962290895,58.32174643616237
431.1093829152408,181.5265890580319,312.44380666911314,196.41039862121107
286.13730125703955,54.01449167470082,462.40748559860907,185.69910872771715
414.90722458488716,50.77639191811383,478.7436003937144,251.07221939423164
207.27579023096825,114.41127850683219,428.0990319680736,119.40862525980867
256.6469820549795,151.29829733205116,753.3798565950366,157.77624549353456
366.6120464564805,78.85698803312063,559.985463951272,215.50069206137908
235.1716490001229,197.02118960058826,394.9999973046726,99.96692913460181
253.94072689530694,51.757715813302916,632.8407154864776,165.87975641774173
469.21999087141376,148.38065532460462,654.240887830656,263.5550788884399
292.611707457095,196.6632156723336,674.4278943966955,178.4491031323153
107.96110801576742,61.54673543111922,769.3316941064799,102.07544900313118
170.0130357065781,187.41226061268725,572.6339000030974,114.56606957509644
371.58772493684955,177.39348857453444,463.1800430311052,196.26984299815572
421.0135174838863,55.99270313751332,545.2971519724881,244.9630456257947
142.48812117466758,84.68019165304543,701.1316682275656,128.31999314106187
327.1265018692089,91.72144165903202,444.9726264944816,180.60639050506467
386.72213509181057,124.01818916000809,784.9973713927334,241.58513801467322
472.8066632462016,51.960698701476844,542.5733345112169,273.57298202263047
295.6109870516026,180.92132765243534,612.6811569180165,154.06464699554326
166.16002538658165,98.15916287973786,713.1425870148411,154.93993275806378
306.2062266241649,130.23519299431314,468.1679136054432,163.6130539153785
328.6338768724729,146.82707314849267,349.22155330184887,174.39906975541123
116.86348467268321,189.2237764106162,641.8192041306962,82.25514214568763
153.25292616031027,113.18835792484872,236.44222414027269,86.86605443431158
293.70557148046487,113.20398207988116,723.1621927816493,200.78179639934078
454.85080116717074,131.70539041107156,264.627118523604,215.76450137341868
107.692670682479,176.71556171547144,775.8535598261831,96.00087287496527
328.22053000020475,60.99912826144871,454.7780840135215,186.61801488561437
254.07833677728604,163.6972723095315,516.7465584163476,148.73495096523948
379.8584326083808,98.15323957065121,256.39867465302456,212.47114885344678
288.5704160997445,113.18270748712942,321.627633821107,158.37770024834586
497.5530266246613,50.71408733569619,548.3851958733229,291.4261105606037
498.48034957865457,198.19632791323642,652.0897320182656,273.41631597403614
210.91879249095373,163.34661681029598,399.2526081635391,95.14192746362988
157.65112436275982,177.6690548823115,219.29377794263945,43.696685906092156
143.9342727711982,133.98093922207784,541.7905436854702,89.02896539762554
345.3043626191548,121.47357136986678,455.21297799911497,194.63638337762606
197.40750043172721,107.47726860628723,522.5869846903292,135.87715264898625
248.26851831110824,76.4087012091631,387.24866819019314,157.7867195992165
294.40970467787423,59.50634416991717,620.2956798365394,200.25861749659595
210.34152304020512,68.45009857105822,320.537350746388,128.87147012552344
182.79235329457248,140.3446765503396,641.8958111776933,112.65723748627069
124.58356697984834,156.16679657578348,429.84637397828624,72.97424484478388
118.89901232608504,189.68564519534874,347.58730276740386,55.10163725511084
342.0646793749767,81.83566046264076,242.69583096163444,183.89800354817615
450.7459922802979,58.53744772540331,742.4323836192484,295.12016068564634
176.17321915978206,146.11777885941427,270.05555991999165,95.33611749840874
376.0183380683644,143.33855130077052,401.72413720040026,211.71226078616402
420.2539908081678,104.81490249120773,510.60208224955767,243.19440770057824
321.4783174275768,187.1250792411624,210.75757962261824,157.71343435407607
273.52372563146764,154.28554861173367,664.8175781467239,166.00377022052805
203.19652921412944,158.1474735063951,384.54115483281043,115.09670825063492
210.8438237046141,157.85186738019493,439.44882214895654,126.22862728603504
261.2844230313467,175.31806695158554,397.3328827313899,136.36854835538378
259.09274158026477,185.24323586452954,303.1383422849175,131.6374291349817
480.9011927835982,95.38355924790238,666.3514632541444,285.54862982910356
172.23548352642268,152.61974234347042,792.4465747238645,132.4031012602978
144.3959146308863,199.92411577701708,587.9904305812158,101.88665297754096
391.4564885592518,159.58535298025018,727.7763187628127,249.3999958613877
480.36748887110525,93.54054171870132,787.7280648536687,298.9169276895217
416.3685934298675,85.23815686163275,666.999182801475,250.82844289951663
175.74732956718182,102.70122476805088,399.66602791122943,116.85700903738956
295.7749031882978,77.1963437272894,617.6133922970662,205.37785227747025
100.23107938188174,50.27446092309529,292.3833001980754,80.9784648497554
184.0367926247111,79.26713104588934,683.7652475415491,151.43280264913037
187.3948718840777,197.0863176544243,698.0633545032006,124.27531442869372
123.04403293694723,93.24859996690633,680.8361965403877,113.92303009106014
282.37023189892744,137.9676162150452,609.3318246023459,192.9868942486674
304.6626565460833,174.6214769955448,214.6661270913091,122.86152206126572
125.06255957771208,163.8197292537244,294.3352857612564,76.54587070575577
389.00443792835677,62.92916481541169,314.77238726581754,213.46404278097637
344.06362839409053,106.20541893951997,381.18143170008295,193.63328661689144
232.03345130635756,118.09947589324005,498.7795991386074,128.62425546326497
427.57097544217936,180.49707978877723,563.6503215488984,221.05284107883875
377.54417808558946,50.05370305582164,577.4377590085485,234.1851068901944
361.53148558781976,137.23481565058944,482.78088722881597,198.273990605963
144.78112764986656,178.6982437515142,675.4507684526477,117.14592202808282
364.49274607929334,177.67969748760626,785.6273514137661,216.37180210291623
291.0645689222694,138.71810687614567,757.1994851679982,186.5018471739784
292.253943363036,83.57376276631967,491.479561726636,175.19404325902488
391.5781665066817,186.64809543222432,354.6709921422415,181.37049596913977
343.75272093347394,198.62404237957907,246.55109444086574,149.12353314348513
285.81302143089647,177.69368911020933,573.1996711865323,165.89246616621134
396.160120320224,81.62553233125614,600.8145757439656,227.8472343964971
337.1461554648897,126.54262440098888,301.7813790424316,158.97475756724185
193.71929176822738,163.8786748248902,782.3235487803234,149.3171615876836
205.81380013760847,199.1581069980722,631.6822835952048,111.912765764526
286.3030865626163,160.4521497169775,200.9782655434681,138.92113032794208
147.25306185995018,133.51874916309526,377.7518393455513,83.75088717662422
301.673193361377,138.40929549849835,360.9550458918653,174.4921808320982
477.85499697067337,121.69650228508053,245.6647961492176,233.49328317973942
396.34239445069977,130.6419330366885,353.88614841107943,194.32948198101124
181.33643138720964,70.59740898607978,466.60060638352144,136.00209491487806
364.45585662119873,190.06366519916287,595.3319298248969,215.36862432220389
125.74548354566888,64.14812440136106,550.1523387461368,102.69355931903422
453.6263139090602,155.97818534114472,652.4166138868932,273.8301425270031
445.2810396594937,187.1874028823932,663.731269992148,242.44855798185307
471.2968960139649,110.46860659564655,255.4902065546658,213.7419911215687
446.95571147464625,142.8463654944925,519.0308240254545,246.64784297017388
230.38095181670468,86.31808747202757,708.1376611709658,173.155599240787
435.4000456027287,66.10498683199651,285.6251853928032,236.27369893454576
134.13109295694326,165.15851817094978,649.4315020557593,113.889203042167
260.128087119289,119.7133761638813,702.8809099311679,173.53656244076993
220.62388348446342,65.30480847000979,554.3909545466364,170.64697819004763
172.51908572680804,163.5010068345162,734.8432085514448,138.03248872950223
367.93001045779664,121.21668016907657,677.568575974102,230.73342612847375
222.98065091211905,133.4469239955391,607.6213699518455,151.87505658501914
246.62403567810233,182.5174457691277,698.9956567242286,163.46847456660655
144.2212827332368,182.59407513042615,663.2207121146921,95.85703875408649
423.202597597603,106.2924131447781,558.3002976568534,255.671133317097
197.00645338954257,97.46832955141343,654.6935382448783,153.8114560096661
445.22528607760876,105.18104735877364,590.7041259425026,247.58708306706814
367.68029087211505,178.81222001134668,509.30204499642923,199.58316052255608
322.3950038159163,82.36483042570754,579.4940938102445,214.95352824725273
243.54269174502693,143.34248703832822,254.2177004053089,118.05782915258929
261.7423765903276,177.32410621160932,455.6974246790556,149.40971063382938
415.0762125945598,107.91572172775166,447.2375119773822,225.24440540380726
274.1807976013141,133.28813181862182,504.5745001524859,159.5887037725289
406.8588398194697,94.6554924547728,298.69391367933144,219.42776394778008
460.3418345799431,147.1685800923993,427.13987965407506,255.98268485380174
134.73852701716655,197.01576732923135,528.861934431085,78.75769215770488
193.81333943742135,132.78748131415927,442.6829176509316,98.58679427688489
340.59645807114043,105.76056027278088,539.0443475694154,202.81868775823878
360.62380858226106,50.874864344196546,435.4667595064632,221.13577152641082
232.98523997056745,187.10645309033902,504.0100623044231,121.07630908890853
242.14529705409777,100.7467897462295,326.2254155784196,120.47393570346817
422.6019172781047,149.86020094499418,621.7148015987061,253.14527662955183
361.825736958537,65.75945868890585,512.182225213369,230.16431013580157
359.0329811647564,76.3611854050645,725.5201081606734,216.52855179934178
380.3940243786074,194.5781727530706,341.06239000603813,190.59776210040616
389.28108609417825,196.5846553820457,437.1854128459376,225.85834393238088
401.88643488055294,76.0818378234951,578.451701252013,255.85756061684955
402.08384961550036,166.9011258126488,464.9889908655499,211.36449636589106
106.14798785870056,73.00699167013889,369.5117577631637,71.43797239980981
315.2032846435605,197.23754164272196,638.4407194270399,184.4173974954984
224.12662008245132,153.7920114870161,696.6309321732653,165.86036364771664
472.05461808105724,182.6978654519972,200.61254017788715,217.3649576536283
445.91440817536875,67.31335364226207,706.9651822756607,284.35682464939117
436.14425160602786,132.9097681627544,256.4705221640997,217.4733070132962
101.07487546196268,83.02481509376182,593.83322946571,86.14780002525501
420.9744861446058,128.3303223098232,755.5881993909843,265.3296622719483
304.35907970788605,83.91313988201514,263.31868122602316,175.94369781761097
125.86944075532091,110.78357201874127,761.9290530047809,120.16494190075282
158.0459021665996,117.57771551695313,740.5748473594361,124.48772882640824
305.0683942991316,121.94436291528838,370.658266293416,155.56666002969985
349.99166964626465,157.56842324344348,478.18238500622925,200.3725747406781
159.08042344164377,126.46126269436851,278.3530056485423,85.65412975586001
498.0161710386751,68.77758434314609,252.8745999854167,261.77975212295433
330.08318511976756,83.66491424661665,230.51973665795788,178.0614417090022
125.85729805005408,89.44964427337986,410.2907862361134,73.67965154399644
130.69925355833033,109.56077474925709,596.065658511904,103.65035838938398
314.53485010469467,93.08366749935448,793.5632130208809,222.19024040919373
191.66514116539145,59.53101959144868,429.6772047246923,140.55828183560013
215.367249686164,105.86658659513137,445.456085052306,123.75116783634238
212.02752609648292,123.21346774797178,300.328206949246,103.87342249609978
237.6603709746516,136.56522611769284,218.6003086349578,118.72189479395102
243.636440904822,62.599458942853346,603.3677971262858,171.9852597084313
232.40573630345818,119.12811985111694,311.6649181057614,99.3063681783922
155.2283371469229,74.7472345882306,244.48219551916765,96.76281366092475
448.9330227990425,126.65570767646909,759.4180537255684,281.7245431396355
217.0109265693548,171.2668565545273,647.3127332451328,143.8447731291625
388.3966278314567,55.248090532267476,552.5693055727418,238.94716465820028
244.93763547562324,190.197296502617,475.13564371591497,146.63372905625832
219.98323776149738,148.5355478531256,296.130498163434,104.22100189370298
445.7231243551758,174.0466109438761,562.802816944205,234.44078290854412
167.05566233148429,111.99415967165079,672.0572395920857,136.89477279233918
332.33981277819487,185.2031859101838,307.95674915065877,162.09166519146387
280.36226553847035,132.88425841626784,733.1629984186379,170.43699674223035
345.0906450707484,115.01813096233757,531.4392819486638,216.6462956189741
120.04133248377133,107.99991356476556,547.2794986626984,102.15978223381518
339.9850859568435,195.99211458693145,273.18241082616186,172.4016744049894
222.4299692148332,147.12776403165924,410.8542471128965,107.51611738664317
200.05516072738044,90.31179879172589,359.6860487310641,131.61637355925632
118.61395733038606,142.47561051616088,727.0917524313035,102.01321432374864
354.65142632443667,100.88350008449717,292.6926676082263,187.3373038193518
200.51145228067236,160.75329762458264,428.60152371209136,102.32476267021185
112.81931658853357,141.56744056777575,799.863466593312,120.62654675397513
420.2318176883925,147.41556021833074,307.8723605921746,229.15030004763804
233.498370858001,158.931419053953,634.1386966632423,144.9889918769845
100.81687228900975,136.28373411493192,235.4548809317633,28.520257089762254
348.9979252390475,142.5012928546401,492.7482481819938,197.55337804405198
468.9653164673882,170.4361932633742,345.68569130025685,234.04584536953683
459.38451308700894,82.33004939172662,549.8128026078844,250.67704727426752
322.81863498983057,173.50474964429523,494.2901354115127,178.3996898987691
307.63335657163486,95.95626444092744,509.02885033879545,172.16875546669576
286.6714040822635,194.23957641185117,662.334578202451,179.6406875550411
262.25080708365334,118.37573132849641,405.65503863925744,131.42382159545545
346.8115957033897,197.82149091154665,518.203019788944,166.91512876723093
117.97056954114824,194.86815582615364,645.7966612548428,94.94082198584056
167.23232110564567,182.85137968473438,471.70738825531697,95.5357392916403
375.0817831674743,177.28615304723516,637.1376425443916,215.6091711971407
345.90797044842907,134.2040601943043,521.0627078069438,198.8249366686433
390.3905684219927,132.85823891856805,489.10003798148335,212.2962535786549
227.11578412995857,102.91646738007256,703.7219269914854,151.5308740216844
183.75720562438016,67.47893589482749,259.07985615610454,108.22233340481276
280.8896677055624,138.4467734789273,580.8485944851503,163.98218144763922
490.221528844667,115.7190552830086,372.9184131019017,257.3411726853993
128.3788048590358,170.58797401757388,564.5445236282749,79.1219955477658
461.400492683759,113.17585353967502,572.2452564442192,263.6537419021007
420.02176743727233,128.10637324464437,649.7763624638715,247.10316371209578
484.7368427324444,53.81870320881911,644.1971715395762,284.5372908621802
327.00998660140056,82.7700583559504,357.3694112486496,187.90568869498765
458.2689396639306,192.3862457912305,661.6861792189264,238.19415027731426
151.36521280768713,63.78430588316347,788.4309602146466,152.81627860765983
487.09834183047485,74.28813688771756,288.2745741563193,267.927997026881
165.74067209319057,111.7551743488604,783.2287096744446,147.12287728651887
210.25868503019052,165.82350820950273,620.0908987664477,122.6718799796025
124.9031532429675,136.133914241768,585.1715374431474,94.22109317332657
156.82931282782596,57.10780413244233,555.1127283179029,119.80168827641627
406.47216917341825,179.51020393602553,590.8717077693249,219.77938795433892
124.8910898941975,59.33424907174601,398.4680147094432,87.31207072710406
181.68795610623718,87.7547007469175,606.897849642862,144.0390129149825
150.61879657609921,154.60371643237306,260.80129425134214,80.00851670364614
244.2991566410721,70.81862625168245,515.0080814199371,160.89840957835975
468.41415846146475,194.43210311981838,406.7484556013243,233.48401370255036
230.18470026860763,127.81527850357584,680.154599267956,155.2843461188215
306.67354775471244,199.53206437095798,610.6327623602076,168.83829803611212
127.4827483042277,59.208859955561216,763.9452316934132,116.50683456705508
437.60414593234793,63.526025744002744,675.7164362523819,262.57342011087223
168.9745468931988,107.28604811127008,645.3319350954206,132.34497396811338
310.750773437006,104.71872083219341,240.94256462084778,162.06664703894728
295.610605807363,119.04588393296493,785.8544246387354,206.9786487326655
101.74063032853593,145.43673224613903,209.69364472714537,47.058384041178115
361.3880279275367,185.32929006858473,509.5693595986851,193.76256451955035
135.92521941604474,166.1859493839846,650.2506530451363,106.73412915546724
165.34941674289848,141.0333628520364,487.66798860913474,113.11742137885949
321.6476513862081,50.76453135582067,533.5313729378138,183.75135842810764
490.9026746280857,148.76642809552692,242.38539028612757,228.26375106375997
134.67193442048276,139.89209685534598,512.4027561960925,81.35662653996806
260.10524859589754,188.0907737541674,213.66588998337892,109.89048215897662
115.73003311349446,184.48560449623255,262.4853810225356,58.8164214187821
264.57865860220056,197.48319326632543,420.13357876744544,149.0379298569389
196.086080249763,100.51158904595435,400.30558532636326,134.48284040683052
443.176640822317,123.12425392745311,352.9082188228053,223.40507049594996
131.75850667437868,114.15151507983184,286.94735882980194,56.779234449099846
402.7057254018136,182.21885260343322,613.4110820526093,235.44157442101846
286.1914528953288,91.50088631182015,309.4705167376934,159.29985273969726
312.8282820642976,76.93211763463714,238.95208319227726,165.5801984694943
165.06750651599265,93.08062691282507,752.4014955921651,135.5834595629909
286.27639989688237,141.51690581844497,407.7483098241945,152.6751876434168
292.2196680041991,111.01949994788842,376.2785354926592,158.29156109774232
188.14930437497537,66.21564134024473,745.3482774852927,151.22250872696736
152.5693530604152,183.82095001870883,653.7896776035805,101.3355911450775
473.89354180704584,74.18614990436029,466.50080845571165,274.3346293169898
485.1022359578403,136.77475080795404,467.0912310501838,264.074245423411
475.37338498132306,189.4045072553556,779.1110966784355,276.89578410870894
380.8482628716244,149.8109366090572,770.1255295817651,228.78829226784654
231.19553606593607,196.4698143996666,629.2384832236282,146.69286466209778
274.79980265608236,193.5808952236284,748.424809537931,189.66349937610002
309.0153854880514,125.92157002196814,562.334129363448,189.90955447415325
275.383125472811,173.95703926207418,593.5244296375866,174.78670579078445
456.26755657040474,159.21341677619955,290.10829472844625,228.43940499518234
133.76718891161227,78.15665081032172,248.21762530893363,70.79449183736138
406.17986561905013,68.76777978973104,372.7330226308326,228.88296412010305
319.5263338250696,171.39183082519813,450.78501120816236,165.4369661290659
174.25966405628168,60.033617793006314,402.50954619433855,125.8887367443092
136.04282486324885,67.8725923269545,482.30916779563626,90.29465198198692
465.76602303983776,155.91998433133566,341.4218170066607,230.03569934898485
276.51041764491174,50.362202571255175,768.1957107488729,212.9959949019742
246.3720497178064,57.21381010393519,564.0431461525759,183.00567575321134
118.9155573456294,161.99515453199237,518.1878559415316,80.66794833237105
353.38262650493084,76.96833725881923,293.9495731442279,203.05137449553246
320.6299391177764,161.8045577153388,382.79697655210566,185.99150551536488
119.87425818707318,108.69000284534485,444.3271918469988,94.64375781325836
367.0915262709854,116.43320085477764,321.7950875129978,179.96126606746327
184.23304705091886,101.642824416146,590.6578445845357,131.6694540416146
366.66889050002555,101.4946418288377,608.4789064918988,220.7005823503088
447.219835135546,119.54406196634172,342.50508718375625,244.36802155440392
354.2449998584885,137.63455421217037,426.1284246767059,171.33276966390557
444.15411754020926,108.44372269941107,379.90864123890265,236.8948151528444
339.3973723800831,198.80838135824246,643.8628672922621,192.21192245267258
449.3799559656526,114.14461299518376,259.3575580307649,235.88648322688098
337.17295096107296,133.60213321176332,486.16827104728554,192.28513387634632
131.85231558033342,61.84086620932396,279.50026326578984,86.26686520812463
472.29540288223046,150.5603043450746,362.9769602002343,239.90342773847243
113.13155121113545,170.15165304709663,313.9858906967555,72.445333652726
272.342749206744,115.00049191375386,469.5180207592788,148.82202932284142
442.66269821247846,188.62149669666235,795.508582651118,265.0994492677855
407.5355708895686,56.01256065733779,233.56181759342726,217.4274303878872
449.18730436697615,97.67361978035433,384.9706845577963,243.60218429629975
375.1199155120682,58.09126203386889,463.9302365620037,220.6889958346679
328.9963925153576,58.06872177564042,201.83242585854364,180.0582519770048
106.8348892625246,153.22147369204149,349.1439614162029,53.100952086866435
288.6332923835147,104.35186039332967,519.1917650011487,192.22565201466745
158.27385640140835,146.92556423676427,506.90299887040567,83.72116271348278
476.1275569935087,111.59866371622203,268.15170926577593,252.05824442751268
114.15360355936804,189.74180112756062,681.6593457068964,75.53234004795058
146.1936513189981,91.80607640883193,421.9355516360219,87.65391086912872
451.82758109727854,84.66742172828123,686.4988384627097,284.6136641025258
361.69486007849014,136.11454989337145,205.15558341556138,165.10860031000738
291.5942987597683,67.89708872838895,529.4039854501193,179.69949638905317
115.24732989245403,108.48081396408534,747.758766857751,117.18018004957594
210.4055515431557,51.12509732032952,289.09727125353874,136.69241930261288
484.7073178195813,101.7303270676328,546.5095775524591,281.3203848894178
467.20350491110844,194.3258220017809,363.72767025622807,238.13198876302198
283.1854716581689,125.68818809723571,507.07776741235904,182.26279022376394
385.6732151917146,198.7021368407418,748.0802323293877,248.994416799169
369.64209410145014,125.0444464057339,629.7204127888363,213.5555311879619
217.2982547542391,100.84208866991958,517.3452019596903,144.87508252245277
464.1138241125342,57.2546279359677,738.5963176110085,295.60122731524626
303.1456944790272,161.31107615137887,764.3994300225223,189.80382436077406
209.34288373828196,119.97309584922661,570.7353189846176,145.35121447403444
257.4455341936588,96.51497131510914,764.8995764169964,190.35981753807857
305.25532740821194,166.21002683983698,695.002166086768,201.5227750076859
132.71448555710546,64.12490874752665,598.6159312952611,105.59944279623878
467.0553029848801,177.2953924806987,465.00804900966756,255.1194687571146
274.2754129340446,133.63569433398516,401.3877142552567,165.3920187400381
322.8121729551445,107.88964753018578,756.0003956854729,228.5142520437327
234.17402795190276,165.72150477386006,768.1642133719013,165.1304868622963
133.61493384429636,191.91459406240452,442.9739004474849,67.19698944921095
182.1656448077078,135.25032087349072,452.1923941763186,106.83457598294846
482.6973927375244,142.41076513260356,639.4127326270844,276.4922867362534
250.0662290962866,139.7988534531881,798.4447808588551,184.16203034002783
348.8198615249376,191.1190916068682,391.7009726685353,170.31243657330268
223.8307161692663,123.53472876247363,587.4288119392502,139.14276034399597
357.6786906874026,136.72211992860184,615.1034727494141,200.74282236001451
454.32649828957307,137.82610140355402,433.60902071427984,222.17744921625086
266.04960020434555,192.20556074390618,385.83879727838195,135.3584598881172
307.8995920428933,100.99767585530445,572.8446877697003,185.78304866260976
490.6143834710652,184.36378178627902,381.57483013611943,245.79474431950837
285.06035259292514,97.24352440450292,661.3947556225412,195.57759493762518
296.2014525500195,69.31442703041807,751.6510583204422,206.83298568488777
146.47827354555534,159.155052060628,563.2584282865537,101.11548566357393
179.04828287163565,71.85969782897871,442.845265318344,127.10551997302697
477.3174794930597,77.07684807579602,412.5240900201709,260.60193437660513
241.9095002745062,81.03663478311653,511.18734636602557,155.36912371228857
408.76189728807714,180.16749052212913,365.94495657787036,200.00479220160372
421.42456697380663,81.59309164248063,263.51354072473316,224.27893685786628
306.23181322782534,193.4182694620911,469.26818107946235,167.23711449171324
149.87179524313325,185.92487685168933,215.00876594667974,57.22304220067573
294.89013890869546,95.22574273972309,608.7002858613134,188.03384188494488
220.8516775095476,137.71960967980974,256.3422142615851,117.67625664856023
140.32528916236288,89.38817514036174,533.2094374105945,104.3108857920291
278.81098946021007,65.94461262710405,494.884086613945,179.0229344613895
403.34258356447634,57.77048597967576,404.7749021005523,239.08177737621696
112.86123667198336,188.17831866325196,613.1874907487104,64.57455789602999
272.4093027937217,172.9887584614102,267.4432435807447,128.20272122678506
365.20128086550267,172.92114943613888,393.9373018161956,198.63223999452111
245.11038939509575,53.730867118989465,212.71191559776727,134.316734159032
480.08883268381675,91.50939041860212,579.2435710527004,289.09846119175324
445.80009459555686,75.04430290070933,408.8889105784605,240.235179773584
400.7728126545793,184.400474674762,461.8019353050578,215.66135664211845
262.5487699862075,61.49471133169176,631.8580243553479,191.36854751932168
400.7925863921323,73.37678576701514,731.7136581756484,232.79941272789546
109.14300786666868,119.95410056150162,698.5075219793191,101.60064268329825
231.39623168960068,91.70206620779648,390.458253789939,121.76394968038203
429.10811201788084,72.9506855921629,555.6475137582207,247.8774055303872
393.2773641997978,54.75203682576175,372.96227123413087,218.24956282595605
455.0021085047542,141.6068196910172,767.3023486589947,269.0917596785365
480.6336353964624,196.9990028006706,245.1785422065869,241.9644640735038
225.20910419713994,91.17723571681634,466.8436789831902,145.8557317956655
155.06005900601866,175.3487078150899,207.9514803946151,60.40569521042358
493.9823767345517,160.15414153027604,680.2917395952736,282.9082724641378
333.89281218307895,147.4870370651168,395.4298875076512,183.10191653034667
223.08310276622376,199.32978538841212,524.7858634968999,124.7039677960216
315.64302493880996,60.48941189311265,482.60443687009035,190.41823355949577
428.3527573093492,54.761892500589234,375.6953869460717,229.24993943022022
292.1856805368943,87.02821118049566,646.1404444223299,174.79997066823938
325.51568806627097,162.54371362943053,708.9531517843757,219.9348954272534
409.4693450836054,59.167123008028135,212.5934365227432,204.2221249098995
348.87623208058267,93.67041397044736,710.21707479405,207.00641526714685
394.6143038603916,76.03920737631233,205.758582989971,215.82632535607524
407.12953659913705,107.85680243207602,509.31939471128743,220.826139990394
291.70160850031635,173.51470356772307,417.42995056921086,152.3729957691173
173.0339500919193,182.96612777581922,432.75943296635745,75.32464525391622
122.45899689775462,91.40707199847395,222.54608973809883,66.97877974675424
270.2207391758462,86.61910610061005,210.83311133447654,141.68395482641068
444.0053296872255,167.99721432139415,630.5376429297446,240.1469324647463
210.0534485209505,175.98314435122876,543.1907349269517,126.50662918681172
224.435112607762,144.96489865897018,479.7898028347273,143.63409053783786
408.95153305467284,85.8749571041293,780.723937033551,250.68035174518508
439.9839964480834,82.67696496390803,631.4385730304659,268.01075176270433
454.36144813497435,177.24791166775776,717.5087582218274,270.27358886758884
435.0656689514211,63.02568102225204,657.7011657603177,264.96731382331586
425.76467929871325,168.3315469729077,650.4977572758035,245.851716685579
298.7595767145539,55.40144884880555,734.6619254732408,228.06367337868346
478.9090350762693,167.3796475033901,369.6148016541647,220.45598303368178
140.34037146602518,85.86806210956915,742.2544815055816,120.77408103329341
376.2723507621291,137.13458426525105,698.4443236394402,244.688267695627
325.568903909082,122.55127138870157,312.25988201975815,153.91004581358496
289.84855603785047,135.44151641051045,408.6515272318014,163.99105818516992
215.17987525010625,69.56478097415388,752.6179073029881,173.06150796904672
105.54877954887019,165.3090214362718,442.00787618915444,53.71247910257208
405.02222612209636,150.8680395407033,237.8387483453335,196.61806665341308
487.86593029477206,120.00793283238421,429.0415588614569,260.15973339980695
473.01332345026725,109.29165965756647,264.0390116513729,228.7650953710259
242.3839732342423,118.58475047578611,398.56986222542764,137.5507948234999
229.80628817782534,110.16864985920374,692.2699551718006,155.49172230873688
161.00110956067323,136.8113521474429,318.46987718643635,68.85872570520891
471.3073475859936,120.79095614202059,309.55991785355286,246.06782702687326
456.04063204579984,188.19979194583263,710.9406043888634,256.8376923032093
284.0998921815943,123.32223608095292,737.5770812184759,192.2883581858056
403.9135736312625,58.86060186264245,729.1958742057514,283.7067897677193
148.50011553339044,129.81777118748764,732.1249372328606,121.18280822456138
415.212304076405,69.64746261153701,523.9332261048805,263.21988188104604
317.46860738355986,73.6071116899538,579.7511740968259,200.48777906355704
150.81892596212066,123.34630905584467,778.1312785940221,118.51515578004948
360.77801858788183,142.01341641680088,757.3737237196964,222.21305592941192
438.79581216027395,83.49251926976189,698.2425295114454,274.1875756195644
314.58505854594466,76.42636827456181,638.1281087895478,211.95060592572065
446.5997182844792,128.3778457200853,468.8775786811228,233.9871390974079
351.35304497917843,148.18655173919046,304.56902822638375,167.87264147789256
145.09242239199858,66.87308790780276,456.0727035889472,108.84911183024715
405.62476912578774,158.983220798491,709.9629124124185,237.27753553909307
273.8094569074804,73.17343632125404,463.18072615103745,173.77139995700634
250.5978660997462,141.3428864992631,291.4985810691714,123.53356570792097
109.88217862411686,82.13488131527878,438.4839608466783,80.84451097918523
135.40743693312743,84.5783066449471,780.7354930147176,139.788697030634
484.80204598845944,164.99716665446834,506.4700944452712,247.00751093003223
444.7287567034998,130.3048146680015,317.5856788470549,248.13482906627627
114.75714412980302,141.39019869088892,566.2466306878217,88.83277523993416
377.56890566060713,60.328674809864836,615.9819431810172,243.55005247787594
131.83395075651546,108.00002851028731,742.1268185214856,126.54335385774388
488.8481048102399,122.73468481342614,482.65090910515113,263.77114920029675
102.36712693461753,168.13083539506795,731.9769389285506,95.58923891442238
385.98673177564524,144.41768835205664,611.210874905131,212.4271067668692
287.8320596517185,91.56751193381743,619.2057389646486,177.5968778076725
210.7184939009544,122.95632215294086,295.1313377273213,112.15299558109746
211.01314087286656,163.55972657215545,733.1846185477541,134.3667383109408
402.15553116285685,161.79348636893928,498.0272445553418,223.05736709014406
492.7091198876298,113.6674620228804,688.1711308274758,291.3385372272528
150.10668399569295,84.9298008292092,204.51206291768418,64.04127006047419
115.97302118772666,93.47957012205569,488.098914461962,102.44599823017161
144.2009368726838,97.73070571345032,596.2545231193744,100.06836070837383
229.812017124821,189.5764434660871,480.1512103550803,112.88699615713492
420.4477231297832,140.5562846670959,774.5789129448693,269.1008235367605
378.16631686623566,56.171499022944595,299.4216061238039,203.02407559455781
331.0056170253274,170.70388899911117,448.5840522681257,158.74461338798264
269.30885933763216,71.33734250321595,333.31064103115943,141.2203625272461
472.1320823531042,161.22729819053515,203.36519492601712,241.7754084641931
492.14076468522006,135.88224179557088,665.8213778277609,282.46644664823015
322.49412808229573,146.7224371042211,693.0443339732622,192.15178784066566
229.8412711514239,124.1682353489224,226.6849819079144,116.15815178378858
111.0125724709091,116.22754000944873,380.49839698351735,65.3240479089844
382.2801056499252,116.64704294382598,730.627249390962,230.47625594543916
142.93664940618424,139.64235246976696,620.2479665699585,111.00211698924835
456.9490666643785,161.44777829552186,534.695938262695,253.97403493346027
338.1396126022975,65.20219409940519,791.4230626531338,234.9797565499567
440.50260058182846,175.4873723603552,638.1114541642753,257.17843018178996
122.00986049020565,82.73655471366801,517.0225591458328,102.17388854302703
356.715559228472,63.51636018544687,301.20378288124044,202.26233056297974
214.52175888717866,94.02841155404131,455.346045982291,110.11788681207562
227.92688271236696,118.73211982379664,763.3775040790714,154.12246876259553
133.04965783489683,127.02473007164686,334.5441420067995,69.32152242816139
385.673726327588,149.14765814466264,319.0221670341042,201.83128533649113
137.61322194236504,189.18263909095992,575.2907582558719,85.94039925120623
392.30925403716964,122.74696413960368,763.2639420090381,241.8721338247538
220.36278213477328,158.08745809717342,555.7523145625196,143.57665860276845
157.50765631971183,199.8164719617785,791.8809622924875,124.51243898134395
435.3268754134961,103.2267988307053,731.6839836749523,279.2502770069869
138.13902257366885,66.70715634172262,314.0597061161026,89.85959785193894
472.0925215487611,181.24196415196417,490.202181353904,259.12171750630336
218.09622669632517,104.57294119929912,274.1847687417116,120.73477718509501
361.8841482267756,62.25549494374672,398.2477496234519,218.05761283499172
473.32718814188,131.938452760379,566.5889127804163,256.7629143308945
114.13976734332377,199.39003624091598,312.9434147411246,59.18519430176698
391.6313165571899,136.1361376929823,233.48161785033415,193.65442978125208
408.4756231011088,90.99482245829837,563.6973647622847,243.5921324134512
421.21270979531863,86.42008092102907,443.4374092463847,246.0556654140153
328.2253830520252,89.75919320034706,242.68444195261782,184.56873529532254
234.40490926468817,185.1984483886011,222.85018598170672,112.41174338287128
369.1622209122825,137.33360576317838,350.893284924602,170.2763310036003
199.6849023284907,143.73416714149948,349.40550604843446,102.07472920847016
443.83355732009557,99.10426229135085,557.7534328292786,259.1358516727479
144.2048194496432,155.04281387504884,211.88120729236164,64.44099779218358
340.14254068562593,105.915189992042,693.3191613992508,210.52623688909964
470.1415743432406,165.99738908860803,328.2888098332737,240.7578059701305
253.21906557630564,76.84291356454257,427.4725969328904,155.97574571692277
435.6132654860346,81.06506876508863,391.84250234746537,254.29726553220073
200.79018780452577,136.70064602706663,419.0146136827184,123.96293155838285
400.905351516536,161.24742757713702,348.49177247208684,218.5160099448998
430.8344631164526,111.83288218204513,337.92192953347956,217.2607584564396
287.38376303984955,162.15776061162572,217.48484016258448,130.0474379872718
213.7955966529427,141.00600191308337,728.6411832650592,157.9375382440652
158.03354117414187,63.68232630158719,299.7534714984318,97.12795209572455
258.3880712521101,95.71266569827387,642.6266553275682,157.83025974172236
176.7051599044632,89.87370369618331,449.6963657081358,131.75869222824448
358.02719087022325,161.18149329276144,681.7165538630065,205.15059356533567
378.3058257204451,135.25076574272092,546.7349875206609,233.7220273418695
204.44518629557425,85.66645800292754,721.1681076447702,150.1196220205223
455.5947889456302,156.58340835384266,329.96091495595147,209.43308975257617
148.39598988435915,104.21359732973005,555.443332047324,112.75595992097793
296.5149895591268,118.6687023702487,268.55894274164336,159.08549565668676
243.94575260842407,186.2240616560525,359.07188752498905,103.30321486675983
485.80432721730045,94.3524204132699,365.529583477816,267.72560895615095
261.9856443020753,64.21505666954546,289.2168149318153,142.2702186731563
278.10022816999765,58.38592853769859,396.10135758294564,177.37808792157443
123.82996043587906,57.87386064644047,617.8694622354265,127.31566234958265
159.88039462270135,87.82131389513802,705.2771337365074,131.48145531244154
460.2132246394086,175.68460177592414,367.9068662868881,231.24586225989316
249.0008911837039,53.48981054274719,762.1344603670847,193.20221855033938
386.34218360964127,194.2008808146366,330.63289274663583,189.200780348985
246.00628164514848,118.7620766150061,270.8886866956344,108.42803352144324
435.31700941110915,129.94110301128472,775.3616553465133,260.94034924506064
397.6986284314948,171.1201195909906,749.4282655881876,237.38624084241198
397.3944557865315,140.6623229760359,377.56086979301637,218.63629486675936
311.31585272662727,68.00315389211865,475.7602799813986,186.36140466205867
105.95037290949718,123.3557011036213,338.60476901328974,53.50575704337106
385.43355541820137,70.16466891575394,213.11047441598984,209.27952445724668
445.4307335604907,170.0112464392305,431.2665149570537,224.82380002685136
360.3984317319625,180.46028969488435,238.14873826236004,178.98211395694904
442.7452134290992,138.24790213141446,573.0247831481179,261.3110437461534
352.37744951519875,160.50425957618836,694.3260512273747,225.7522452270202
307.2716055626099,73.43712850546405,506.20075243881666,176.25859439574103
314.87203472714504,70.90918019600227,689.2054291949846,209.1279067091994
413.15503301463775,57.83215701473503,539.8624894763066,235.57556384724955
470.09242582506914,197.23390690355362,670.5601692243736,250.02452858722586
128.17595293518096,187.10669346944383,506.9024528256543,69.86386644994028
482.0741660135693,103.61604152516462,454.10096908820407,272.1700034549914
190.65986289569761,113.94509328988455,671.0505455421758,135.11257149143972
374.5422090164952,147.62788236444368,772.746773674086,252.13125294673782
216.77570095759657,100.05187430961516,283.2216132316017,122.45215334060008
466.8372753844399,60.12461746163775,796.3707625251495,314.1595351664001
449.30543599584934,145.0473153086528,558.4834033973489,256.14148919437196
361.05395463259464,126.08026289387655,756.8080089681234,225.31451787104214
194.96446332473744,186.42010578985568,697.6348699720978,136.55352993334554
265.2567463576123,114.22606962263305,204.05572854796955,131.0167711610173
333.5549641427339,95.93884607765746,304.149158721449,169.79048396990927
448.4348543460429,100.054308095299,289.0154648638747,236.1486497801582
111.62731564637318,167.4042982019405,570.9263649577138,61.76085355728507
100.2093130682351,152.9407858582626,601.969679017767,69.00487856040118
227.8832638971489,170.77672552259986,664.9280016282746,134.82364721163395
196.1969278632463,174.5396858806045,406.44761479299507,109.53670585611766
114.85056556806477,168.43026530830298,578.6240114895778,102.29041693313152
341.071737935306,141.4030198309229,725.7695661389745,217.42964914112142
400.54120199723417,67.0752625652665,732.1996472968182,277.86793808080927
498.66938060834485,85.47216062236035,214.49839757781638,259.0638376240681
347.66643425732275,52.96074323825515,795.5786402040098,236.94596960735535
149.10563344853216,132.5694597567607,717.6345947854696,129.22843233149442
323.75867557694755,163.01112172105144,280.4321983352448,164.5095497848701
135.08904458130652,145.04542190677506,574.3982190658351,103.43202766610803
444.7651630998545,179.0128925176937,461.3762531827455,217.80701669172805
428.5388338160154,188.24299981612907,589.4158757415398,245.54934387731655
346.6772022517828,179.44366950346173,335.07426164992955,156.52345187082904
352.29528795188963,52.82634247330521,519.6554715065688,218.90745246746616
484.6320736891124,174.34394705273428,390.6818986103243,245.45381864046573
361.62850596037725,195.30898525157636,582.2099678717377,208.7740856080627
271.88228813595026,56.076703673557176,551.0151325336191,179.4163194547821
480.53328433401117,135.82436551182934,317.6121561966338,233.45373102022165
193.94034501874944,98.10957155863694,757.5395603481878,159.47897644107005
491.34182905316163,93.13055022528371,487.8630124756371,271.02822893160146
378.1624164227869,74.19324649496002,453.0649236213717,240.25627674382852
402.1327162904025,68.85780128947684,502.8454355816787,242.97818909992733
217.61983147276896,167.91463812692055,589.567103397411,149.49328105390234
256.7616552628898,135.93564485954155,482.0578064115946,156.40060753131502
213.43632994344114,190.88643245969902,391.11625863727704,105.50860947359642
430.1997185552494,149.6095179028861,306.89041247592615,222.52431729928048
367.0384496429933,50.89905217394559,378.286538067096,215.33536266857715
136.8896368633077,162.88765791826404,456.5970989896859,74.49415896034748
489.48238218207376,137.24206326445454,332.17380261444043,251.50328653123114
245.4461867848972,57.69217787110423,492.4048508729123,150.47740889110582
165.55929023061196,51.86763751686562,379.2066892143972,97.3949608388508
417.5376792302047,197.74956036052643,513.4258782518842,234.58334433706963
356.7615906532789,160.42880803474878,261.2249119459085,166.99653356323944
269.0833559059806,108.96387874719836,232.5600993775314,138.73241379071982
121.67107232092778,78.506850431459,505.1137877070463,87.23926546227855
147.09217980672838,81.09535499557329,327.28294399988954,90.9213297094065
417.9137853909839,191.32145318123386,388.12759553074704,208.262679159918
362.27235114145856,144.49732001523282,457.5113757557556,209.53342746084542
498.1511688077115,158.92319736558574,276.77769017673694,236.0372303943296
178.1349020555383,182.70649001331057,519.6004181509979,119.20582966527617
282.9965654753733,181.2020505205831,758.2453774293855,160.29962936741356
338.0801710933529,73.13857417872802,588.6841075115406,236.9098636244587
199.41508036927922,77.39749792408374,316.39034629208095,124.32364248996149
434.8313353261898,148.19624811197664,550.5948428608847,241.92460213937832
394.52503999174724,85.74567000910321,543.6318179161501,239.1587653247456
210.49600542219616,134.58630234629018,730.1473293527299,149.55693597633993
278.0446574639301,60.71722548977673,505.9435485028141,193.8368710043502
355.7922749842919,137.9050947949084,217.52060530567465,161.5832201259704
336.95483733767037,138.8388167129558,730.8293546009239,199.13425367742752
250.3267589012528,184.65207925073534,490.6448836711007,137.85036310435322
392.5957826623836,105.41396181998806,689.6147884608532,254.8561098571201
120.84873648499337,154.84153553965353,566.8637217605692,94.30411874719702
116.4409772182558,141.07375738168884,477.8949232213576,79.93099427370814
413.9227841600633,172.3647814821527,477.28498717573706,216.28588897101721
466.19304894910437,71.48172821824448,201.32470091338294,235.05090479574642
366.8575016840625,103.22980837460092,636.4189911866486,208.78265327774943
209.45002383448946,156.569712813737,349.5031032954812,96.58287339537345
285.2583669155613,50.1720805155174,299.7593930434789,157.09533970130215
186.96623631013153,120.35900286655922,438.1936280252779,121.71029889853159
148.20663784186797,64.32402003515472,734.2101609641322,126.50051887115299
492.6225655051946,85.53667346095013,228.63889062164006,259.41977420495857
353.34981064872056,188.8068547243175,694.1021172879496,218.68332614950828
343.1468692103472,92.25297707767302,408.19878131239284,189.52535758292078
424.72166488045605,197.24998569106106,549.524622402979,229.2156844294275
174.5663086703296,141.84143935206185,597.2906895220535,122.11839084708626
116.73773266942003,184.09083260629976,541.7611315176334,71.50879848775847
303.9873476592654,68.19524926386482,603.971703260192,208.1682510809188
460.6789587756727,185.07558760825052,245.15228876286034,225.2645578250964
279.5633539810615,118.27149884230326,237.87441331072284,140.8028237398154
137.11885764520662,193.47021142057184,512.144561336574,80.91674799290392
390.9898441523525,161.72270095926245,374.21460112481935,206.16780318899558
497.22429701218573,100.60801693500021,595.5870171742642,297.32138267226213
231.9083407884677,53.09847209614148,568.831941405223,149.92192042868112
179.4378447423042,124.35166887856151,614.291275873608,129.69691982947802
358.2845888383118,128.0456164019408,352.3249084073625,184.40669207518204
338.76049670021274,95.93414058453806,231.6663485127626,180.05833882819954
366.92819453033843,184.2126785806189,551.9650395768913,220.52825862793836
397.13450497561473,144.2329112809358,436.590092594201,211.0873118360567
257.5762609337445,158.1407822872561,690.9112887620204,170.27806017100482
102.27822886015119,103.10039132766406,709.2222363474461,101.79376406336473
492.922455212421,115.45115008482063,416.17229499662255,272.5142711703338
445.6700844472722,132.7783305060762,342.15194035123795,231.39328971502562
385.35877491009626,185.23536658373527,202.59749997419334,174.04409722311217
453.5968672192149,131.61644775193508,578.2517436390167,269.5471012331153
412.91167114042725,197.1760071959152,250.73091258925345,183.03858222097125
319.183967078105,175.64137039367523,384.406363774466,164.16468749286267
156.18013114011063,197.96364018188484,259.5955692709825,65.28768351874955
267.19221075587035,180.79272842312483,359.1613749703063,129.9348454690314
449.53260393628074,63.78311137914676,275.58986675201265,241.6489120095981
473.8766014685171,149.2528954528703,278.12183612793365,228.40840146317709
280.5582894326709,100.835608992076,643.2447011211057,166.5347942997252
252.3744901486967,136.5289983495431,455.1889599617266,149.97330247475014
488.8383036997847,101.9960628245144,763.7223160105885,309.41643521853405
374.1317992806759,53.37900648810104,285.1202136709801,213.00446608937153
101.63039451517766,57.839248069152596,547.4873096150113,87.30223665240219
471.3472991708793,146.61257305185507,564.2056495016643,277.6206617817699
459.41086192726175,182.19165761905626,219.70711299260182,223.75504119139728
205.1769292285593,67.20281273930482,591.7274154052192,140.20289225027972
395.05410846091917,106.45853316443541,670.7255483128048,235.25877872562455
289.4247025181644,133.78361595881807,477.1352451731277,165.49980834968224
468.8670737547302,196.9939002735807,618.5623468246639,264.99710960527176
126.73816518460606,106.06047007002184,435.7255872188441,101.35369462773573
226.97818665651607,53.53875319147347,784.7699613378189,185.04053416242996
329.40808706803125,84.66250955246497,302.54863552298525,177.18702441965112
440.7669837583857,116.50349469654034,460.3114659615049,232.9599513405382
426.02585033860294,57.113554403598286,335.82674873339204,241.2626959162728
216.62925477115547,107.12276059214145,450.3531208052999,111.54167326696431
292.2875540582312,95.6831734375565,392.8510547831565,169.38981287065783
380.87277632962764,180.49572103963038,582.1827596707834,219.59883293183327
219.04936288130915,190.45060977625144,526.09243716114,122.94381112476404
393.3930491767886,96.58289697006771,737.6158507116855,259.74063528822603
189.8869501228614,154.311341274827,788.7544738937122,126.29363259671854
102.90408762773046,85.97799306705267,319.74943838378204,73.77311069424269
488.15917555468764,130.2678849760398,769.872199004922,302.3528066161662
134.3304295064665,69.65402144951038,782.187621955384,125.00718502110581
428.8370951158752,141.1395051672198,738.0248432565206,260.1839740101524
269.4846509444909,102.51925584031284,592.2599850363883,172.59683669394636
260.3949863409208,127.50232065278881,651.505062190106,166.95377216309603
496.6745148519393,171.79245543171902,598.7479117505936,283.469479791079
232.1552389679892,153.18238536462292,583.5417281482617,122.16494891078244
113.15729530045151,71.47777424136346,511.4824862335703,83.9632363586859
394.2151081920224,115.72415488824295,597.5231019881943,224.7973334820867
191.31514877886553,89.23450198118393,315.1644062022003,116.18385850500246
154.6437600295866,125.54063335039021,548.5769106070602,105.0052439488312
353.7363420632033,112.93413894871274,404.53166819885655,196.03825434933194
466.6841470388396,138.71199140741888,772.0227213671503,299.1881799569195
224.02925419470904,85.34844816030778,606.8977439621249,159.438785051452
280.9466342951531,124.40601091767606,245.21357893089012,147.39404998623218
147.6290895819613,183.10705524182575,215.56138049461984,58.82689692433706
435.1159800774739,94.98211667115692,433.95237790531144,240.30460942756787
320.23165097677344,121.6070327684951,393.6907326556157,163.35129953418482
101.48186387407132,118.09300711366123,561.4369011524527,79.26060460326792
125.96251709237269,173.20261851221522,402.84676330026434,51.895513429094905
343.8918206334846,101.3321444252027,711.6869323311003,214.7761137754562
351.73571435369604,118.22914403235745,575.1802868279235,200.34475466973356
343.8201620209021,170.09785361295206,415.8238039692657,163.07613227637253
499.4733631349193,148.0467935371692,455.7386031140254,258.9037367622984
330.66243296916275,97.50548922401664,492.19614034942,183.45886694263328
337.5348181392542,83.69556033478841,494.90693605879346,207.6963650995651
464.3124975991065,178.5763884776367,583.4578064876143,254.8238647785896
210.24747822503875,158.5876525341532,498.5137474166379,103.72840760017667
160.93283292099412,148.7140025649931,447.59933749027056,84.00466434412131
169.585601528187,133.1090109598966,786.189491945375,134.05694628213035
495.8385539842985,140.95270897666745,209.04933930600714,258.4356863960096
354.4727784163348,188.67947885316931,320.4814430643752,159.10726610778718
458.8069361024528,180.8570970850353,451.3873816017369,224.4832909136081
474.7690116258522,194.6832934939867,530.7999936256922,249.93340810033587
217.89241444830634,189.38943825929357,686.1004805064749,143.4516888170605
399.99639271955687,112.43555195895524,787.4181755180775,255.513831967796
361.855315606894,191.27909588040495,651.4445420612808,205.67992187286185
369.1609909503518,69.2112761601064,676.5140373566805,248.2398003105341
358.2636608809426,136.82513349355185,502.78346815971616,194.2004723944702
366.4410987036298,86.67713350985358,749.3667287867291,229.67104689610295
497.3172321933839,69.02926583809877,745.6643809301077,306.7491197277968
468.29707665170093,123.52058488597557,741.9961513479205,290.81032159875815
216.51438400592855,99.39997812044015,397.67360305631655,118.62351520726209
122.37154874630613,190.70738026782075,650.5213327883578,86.07889968550381
183.6586839705792,195.66874902743714,696.0965461793339,116.81783411025796
354.4632269260786,156.96956952902616,685.6634146817083,216.37468699309974
282.19608020958697,53.92857599152931,502.18517593140245,178.68764537535105
135.82771260949437,89.5356568315245,614.6767763511154,94.68969412683708
390.2180145290979,83.22331900743089,771.3047794230766,267.3382984311363
285.12145678504476,95.06901997085069,507.3085906117232,191.87590250555482
478.3154944041579,198.7552039672581,796.5855389159782,273.1626887612207
129.02062177698656,141.44299041142636,345.47175584718775,72.9126367127907
394.99059464716765,177.80844692691875,639.9529585715622,228.70795692609659
115.85112709608913,184.4975106768568,581.8127915417251,80.01554229947159
103.33323531086491,188.81972683910516,405.4410855917542,62.22954407583718
377.6430592341571,66.33153793007588,374.17781781811215,202.23201445669795
222.4392702262592,193.150704094894,425.6426065872207,98.30919774151033
460.26040655877284,61.44270936526999,456.75611610038516,245.27580189216195
340.80918845088286,97.0656065993642,597.1206727137582,194.16295096930247
267.7069870464655,166.06766361905818,607.0982496220122,166.3097545789573
456.3205697982377,100.533991587614,561.2018170811423,274.3136007970477
103.40798061361474,114.75874673025217,515.5503568463025,90.97434944738791
384.57041750361014,72.01266760256092,377.7211560996592,202.09726145564875
291.12877218623873,117.40635205394854,486.64054563149864,170.79493343924113
230.75599208294327,94.92589943490299,367.1845458744806,134.68525280464
480.47427906883786,105.0112818001652,792.195541234664,304.1860834434526
478.26020168502913,154.1031851780242,416.8158977007193,242.6198440537241
384.95368231599423,173.11952085549,420.5273118085512,201.50627792858162
176.04772911758386,143.83630880906998,327.9963504253526,96.03909785304536
237.17066574506478,94.32075031965184,361.63189370380144,116.9849331673863
219.6462308147808,152.4830596585765,583.4748811151671,155.97321138311054
315.36567193060864,115.66638386404216,638.4061293756386,188.25699593045
193.45940219076567,51.75644474849225,689.7045803516793,152.66239266612277
277.9074972037067,90.82238381002631,725.7284338901128,206.06833961361465
287.21213365620076,114.63535518477218,383.7835439445264,165.40517419226836
293.77855673944657,91.74989400130943,748.7172822245806,201.41914692470533
485.8359606526011,106.04749081497539,429.66317420726625,270.8141185000863
465.78271310755576,188.7810587448738,272.59429740492806,221.475065731006
464.3697835756165,62.952116096998836,520.8811431824454,273.11089460871034
378.7667536492207,198.578292727928,503.3064564481926,179.69060706457196
453.7498214751873,116.87711568222163,353.8319318261139,258.015374361863
433.8437234824105,56.01658604226481,658.2927568125211,270.55225271392504
362.91086902996625,101.88737933519148,673.7432267492063,231.10631782426077
434.8322483352482,149.61234291125896,298.09059602163603,190.12324164733656
497.91924597370405,155.70834658474297,790.6875623599097,292.81052365839207
368.5494342803047,74.384050048961,249.51217215343019,182.06951248985203
301.58556316637055,141.02693632906573,311.3574785890539,147.13954088637544
197.4656282138648,103.15626396899158,425.79405486322753,126.41835109314603
430.123657181945,178.85258647381758,692.3825917201361,261.2158685441426
279.62763699389393,105.78359481854895,751.4719609816657,183.0028548524968
226.5664541909894,126.93544961054943,355.62073646365116,131.14582049967285
277.05445002621,74.47289393266439,617.1435898672523,210.2112386433171
355.3316777893524,194.15154461603169,740.0487667230126,211.08624658844008
347.70083724058844,78.07529230399521,513.4280164598738,206.60143511406508
136.1034750187442,99.73706539518574,671.9938067107173,108.18530428139269
444.3133958144347,123.88833765259936,293.8323778942866,237.15415894496076
223.59302584471862,154.52246110165788,378.86720542966594,113.4877511084752
354.2351899643448,68.67857149322752,565.9889780351708,235.3451744137454
393.8032615367728,52.909313204821785,658.2488732486873,235.35788980301953
416.029900455194,145.18028232670002,771.8669332397272,259.91185431666565
409.97828089711277,131.55795328451552,764.6117414718645,231.13275363161983
190.50516392793742,146.01626526673823,422.46418507786075,122.08388127430773
494.56839095105465,188.04245267445734,308.5088458137293,250.63394759668978
339.6003890695033,86.93983857905323,570.6302549848032,196.77872415824362
288.87606052008266,146.61940897131367,578.973761034204,161.62203440774144
163.52479504318174,155.37609685971296,640.7181978343126,110.35851927445256
339.7497425840262,146.64553599229475,778.9389113466367,217.46453533796128
115.04242761853236,90.92297631094817,237.30914676937041,73.75947521703581
263.00333374901606,141.5818879660202,763.5150356704976,174.05035916123214
414.1277148764515,195.29754560675235,217.5657512684265,169.39721082497402
362.1807454941123,106.4656994034889,566.7162544563648,202.46175037555068
331.9247212328456,81.30430649014005,538.5671711784162,205.20445927261306
119.07652761496408,86.88954813050098,340.2027392583957,79.25375502288283
129.00246108493155,131.86740374534762,445.8642123217163,97.57091640862424
221.52852859269598,127.41266460315185,734.7667919658783,159.7878415332516
471.21438545762464,80.81181905362735,632.8340950422527,297.27077209344674
165.78976088804095,178.16970932311648,288.5686269908954,74.80797628093403
395.27799345920846,113.67260439538629,727.7135893094086,257.2001625473137
253.3256683244673,185.43948856454153,479.244861186683,131.15026940705795
202.5708464422098,163.46721922977258,622.399839930708,139.66912079642992
356.37945565772117,150.71987089186325,616.5057978211461,219.99929073787897
220.20833921587484,160.54999273614112,337.9952931449735,117.01631188849528
431.2594602165313,76.93671062721631,261.02480469492014,234.72813754242773
381.54565426616375,145.75385369293053,613.2925693304525,212.0380798676636
116.41285787183975,157.74165091787148,423.6297510407627,73.69571219823985
333.5394954916196,60.13571205911557,790.8116168023782,238.70710675034107
306.3319792635672,197.8314132811642,586.5890065198307,179.37542382483426
349.0262268912404,199.43308249010607,778.3194588892885,204.07914237991872
344.28624781564145,112.47439365163842,550.6995651141689,184.66582075908067
325.4940813006748,176.18705540766155,297.5348918643173,132.7675606029172
231.4006351263415,98.26162832215553,605.326368901952,165.44791670670327
266.5646259616571,146.75979871209745,246.763706765981,149.24116947028153
353.8622544298456,58.7150499309217,717.6528619993718,237.73275741055855
470.06010050767844,66.0690375749888,637.9256213840549,288.1391553268511
384.19066199952636,97.69072945887983,483.34028699212615,206.7468782596682
238.22421272224665,73.57600931963466,304.2754297344113,120.62909164296372
282.4600019154935,112.48265105275306,656.6359922203053,184.7176878824699
466.21416242022565,197.37245461387306,720.29545375368,259.5147153364221
156.45273195083678,117.50514460383853,417.8746136456976,107.86408002367563
457.15502934212145,96.63860593650841,425.56225621095564,257.6817639077479
209.68728840236076,84.56285947870907,563.3291914130426,146.8813735202539
479.73065956907004,148.94925308787276,789.7849147650821,294.9403745858349
224.61318675970676,157.5429636925124,757.7004141927264,157.1138833875185
460.0275388327528,102.86506226514197,774.0690080121942,271.7301913891734
194.23943448815072,199.55763270946923,507.65757631753416,96.007692656297
143.3251219670649,93.50825904492942,482.39108354865954,100.8016566071533
110.27931358760998,59.705843950809886,706.2659608082365,117.13370098380166
319.0038097632595,97.9002289206262,376.6995710507507,169.72048980137214
423.8233155789598,107.38038206894339,439.89308446015525,245.09413644676312
407.02198972965505,88.070773849299,528.505100468103,235.29666137689114
170.3855749179148,77.17352350129346,234.42968278927657,85.15612260740627
361.870493111665,97.68051474032103,222.38549924165804,165.55854586344196
388.2752257129447,83.17489830061064,769.1514830043948,257.5386093367877
222.60178642135128,170.8661349508153,685.6717503871455,149.36193749420315
223.42376025948994,126.32551322995975,728.8069773917691,167.42564633275234
126.23180537217596,149.94890473918082,531.585896551816,84.4006223650469
466.58154825716275,92.88230080065074,719.2843599509921,267.90315793837044
488.18496861889867,198.72035199908908,238.59813327452935,240.11157750968343
148.15140036468125,96.28103665111217,391.46782567842604,88.03255155702048
279.62581795249844,164.29080426908297,243.8889516385571,130.14475387046764
382.94227893904866,175.36876076532053,564.0715575522946,220.15366537506634
176.75742751138347,156.27510241597128,526.7215699175758,116.77306733125447
115.42752531167211,88.74044766295896,735.5734061016424,114.52399631345094
287.00468263405094,148.00983150614232,511.789358147835,176.4912145844047
270.95942776822693,83.28347538368038,511.3476275570199,160.0146400983526
195.87923031113934,141.17732828340792,649.8705019150584,141.4139227419736
458.5015077016717,112.89428125561855,252.52374932415623,231.95197359449725
258.9765187496927,162.26140498368852,753.22978764228,174.28775238080112
324.9475370055643,113.1042495055083,677.0834517421285,180.0802014770221
320.787598940682,189.20792282966153,417.15197859040495,173.597667603903
145.5765553810009,179.69443720618438,393.76096404543307,75.87466265757551
220.83029458969213,166.63994103391667,251.0550064580357,101.68335732290383
493.91701919582135,91.46220769983299,763.2985063907382,285.2258713285178
210.96101955434932,140.438314768576,580.325967896689,146.28394348389256
383.0329784104458,143.14820315317382,633.276315821339,238.2599344093078
360.896848372491,198.0925116315624,377.96992679087623,182.7689021217627
216.7477688848431,98.53694385485565,232.43077792974745,113.09401537329325
324.96459921345274,196.9088583666774,549.9932543943933,181.55991046639744
431.604627561017,163.42587121678366,210.9062148710797,210.12804492396822
188.0927538543042,142.88419910951058,569.3370945036746,130.67268082074858
317.9440568706762,105.84250225305425,214.1212610446995,167.98490165625782
486.7588571040302,111.73410880127594,567.4001883662967,267.0749639883911
260.04992050855617,88.110838253064,779.2010725569138,193.86023324977384
117.44040116390747,187.5836261560333,530.7276438618887,61.37067827750969
382.42154229010487,167.34675784677376,668.6442561582472,233.40081851788207
337.4652100039216,61.2093676934416,693.2969619298467,229.6422731362683
162.35013601547445,70.06849190225316,315.14364427344486,110.14079258875304
457.69202135520175,161.4012869036884,553.0633833927484,229.62331921887767
293.3052940584589,159.93798455619265,597.207601978803,178.34479900752143
386.9814698321938,131.52145189012867,617.7983611118996,228.4932973538322
232.23393179456363,106.97746618859887,591.7735568169148,152.00541683133534
316.37379755287054,196.99429512011872,374.9247324413,172.59487291584495
286.7491973846829,142.07144894158645,786.221591731357,191.55795610159035
203.35867344631993,97.57499039751477,483.47633909167234,127.86055913905363
262.7471543602843,117.58145584543348,310.5780966791418,129.50630015298825
286.19713399563625,54.610486796833804,617.9076504255422,190.97711792389936
266.01435809489135,181.32948020638477,574.3477008942465,154.41639758939442
108.94507449937292,83.49955807760502,647.2820183926756,76.88303099257294
279.63787575859743,64.455531362067,409.205399952948,163.30518220048384
221.16044054634892,118.50014655666169,470.6837949957316,158.49313283464073
365.1783800491928,102.02013778452954,281.5678483079866,182.93898880383452
216.13952020108127,82.72463305203979,312.5563412588466,124.09097397222048
128.37666955450936,81.62978823506407,312.1212073244456,84.90481936546922
280.0824157763826,175.54232627180897,231.68149908460342,116.2296646034528
158.22141867286174,73.32570222257274,528.6568169858813,119.99930775146018
222.56544326764043,91.51538709817598,655.9122178702222,151.25475692596615
108.43115168745597,82.62074889910338,319.4240737020401,56.38513070119386
402.956382100126,131.49116632069155,552.3650950837753,216.67682220182715
182.54046616027932,54.04067049132345,695.3711616545737,123.98595510264674
428.64235590604886,133.25983156244894,360.2177757903123,224.09876254565006
381.9963712566771,188.84111759692289,457.39356028297146,200.7113218315977
165.64311440043275,93.24298000011055,636.9686166473457,123.08426759553096
259.4739184452486,194.2971752497169,294.3242082048122,112.36771046661954
238.65767533248885,149.7286345937939,769.475986871754,173.30349296369965
305.9621385557059,154.23920552794323,611.5587764452403,209.42554016729684
215.28268400235856,91.87949661133548,546.5025048176406,145.3067320936993
167.02479901426727,133.2050082246766,252.64965669600636,69.92063325309755
295.74094836760014,91.66119915117184,730.4429851733383,200.58244639225876
287.05927190446346,52.87909845181313,303.9726556995016,164.73457133550698
215.57607235317028,106.09387514604956,273.8253561989125,116.69415421126989
401.45427551202613,145.58250470388276,590.6266511373187,233.26962003073544
101.88599023127622,190.45234480037468,529.8315294706206,48.70000898982287
191.54380448345108,139.45932970106486,643.9574860943302,127.07142153105538
178.74614767480423,154.43720864217065,586.4310055207927,125.72802605028816
444.3929881075478,147.7125662707424,621.5184505154948,249.22691165118061
477.74874398984764,120.58007007305619,341.00323666508893,239.6969328733222
243.5756595460026,194.663258452706,786.2973738896612,154.88344055355364
206.12475707302238,70.07565756724738,695.3562843133358,143.64422812544024
489.0623686092934,85.43634864709728,695.3763017656274,304.83728718148086
282.03615984549174,113.93009233401685,392.2594446976974,170.26588316521023
287.20863517435384,65.26811811309692,303.70704964916797,153.1029471071795
466.28477854485106,148.20716195596466,217.11469672886847,242.04027628947114
149.7054961838849,140.01840902785557,785.3430170287571,125.2002572020718
141.3978279224085,165.9201994035078,277.0129848883272,84.33354079123546
106.72692610447925,91.79373471831428,574.159387199363,89.38768910228558
370.24683914272936,107.92618327085259,698.5775469945434,236.38272070181134
207.7077259451341,120.82216713729875,666.3967551165001,149.64052652929337
383.6392918986546,64.87468874492137,609.1359423162434,222.47449446994756
289.3669061621188,75.64653298970117,594.7827493502043,206.29316662845048
326.0724765964477,134.48355746884505,460.724322375134,189.9584503982045
478.1824770992855,78.26376429739713,424.2415049090438,256.58264430416966
254.12964316765115,66.65252568898214,305.96527212298105,158.11520394933765
429.5692150030109,173.19157756696615,696.6426444162595,238.43334265388012
330.2502415506207,170.19327245845355,348.5334677272646,157.14773488343758
203.0870695258387,54.48993252628697,355.12207682964686,131.82316041841761
344.807087909305,154.36857479236818,200.50628792074343,161.65623684683953
279.97103595486817,171.98492235659194,461.9304144382821,154.5355101757975
454.80429402494684,126.73762492577106,426.0359972338784,247.56453495740098
428.0733512411144,152.0363262136703,652.0024052812118,236.21344356594759
274.6279133814304,121.19631501791469,205.0705957945035,147.68690225630078
345.2859405142873,190.22820133680074,449.4480033775309,179.60758473570021
494.5855554682009,185.44445605247503,293.14405598133106,233.4919139052387
317.83412492906166,79.66561569338353,450.02127736061516,193.18270766454523
256.063879711703,155.26958045882756,673.3903197387933,157.3793279867122
420.7727711391969,193.26333775183565,227.2751443733427,193.4204258204365
213.60902810730065,73.17074502901245,518.4745698273507,129.76673421225965
217.044891267878,52.258629665632505,404.36822685503785,139.3057837688875
258.7656029150557,156.06390466368683,351.24201723422163,141.17533694793676
318.0469355429661,175.4894150173197,634.6337911201541,190.71046924705215
329.5425653575326,129.78784068466274,356.5673335788025,180.3690836982671
188.1901182667687,58.23329858783895,257.84825733890614,129.16121755806128
209.59128833569144,120.47180436171814,447.4311979879574,129.83698251063223
300.82001396804225,184.83745238080914,438.2903857604682,159.2795315821245
284.0181231318835,89.77774011776731,542.0663332752837,192.81214147736355
470.0000167238708,118.20417680279857,360.42498514148645,247.29192932543447
435.65369824283357,79.99980680013336,565.2578398183763,240.06867706401056
454.8571314249858,137.0643065100789,358.3001842577658,242.17625298854088
289.26184132248204,168.59364589351625,228.98631284929266,139.52261752499663
322.6007936374017,173.85589767805203,390.5433545210974,180.0424329660619
170.1176942798935,103.3895216025892,652.3652548490345,135.04501250437335
123.94695973604595,193.26601580506141,269.8300000689362,63.36537909712615
449.0016761053791,75.2119491452564,725.7384386734968,289.42525204450175
145.64412115405628,170.96589696692996,268.25731500997585,59.95029539823712
338.20207929573075,144.3659761323167,721.1529648377826,209.65953359204002
253.4861351028359,172.4682423104991,695.1899151438037,160.0094604743098
497.0625127883653,73.66854800328747,691.7152202218001,310.46919009964654
321.1847478469014,150.20338140554776,708.6658067984044,208.6703902655901
224.58830063342288,168.6310029748745,580.7425031843086,141.63722420776853
325.0385458089082,161.75917632425217,260.01507691464064,157.86355030510416
403.334907943544,146.86462474451895,441.71167297974887,226.7101758008495
256.811747378998,182.6077849407906,234.03192845582674,117.5381778025175
475.61053535151905,103.18076346047839,678.2096568189638,290.6070556927819
315.6149536202637,191.37159601387035,341.17020063227363,167.88734998162374
459.9333991198408,173.84855911071938,450.7512056477316,254.48480446979613
475.64143014601177,171.55493775998912,318.54738009279845,237.1510807203651
225.30201461006993,92.37093120810869,782.15255892437,164.9024917165414
480.39074540828045,77.19939712948992,338.90102911176496,253.3344467875065
184.84025427397785,117.56871025072942,480.1361928517251,111.4568245371709
223.1175958833437,86.47835136556287,797.1877629877387,176.42762358883903
489.2076951305994,50.66570377173601,244.20154842951126,248.62450408552542
345.30185630930816,190.84207612027964,229.64789598918057,162.4913255461744
134.93580764179484,153.07748156737512,389.3036109828666,75.68444680182189
167.71293362048442,109.38623127544514,572.1949509043924,133.50800821117724
140.43092813673215,193.72148997739245,448.39922114758247,59.94957116615717
471.8618828254862,184.68997879050588,311.70599834265346,225.32233103864738
434.16939224395236,128.6959146501078,379.37622650789274,218.3581980941118
387.3169508904499,174.01389159558602,299.4859583866101,178.5527451532359
199.9972233584677,191.54922158666463,280.3595572268339,96.65185224473034
102.58020369444255,77.52668443974243,559.9823511635054,88.42923926800894
104.23819432605019,161.65277112393983,676.5280519522601,88.81110375696171
302.9793986648094,68.75339514667354,375.9195141026812,182.81374456608657
488.4203452769766,168.09573630836167,474.0204331896211,236.44937294240466
400.5775762847769,162.635806416658,310.44291621894394,208.7756108156064
144.0697555369566,133.40134730626954,545.838637496784,93.71568171858648
264.6907071495037,75.02014448433565,684.8841450437376,194.91071795907013
333.536697508679,88.0544312030571,749.2477865301295,216.54390684831702
380.1790495946791,107.61020272771404,717.3531866736568,240.7508116634998
101.01741725394832,74.6587360537952,419.38316173721375,82.51689991283045
254.20403228541937,52.582320357995876,427.1539984406133,141.31718144966342
206.2524914596885,75.50028157068108,715.075935194766,170.99050735393783
275.7790282150628,75.97543334717851,528.4926305216791,183.44677333869427
458.88739240788914,114.24248511927715,435.8353859712362,224.48031521420216
428.6964458313267,114.52804505938771,728.8012633161085,267.79287474711816
110.92238820897636,171.54098593975334,287.50498654256455,37.241827789572966
440.2720390602774,60.31366697915121,326.49706935043173,239.10926297266624
309.8511338100527,143.02965634243773,418.5739533654442,174.9300469878043
386.26767526069744,56.3752241361168,771.7534117458132,256.9201471228884
386.2187421335665,77.79000385099857,772.927924949727,243.6545960697901
424.8249949639074,191.96389941844996,259.20981767077353,212.15639688794158
494.597755908409,75.97572503779672,770.921698620738,309.12457730306386
492.6643103284821,138.8993031198164,558.9155400789514,281.70525119115456
437.0572368696819,55.25355165042467,357.20237018752323,229.523389065619
188.128021201904,180.73723127719182,325.72206814194897,82.5518024620758
253.5922806548634,51.91753932196639,398.42127736010286,157.55655524637632
130.98355079206567,183.5305421906547,724.6870464837718,105.94618463339468
391.37464838497704,141.0583707368558,287.62634129754736,193.37279715808938
452.0211252229669,57.48802841243613,707.1482013395396,263.68366488249063
294.5149152910702,129.62678223502667,435.93628179013535,160.58710319900126
441.3516111002519,138.67523421501227,619.3443170378264,247.36478290733817
269.75752609726965,110.02442014107584,303.4662229771892,133.4851911392542
178.99100218833445,130.02497283247394,371.95561185950544,86.48972789452809
117.96307618359884,167.00200161250268,211.8460614441236,47.10119977110073
363.1798993094582,175.32095705729836,260.2398671579833,157.22628613193902
308.0762696369535,118.79648606754112,704.211221558963,211.35987627850955
271.9645935513268,173.3926485730193,720.6150343136535,173.11326202399218
235.42625799499905,106.64948796486857,598.9762001604224,161.31737051191502
135.5787404875627,120.1307838064847,238.26194003121006,61.01532173890102
354.840298709527,91.21670336065552,597.3990602377262,224.13121646514952
178.08615776400148,78.46690918384746,418.3425484558733,116.95187242891016
195.82513758380952,119.80376496424009,793.093002380233,164.70550998492314
427.68059193835285,165.15977488562908,436.5913821097532,232.02462011359594
183.83466735975247,158.5397807043272,749.5743454574927,141.34110746024447
240.56582753373615,76.99732590643693,686.0497507933624,172.8623932153543
367.7350179508727,124.72768769460981,539.378873154008,203.52520257685336
244.08114705066032,82.57793720298429,474.9844342796581,166.0336023846625
262.80650451384633,107.58756459895423,744.5919370599223,184.51302630385547
251.7522429150752,80.89279141045932,430.6225342878496,167.57203715058006
229.40995529765763,92.4326829654452,498.3130194189948,160.43197042383923
223.26927758695933,128.87633380911652,322.7287190016969,132.1806651665888
418.68273282788596,123.16074515315663,250.57008905804517,201.45045297683473
119.11558954980612,67.46347014486356,413.0485121666065,85.18854319043353
255.0035749475981,138.08241409732364,703.0074037722559,163.91961383451655
266.9474460029863,100.98182423074235,715.8599536799325,180.34178716517084
271.3575225702152,141.609338938064,333.585397781319,131.6779614333434
187.06492271537235,99.95109368779023,471.51463375007864,115.94376814898456
129.4024918748728,112.712269450916,540.4629338007269,126.95524402982463
429.84778498702497,195.20914233115676,653.4127160039131,255.8594892563721
125.71515086627403,189.84576220416764,281.26626976275287,53.89325910487003
155.8987697458142,119.86000079093247,393.3934053431767,90.44789468709531
479.2000324301503,157.5127162137361,463.53347955243595,247.39379504985666
110.97037487954324,80.85160583122277,549.7777582148344,78.85354751794978
419.98124267709886,53.163614783250296,227.26160884195804,231.95797067235026
135.25029676170877,155.50413162795545,357.1698595510932,54.43476502645897
495.83618150534375,53.94518533147362,250.66756271825227,284.27901190093354
337.35635538353785,135.73770987566962,345.10019041147916,169.68263879639608
170.76350043376488,60.25231637181531,344.98936499418926,110.28177921944648
499.22543087575764,77.54887425271238,262.6911422923669,246.8085371352045
122.19780105841411,100.49999769713105,714.5192333875831,109.02434003502002
443.46488090421235,180.17897965821317,794.6331689253067,263.09230327265095
270.10576576695235,165.88356538965184,633.2420117495988,161.41538213799748
139.9679190703148,167.48517007470548,509.3593478162206,98.30746370799494
437.3535638240412,50.15697981742219,371.11804362506643,241.3662270703653
351.0677008460368,59.28775238657067,794.0636839548337,261.5851118301045
376.76166761754496,196.30498656639966,477.2451192892088,207.68645793021213
191.57775284249578,132.0928562389621,477.9372959923161,122.81454969082057
212.37511023652195,60.74028478063393,370.55082949864834,138.52254242471898
250.7402085310479,131.26668274516362,254.05621694477142,125.89910869515657
399.5821785393741,56.979388323982796,292.5087711435774,217.0954936076476
292.12701613542555,152.07638271494937,629.5494916172345,178.88103597283708
110.0879507636316,125.49479959013263,427.26938587333166,72.13639870606643
109.94519788090567,50.00272082698235,237.78031674080302,72.76732020664339
363.8569743828582,70.21945137937908,373.68190401902984,186.64701643288998
482.4643951651046,154.40268874869759,209.6051759796772,236.26472704984064
466.9431058519065,105.79628789711386,745.9242530509894,271.20224895509506
265.60212961907615,61.125498361795586,728.8587823001699,190.06557367457205
490.113985949009,164.23730572206108,427.42798955189033,257.6690957703183
438.4637096541401,93.62628700219713,700.7107672491095,265.19271388728083
245.71529777756604,151.7265123774749,723.4146705920085,157.56106052508179
266.8579500632234,151.74115965826,455.0368954889751,128.78814359420454
143.91356363231324,158.642178734263,551.7708251103702,112.62429850436541
109.9039950572533,185.0990011268572,363.4576880187657,54.79524488586049
192.84211292071296,188.0187941176594,547.5275652367606,115.12009360478379
198.18989563383775,85.62789094215383,664.9611911717093,158.278151996825
252.61675379805882,55.349703254563835,782.7858384658806,190.01348511031813
141.99077829048386,124.16203261355291,353.8683724328539,65.55773777911627
427.236663325643,57.93725179013768,419.41964925082016,243.48035847265479
443.7746719858622,96.22477280532593,504.49306161098565,252.43182973074624
260.41189861259494,90.80953899590548,645.805557225943,173.51974854292817
147.04198292721614,163.15718371707123,753.4194172560626,125.9145240289043
175.6608188572139,56.14941791768238,498.60373917158023,128.8234982159858
335.06941909220075,130.33061015805566,347.441422209871,189.26758354622976
181.15137697963033,96.68976072524123,703.3110280655594,123.21282650833038
315.75921730164293,69.61737328020725,569.3460985977306,194.3624746411718
327.4274835999006,136.33125103257663,606.7525363914478,209.54161702556183
237.4668249538842,67.82798528791402,784.0952221155785,198.24918813037556
127.43811980710316,133.87560057109204,260.95066032385307,72.60036960753729
324.2914682981201,169.96539291143495,514.0608037262477,176.69970224487977
272.651877395326,79.79843428492862,498.87426821064213,173.7604359694434
287.3881747407945,84.96824383125201,479.20723952422907,170.56906907240614
290.69672216024867,108.95321517684863,382.9681782742017,185.38958743397947
262.812447130032,108.89306162076777,578.6312621034058,169.25236602873352
264.3296891340101,185.71538249487693,399.5193480838295,125.0949580862208
157.60711918306117,135.56846727591943,230.3442035032975,78.83629715495195
173.0467716910336,69.82785948093829,369.10160006418704,120.31730949935083
289.7514737479819,82.94459896488098,744.7066452498511,197.74472574393837
153.8547033094303,109.60278906016417,277.8084954742035,89.44258933884184
421.7985509402196,96.46846684824756,651.4436417136244,252.71653340554835
198.13239254554964,163.61787010657196,628.4877825710473,128.75925250858123
250.56071429101766,145.26908720100337,622.7071749279115,164.54062067190412
438.7259442145059,169.99483938051557,254.61747408387697,205.2988088772092
378.0128695719011,94.1419433114931,319.8842096894657,178.39319259666757
134.15927502638584,142.70182613307446,783.9557413282388,113.719409503002
103.72236283105329,189.2264790506264,344.40390276172195,45.38827959452505
126.36702063650019,145.69914337722338,417.4881219060781,59.17607834248887
179.82617986751524,94.49035955602582,723.5605201800752,145.95733503417134
413.6049187871348,122.06340773512382,591.3773468402178,245.76667034741223
404.6583094540308,189.88546820141895,509.1140976126313,216.97805689432417
163.43110825652735,65.53344245399344,342.6773394725807,94.66817806123332
385.05531429917403,97.11578042303958,536.289280459943,242.43089634995542
121.96896188845825,197.15544676806593,436.03793768530386,68.0915526431582
248.82449372922255,80.20953742107194,565.5905264550071,182.53757175912315
207.85113641000532,195.84209466286575,632.2702082380138,128.53983945631128
102.93079266610148,96.74485833267285,283.1949196533229,65.4188607462645
469.58052325732893,72.91085503830425,425.43321408581687,262.8089441357712
105.11935106228667,129.71478516037945,747.7421451750446,104.30821445028921
314.9485765582497,158.40985485583104,533.0202080041842,178.79118794837376
293.9918758602406,186.47889187230405,447.65467658691983,150.23713632280666
169.33088772158618,185.199924166087,505.1805496739949,116.11574368025404
371.11052600115437,50.72071133519896,318.51980458588565,196.6258560980986
115.69115217984299,186.9489337721226,407.5128977166179,49.88073952020133
228.2503832917227,136.95629876425727,211.49632327231396,109.69987989482188
413.47770060600817,117.75282082101555,535.0970763939231,242.92022484782618
493.51829748829476,179.87305627966958,281.7248623124929,256.4867976273461
328.0108848976998,76.31942837660988,426.94906132272,198.03028189821472
137.94154751056217,166.9090689488683,274.6997474535729,50.11922606998821
228.56865342983969,171.13821223931674,664.183370614232,155.7926948800701
251.65743832204203,68.65717698821234,352.07088791056196,138.19928290661667
134.6250028926315,181.05348186537645,592.1880797393319,88.46252107817821
318.45662137915434,95.6779377219534,647.3516691290242,205.89440329085772
294.08689378232043,99.46155096133374,636.5382578569922,200.1299174838309
334.94461064911314,156.92081823979282,745.6600814643319,214.64594929143925
323.5555890959538,117.17716678048578,650.3250643054334,218.55350295477842
473.1658151131574,69.49000572299084,798.044447596186,301.518938521361
343.97521952907,136.0272815627985,308.23601837824344,167.84647153764794
355.7216573722137,153.81714946082317,471.87341855761946,192.63394992101806
128.2604851770863,122.70647222712172,534.5628370686923,80.32714170165
474.65133978389076,191.27557995763385,207.24236740716086,207.94664359842292
202.3114231868321,148.39838131690567,603.3784758094341,140.12702519137716
190.49003512923554,181.83217162253433,475.22931771955314,95.4125272737419
335.51509663725284,175.7900907853342,778.8131511528538,212.6879022196343
222.42988315790808,127.20775705739472,272.2459697656034,113.87297345937549
498.2935144562729,157.32799611333172,736.9637227397429,281.4606799886921
168.09096987134922,73.53544727865089,584.7415053643707,128.02597514934072
221.54544034902628,162.80538722900945,599.7611889761931,136.39816301510822
261.8581200350172,160.69221640879215,585.1163107024397,155.3152717468817
225.3087872727218,174.76942267162764,736.3109777809881,165.76578614886628
149.23004856429304,97.44590679446398,621.036576215871,113.70890914541181
257.40462240174656,83.18520913032577,224.99708354976082,115.08073313463302
386.91532849993865,134.26815394480516,715.2711302680373,242.11773181200144
401.715077628995,117.23654982240643,279.34386628958174,200.11288779926397
406.78651903844906,165.32988221886933,276.2492295884514,194.521761463581
230.87790645372922,110.03813871142873,697.1847611142448,162.79488264822572
246.9239131392235,148.86002932439516,603.8556926108992,163.46484785402168
266.85140424069255,79.3472438877033,421.7872955612252,146.17207393784918
204.148152451734,92.55812067928815,474.2397899923558,132.3479659735975
416.01389348293776,173.6739879312612,367.1891631815353,205.28487872810342
227.33516623969794,146.81609435788775,798.374369445455,158.27036878551084
483.9162868498165,100.11278785531984,256.1441119586419,237.26827222672893
128.01582901348604,169.81416225332805,673.7331968821734,65.19066415110998
332.3451356637369,178.31080835249168,438.7890314337676,159.87733939930763
161.11801548635788,162.45641162382378,286.39410137068535,74.96385277132102
407.9490660697998,164.14912189553536,693.0478746108279,241.05620476083632
240.7589842562937,95.54135855664306,402.35587999071424,155.65677525702574
334.39150686041285,85.0252392853431,239.02194427773378,173.22569085174496
340.80713642631787,92.98586058083357,413.84117129657875,199.35347960418312
166.8891106887607,178.96706453537035,587.783187610187,110.3694480620599
392.6815860589313,149.95428075287242,723.9189629452532,231.48341069180898
434.50594286623556,160.30224983599885,389.15308200196023,227.42996246374128
121.46710321465024,126.89473075532177,553.4712521738963,77.51514684481711
471.31489487360795,186.24265945855112,557.0783274748085,236.58606176663747
207.6911339064406,50.88503783630286,740.7458973353451,150.84225509519024
174.3658463266979,101.59457982712209,308.1744463365264,99.8932657799394
239.33103175845628,150.83286105538542,650.6697108697757,152.79367881719776
498.7242112475287,183.91005276221512,539.3168923416074,264.3906527303329
394.18086411176995,53.4355742679231,676.3119872069828,260.58014632006547
258.78250857892886,131.73997957036153,548.7763967322891,167.8547080170136
322.89061937143043,149.8479228509292,690.1997422860271,207.30325824595485
180.0580979638514,138.49303948285734,316.0285250106788,74.74834649251392
485.8817398564463,88.75219387657475,387.2554539714532,280.8694349288704
253.0364364163663,112.86334157698721,777.0468261501921,193.89836488770382
355.29774681473407,149.5896732424878,343.91752387970746,162.34567926685065
372.5783756128909,164.62653416224435,275.512197436683,180.45617078892633
396.62897509130175,71.90885339898577,568.4432807384812,240.54835686191964
101.99629443264433,76.97113949283013,353.6085775628824,66.3153955946769
139.86661805759678,94.77494774488255,639.7929333313909,121.99758622596707
240.2807641497661,63.98770283312632,787.0840352741918,202.29846984339264
253.40813427014476,50.54940604541356,214.81457354374075,135.10987940888893
483.4967681520923,82.15003709050242,398.17105401172824,269.32018058752806
131.5408849381826,76.01174220843762,231.35714051620295,87.84641363642729
461.54096985245735,65.52764386464088,480.86307568302885,256.9825990244106
298.6423695781706,196.35467506592641,753.9365123362791,187.19350726802975
322.1602851370576,90.80762148072449,526.4428864923116,188.47386902096554
247.12464459431976,73.56014872971829,494.292309611896,163.99918317205265
262.5763348443411,185.91086146835528,789.3090168168313,171.85399671865687
199.72419869363173,141.9384746832144,456.08237580332565,132.1765411355395
292.5567509763605,116.58040158436752,424.46763900800966,175.90693745730067
179.167221487381,179.489487768699,309.15269461254877,83.3284254126556
414.3891648227805,110.78453379610353,499.54403305253845,248.8547371320555
468.39107575370076,182.5368792200225,227.26080321967737,223.84195526972104
254.10441602753258,117.48993562961664,411.01727860866004,138.87642395874673
308.9539894703057,52.956320091094895,741.2794300029278,217.98674797337407
444.50020685442445,58.034331126233624,276.5928958736071,245.60244579245563
116.50160816689544,142.18820862772222,281.53569888186087,59.85348403921023
208.91225047742836,179.6953942741755,214.17875142604728,79.2445621751524
100.88257346078903,82.43970288295442,378.93796895972275,71.07241254649696
462.7049559371637,141.5852263160453,213.70963438397658,228.18233773268284
310.4295709593791,188.59985538520525,783.4984271490997,182.46883237575543
459.5321922897601,190.7253950726373,623.1192664170437,251.88723540021527
239.2756330846638,101.24702974089033,666.8866717363248,167.17860762263183
341.9094184246621,50.134981813843105,307.3390336240318,194.54762645610222
234.71524594849157,50.33580358797346,588.7517736488505,171.3489209816433
350.7493529298187,119.26741936475986,365.1890006013547,165.2980573337174
295.18974073408816,115.97584205734103,284.57773987616645,160.12234891850525
442.55332553208393,146.96022395124956,385.16745436477754,218.7533488811024
415.2076587994293,58.57009063203631,389.8874383652186,230.61557025747868
348.5341739801179,69.01027675361898,728.7647716067162,225.7334134425386
473.07694846039215,87.84791638418733,580.8357872829865,275.2998266600276
378.68323628479965,159.5391771011835,211.8339511071092,169.06288512300276
368.89734311951304,63.03492355131175,442.6502943974998,204.52641606040817
336.2597806776556,133.86838104995633,693.7391749617923,232.64470604302412
376.8518727100365,75.41868477554885,230.7836643586124,195.00059734118287
411.85689165957365,161.30838168552776,271.8027166941623,200.36903730825742
159.75957382475826,124.17984901230041,716.2678947424491,148.53752372712603
214.24276973049717,121.18192140113608,666.8591857822055,134.972204085762
289.01729481370967,189.41694071890416,474.7183033688909,140.64122858652698
174.11806573754126,153.4605318826582,490.0340089806852,117.39281576286878
322.93563989823025,126.09368467017549,479.0971498856539,179.82948922387877
338.25000626181753,185.0025833610607,240.48791225327963,149.536539859618
133.2647706041413,112.36305329478125,452.7720599788176,73.8206621848673
245.43004908674547,67.39243620320138,590.6157830890781,148.04637586068625
381.19438373574224,66.6746245557765,528.1524827065962,215.9461812639797
290.6727539123516,84.96743896533235,280.2286526383971,150.27872314618295
467.6361816875636,131.80925865116575,610.4851455332296,262.33021430559626
381.8743711254615,84.3321597297334,336.5841703597483,207.13593960946454
491.85506724686957,75.59126804425388,326.2942110861178,246.7161932817579
117.1499506755171,143.69513111638386,366.2633855746943,69.82345857509559
102.56626403096946,167.19541437524055,222.99613284412854,36.92321233030251
189.31523168268703,187.39864754349531,593.9306063380054,104.8657155867562
221.6518113486902,70.68465199053641,667.2047023046262,170.7605523461448
313.076895970065,88.58352569420865,225.82587241473792,148.90432779094272
180.439218198558,150.19113185648297,307.1609809056071,78.87279100571638
130.38646040087798,156.2770914539027,471.7508308513596,99.8442245625053
426.656587418418,105.00308330110323,516.6004404000191,240.58191964024877
493.27621127762495,83.54774308561046,529.8725713546451,259.75350121589014
204.14661543354572,92.8437347926856,563.0263420323539,125.13025300119907
313.796690125717,178.86116500317698,567.5479020155435,175.16419505441792
161.4022130131091,124.07227041078062,200.989204923577,66.73112294494538
290.2159963517892,69.57543361747034,218.4625732986977,158.24037210401647
152.90544700540312,58.21550382303535,737.4922031117119,144.9672832430047
366.7872785683385,78.71965888318478,795.5688198116203,240.16785527796054
221.29999759376688,57.30323672752222,378.0132341400508,133.26996006823737
239.31364201408746,133.02366596422033,412.7130091368655,142.56976236562593
261.59441659021,101.36001134686069,695.8025714618274,185.61621778532972
380.58759920180523,177.9290118044206,512.61022704282,216.57945435456324
143.30394471336407,128.87148843267556,341.403843371722,90.29165542504784
345.33901803027146,79.75899188635567,755.8949700351561,238.41408453299536
409.7938917514232,149.45140019737562,665.0326184296584,245.46268992262728
206.7420946044001,85.00035664809627,370.5802080084018,114.32784843292758
285.55590349295915,195.2684799715254,294.97080558894663,133.84257595355373
339.22810082778074,54.09325638766365,226.0098941103002,181.89578901569323
222.23229836155127,170.63546253712428,479.23780382708105,113.73687167670653
292.6787889266104,171.3186121337938,331.80223428450955,153.49946610679714
493.9638755925347,66.5117415949861,639.6750811934338,289.3063597324301
140.7753688844437,93.17701686885668,482.66269663444393,86.36473050067622
180.31262035857125,113.44269975155402,704.8810724652366,124.9286047284845
189.78278141866411,136.3510894558888,772.2703248722628,135.84828028513815
293.9376734011506,179.97518138946108,571.8220683513048,174.5319714229139
349.24854062416307,159.4463145196287,221.64869421721698,198.49491053850664
381.25400047277407,185.64229486408468,695.8828624028747,219.68376178589185
256.27226253917377,73.92199031430934,691.0703893229213,178.36106404382173
448.13097214018063,196.095867905093,533.4294027538114,229.47323234104186
494.33023847927984,155.74487369730164,205.62993103787556,224.9766817363091
306.3375003947855,74.81033334103007,646.1110953894137,198.99263030458576
158.02457047244775,98.99475178416493,761.1514734837159,114.48514889260875
144.65310156804625,91.71950051822301,385.2004922700413,94.8357553423192
403.92638358211684,197.32651659657319,639.6144541509962,214.5226874876083
269.60956613845565,191.62130322490452,264.9259420804033,119.3710005828162
403.2318789493512,191.24930831153628,287.01032977014387,202.21928075209013
335.99469319289426,187.31503793827434,759.2324714050743,210.05191704428998
316.28907844298357,112.05268516705868,507.8015764603557,186.1366126690738
245.98823563482725,124.02707429324288,462.99761303636427,157.79842826762157
354.4747072759067,64.4976017954407,530.9087453180704,227.40569073763288
283.321166383722,129.22624223579658,326.35056662589494,147.6819175464537
288.05983262627075,60.78230110551863,667.6376648942769,197.71682027626014
244.82961129961805,144.15545960061712,724.4275590629455,165.8828608398959
403.66979079340854,99.99596095554455,495.8758712374372,237.49689100678262
468.9074798403724,141.6927937131117,696.8285227891704,284.3478282914151
216.23679334719924,72.81478771081046,649.9745066084037,168.6821112086436
344.42283992101994,115.88556647651015,232.44436502379037,179.61673031971998
367.777930248563,131.06902770767272,657.6349396434478,220.0340284819924
140.09707599750163,112.06578238386618,559.4262588094697,106.91042228274611
303.9491823476627,179.52807799665166,787.4605206339214,200.37442414944073
231.9913134331363,149.42021663183857,561.8258208820381,150.5255818604126
146.81105605240248,117.60150937773116,519.3951070475116,87.63492784750377
215.66127069933134,57.91690447394739,226.68172547027092,125.48758853664091
249.46820564105798,63.157699224208045,741.5551043916106,197.85071387610782
464.1922170791223,121.39978354088014,754.4434468373847,295.224020190415
247.36409451828192,125.78825521251223,533.7148335628433,156.1257372184979
139.0503059359376,141.8670587699833,609.9729104066971,114.20792134721613
492.11434373594443,137.4754796229277,771.6829518347163,306.1033976317353
118.2452108678551,144.08739614798122,211.14956795637084,51.08165005732205
395.37774644689176,69.38912518079437,646.8010002412404,241.20026665226658
248.173495297287,68.91947043869348,666.6163666996868,157.8644130315655
405.7458770905901,189.75114218656847,671.5109372462443,235.5171950953547
322.25728457893405,120.53342082398225,533.4793802894195,182.60669560229576
371.6402801967741,97.8251248394819,701.3254015335162,242.09005496869912
300.6972172630356,72.36664404113124,737.3834953752182,214.15330016367665
287.0010256186722,113.85827715867154,369.6842955759298,154.45637766888663
168.76435451086428,79.56288968883223,280.0115985243076,91.50838428310328
305.09629585274797,171.55824804103264,740.7315482546975,185.8725948181513
454.9730551848796,116.59243069884681,440.1826888404271,257.60170420770964
297.80751155271724,195.3773387621955,290.7555033947541,135.0927793206417
265.641029845574,174.79649636986142,776.6591872030041,180.319116936401
218.09828561032066,147.79888562167557,436.3278208277261,120.06475125797039
250.10600527234908,148.55893008280339,266.5385834627724,110.92349994559258
412.04000134438184,199.08401807159083,776.1987225458388,244.42035038434713
218.1868058829726,135.0485977912593,274.8384903336473,101.87655326525015
496.4865622195334,149.0273616042698,425.6309328443154,284.78622943010015
452.1186028971595,73.50289115634071,401.27392684235303,270.7747692064089
477.7051093725559,99.97839734843976,270.63587812277666,257.33158910224995
142.49761594042903,99.61479959539912,376.09916900985576,78.01403540056992
271.9912988688906,78.98320047506361,685.4976274720271,174.03772743096806
185.2899986069047,92.93451226013943,766.5981935874446,155.71332979575834
111.34347055416276,85.0953371735915,567.1594966504326,102.74053594986421
347.7582264856795,165.35098459989206,292.08944659289165,184.55005958422356
398.5000544608066,73.6816941627672,371.6952202578118,236.98680991472503
116.75318907606824,151.2030043824623,331.2700843205444,57.26789105301295
390.6160726429506,62.9030795072862,281.71984849638426,212.13238403557858
410.69288916522163,123.42385356594532,650.9217989173902,241.53197938892933
382.721559050738,98.86621387659865,674.7407214063959,242.41200748254218
261.83951717683726,198.44743496127867,759.45440042671,176.66294005754833
459.96450841796064,147.00567759171946,511.7605229099814,250.29731881849247
174.0699220285835,103.46361105849921,656.7997979105205,141.1967107406471
104.69982792907766,186.64607715581712,523.0896586861802,62.6014798180051
102.89113085438721,53.08616090686796,547.8082964288367,98.12179188899746
144.6105623814677,83.32278601698606,709.5561571062051,131.87203480194412
216.34025798101968,163.77070511065557,679.9501951071563,146.45625928139663
232.26437182379306,63.233727834492385,600.1667553721932,169.73649560301882
199.0771468694107,174.88079918695746,364.12348759498934,93.03949387126502
108.97665746112449,75.54278698790664,310.8146513450695,65.53966789230104
142.18548973997946,96.56604733578838,622.2748114377521,122.61762669700497
369.94378437242807,133.88327651474765,575.6912422697109,207.91698162891564
215.31047514368612,161.60268088638315,340.18346068019883,118.6984377034563
141.93211681018482,50.97960286023788,302.51085807454564,92.30938912463682
270.3680746376136,155.42931723023463,207.67834464725274,145.12576379620742
308.58223053996676,117.06384837297026,459.32621922590147,176.46936683747953
213.7055908547352,108.71033545094423,265.918148009159,123.09366770307389
386.38767842011237,115.18618241289529,463.4728801048676,205.095778376257
195.08127475424556,106.0320438574696,379.24780322529597,105.30392422565029
472.46416642131726,155.8348433258878,754.0710220247626,282.9326694936939
309.18626365066416,84.00149354766037,759.523954566123,206.34022126471484
205.36061987292467,58.38092332799957,446.9737796795032,121.34070932584399
467.3942406030141,189.15993890751415,282.3794056801305,219.65811759742675
117.39993685842789,190.903199191385,279.0389859566467,52.09553137180945
428.38439544519866,72.23645767519153,494.39719092253773,256.59754666976846
378.52457696419526,68.99126787661609,276.0770739731191,202.66345773291548
271.39725842489327,126.15701472130083,471.1101454021589,155.64940727474843
149.80576350425014,52.23121328741764,610.6970463222264,118.63510926821805
370.79622958690044,71.19997966272956,757.7413867899593,241.4679266155765
243.67106256067842,193.9711693397926,658.6346739925859,156.42048716623395
303.33827334932266,147.15976358469285,388.09732714022186,177.3343522270926
240.96090731449613,73.24365020696648,509.43338376813153,167.58228701472274
103.55491156493545,127.15075458055173,255.87683234399128,72.97177822040165
427.9805284302879,125.51065325377822,380.4776072411482,226.44390615420835
144.22586477190418,114.54161691181287,662.1088643047973,112.04050688063104
435.5531647952735,182.29838268485955,558.2517333716569,224.56901383776457
361.3289022562063,172.14057052086724,684.1641706621263,213.5367879178003
341.14385538252776,67.49786539799285,246.91319022393765,198.07402954948188
135.9710577334062,124.97849344260716,403.07858679135234,76.66792636163427
382.33332444928203,113.25406786218048,527.4759093255474,222.26927621048745
308.82733795137835,143.35084689681537,749.5272173164846,172.38957935566506
406.05650825864257,93.91931655066185,410.33295635925555,238.87468312601763
319.73508884599426,86.57634015854407,488.35385945624546,187.58127389996233
321.1508378756308,112.24344369116145,442.50184458500627,196.76941134435432
202.3150944518011,56.65133109407849,577.6442497271117,140.9675590767762
193.2421753753311,174.0059865611879,329.85415931308404,94.34721066544353
235.0559685830683,111.06032690910757,348.4054961472384,114.20437806343217
222.62682148677607,84.19830913420112,344.03423639617563,113.4146571978239
482.3781456685279,90.86658834211885,650.1623922826761,287.13200317811186
128.19852007023127,128.4701483797428,381.64014118463626,73.8751531599285
394.64676882357594,93.49238665577454,494.50242951308826,239.47473110206056
192.59639209507355,53.214897357602865,762.4248714210031,161.7545349526652
119.98618044326328,94.65869879948899,210.12132171424307,49.7575482415655
298.3967770843282,139.17817343731872,514.8459437868064,175.4727858355191
488.95824298991107,199.0387508510877,239.24432997869766,217.22836886988227
139.32086675205397,189.65606439466674,354.8676936703603,59.071526695700435
398.841957146791,178.13397022837768,395.3290471602123,203.40846534035097
390.41837153987797,51.11741056348082,774.5463536002189,246.6628064845069
240.95108970890414,194.30591261570953,312.2347056835089,107.7758725275449
150.60485528727372,100.61459058712748,710.2761939950124,118.9050897968383
478.0830263723732,128.73304943797632,632.1513257093985,260.1638259916641
170.25392163718843,51.40113025229429,534.5504739685285,136.26307875661035
118.5457464544688,165.6528904671309,408.764356505714,69.56993332411687
238.27480514747475,144.1203044661452,602.8717286834801,146.31883008508157
162.64617554730293,139.45068157956456,355.905893963916,73.83320114274935
337.89759313046983,73.38034314038865,300.10067365960606,182.1053338000739
406.2114793954675,141.9849004761394,633.8364149633298,243.33004715914083
423.0066499089965,112.59227224764405,317.64504388163846,224.24135604123956
172.82940100297105,191.37089333452775,638.5492743697102,104.68257544069249
157.99239133331176,183.8070274600115,463.47993060787434,79.37244482304186
472.0642195482127,181.41899693773135,625.5124556590254,247.24710771635748
476.6537986816934,52.62882065326293,634.0927961413463,292.5377620382639
457.5897981960955,150.32187529448538,725.2031037014234,270.74081225408577
276.2767436959415,115.90658023198374,529.9590246519208,166.7784416259702
190.18667354693298,83.49173323860452,330.2079620882273,124.44500350287532
476.8390369523634,84.36186673936311,513.2176886376318,294.6876284660329
151.1424714434269,82.6708987687879,252.10428562377245,86.91472334038701
299.69088238293125,108.85744844354716,407.3486292254332,152.05472703822326
422.3375931476439,197.6079844483963,339.1368595313047,209.01320193852285
132.09644968243595,129.5155786773028,283.4116242137944,68.17440352186277
469.72421325812115,74.9067574647473,304.56352321283623,269.6351760234711
262.1625520441663,131.77475125384547,787.1090308695229,179.81145877704216
274.89135931551994,161.2541053244667,782.1089158146863,178.95716673562407
267.83616167425714,93.94309735564445,644.2505727553458,193.75514189145514
407.5890396383708,57.58865488099856,697.2510023420648,269.3231761403684
359.9705874505674,106.94221450541883,457.67440523175156,206.4809130122358
407.2382432212806,166.49252594336636,655.5951166414725,245.3192523674635
153.5131898517958,82.56454314863001,796.8307459206577,113.15255777890084
341.97303043176373,51.81374549774837,439.9480703373552,212.94551718966844
156.11740838193148,137.6960232377818,367.22369533957226,98.35704423626126
299.9501503458587,55.33241167826712,695.9445292073874,210.14842819627282
128.89248159490037,164.56077719159003,408.2153388792269,81.00715387524302
276.76681964024954,185.79711824475274,332.3290801297354,134.6395338979672
433.91663437205915,77.4022289876691,351.08062542109786,237.2978019163501
370.81272814755533,166.3311710271355,749.5517099948262,226.52445143239578
236.290984090034,98.50977234186932,423.3783764946143,126.10885456653854
231.4113257060546,155.95432008276805,677.1312050274164,156.8162844940727
326.51547216467975,78.76677641107534,473.81174073388416,165.12081424261214
409.575727788643,125.16292692786982,519.3909677743939,222.01415815391252
101.11697681859636,155.24045966563557,324.96937820392964,57.5471794082002
398.8664302009055,98.03937279110099,636.3448971162109,255.85442794149725
374.832756731518,180.93733977201916,303.078297640697,187.83989913684402
354.2643544217011,66.1366940435836,531.272948300687,233.28817966727908
182.29900056959858,57.9328797670903,602.2873048563886,133.0821007522619
240.78114429575658,192.78967828941347,702.1738871688888,152.11492691849878
133.9892729316188,69.76232206323927,776.4452144765563,136.6019671002701
244.16448579814275,89.37990813959863,455.35981456807684,152.2004934285506
488.6269483069893,181.9046749982729,236.5747322200134,225.186194282025
383.74281492030093,97.71064722891069,431.51341121119725,218.202246823427
262.11073931376876,57.72900761985639,386.4313047910487,141.92768054093446
301.9138049737352,126.33055931277825,784.2059530874234,218.28155650654088
392.2323974147864,170.7544415698119,285.90307375440136,187.63581741136906
160.05676972975004,78.33179318408017,666.473854104347,104.05024134814539
392.1974801684344,170.32680477856417,411.311446284055,179.97525982387336
405.9309522506511,173.61522242367164,361.6023936119214,210.81839631839847
486.2110324108297,87.24791222789403,489.2860920337985,295.6001559833965
491.54653321088176,91.94445277091907,649.4646663906847,315.5971695050833
251.54748696834196,67.72377838260037,508.6435029078488,168.92364443089272
217.9876630955534,187.9019998783326,235.68455740891798,97.71191255203219
483.14447640665446,120.4487669625185,276.72522985108185,247.94873895790906
171.63665760842184,137.99481327667456,307.83176849789834,94.28854539161149
375.59448761569155,73.73778585730871,632.0911008264255,238.2945170569021
339.35236835410205,110.1816066074863,717.304515833733,221.14655877479592
487.36230695850696,114.96349984638663,781.1591545577448,284.953665564109
211.70144195423006,160.7197121559273,661.7336901544558,146.10993408243357
296.94896525961246,188.0328519730716,717.1351847454542,200.9435449343298
150.20361496312975,165.99671134581675,533.3265710256812,93.19300608327683
318.1840264487636,141.89005955037644,738.538071852292,197.0512543549713
374.6339829920997,111.88513020286267,643.6436755827872,234.9617682273206
478.6117323722791,155.13395055549034,443.34205839106244,254.06298413095533
304.4423348364926,54.363711329165156,510.73373531436675,195.7012047840411
402.05693944980175,105.82516716519092,243.09519369776785,219.933422582691
296.74515380378233,127.2466038907246,220.31328436839968,120.47204321547797
277.6869965093346,102.74927298026245,562.4136810393103,160.87219300421674
150.60273544516596,63.82736420385744,684.7247909860405,145.23905048175024
477.6010570173175,137.8455466032377,477.50024310564964,247.66713254333516
356.5590937910884,167.1326627822365,317.171276362296,171.25428337702357
397.82103936629954,171.07457721097413,462.6122192649703,202.94480437450073
484.7734607162897,86.89218804578964,364.9828284407044,258.1451811940216
221.1009193567487,80.58328198444084,794.7458070589387,177.4185948633852
124.24332484304061,152.43250317949173,658.4020299074086,80.60349968316584
241.96272692473372,174.47966516225375,461.6906224340164,132.3633543085226
478.9995977109801,143.8524221005456,384.77462075225725,249.71140844839167
158.2804014536437,72.77028496055077,242.4846998651346,91.29716991821097
195.8055352411083,132.6707079750888,315.2212969533786,100.12006497072453
309.4313306192753,93.45808276254883,686.892745706628,187.17024931753542
429.96678226768086,59.26687453226616,539.2059563241971,281.12419683899464
413.61330539499284,130.60868897651466,207.526759121614,221.95598772741795
151.57440275034202,191.62001043240835,789.474271993449,129.42919160942265
397.43471382109374,86.3770455216034,500.32814320815726,208.64308063010452
338.8970209112007,141.41832158834748,589.075948709024,208.98142615030156
444.65220477510894,64.82047941282158,724.9900508931701,289.33240170424403
361.35602842525884,133.7624622496756,225.83558735969095,163.39999559511554
435.2327767131055,72.00683787636392,623.7564050162374,249.63680919631992
141.50671853577194,109.68812885714047,765.3081662527283,131.3563633840645
127.34270969884926,122.93509473612882,601.0575974420096,106.92579201622495
154.7581958523002,170.25206317497623,465.80910620082415,104.83480393407385
116.85780699559226,56.529863018056794,234.19882603693728,84.4399506966062
468.07761202746826,56.991819035475395,730.0923809757996,298.54388932077825
422.0233805341541,141.55151611722042,638.3781599660274,254.65923152819136
461.63546392362235,64.09098356646632,494.3076799063467,273.4941328292443
376.9029641137092,105.63487876331195,501.6625509334515,213.5834261859002
413.9570051908593,110.05500275771546,360.4246466004698,224.2891743012787
310.8003541738369,112.62608121685804,410.258368495265,160.544813739616
103.81618011577172,146.71401398353402,633.2183628603175,81.56620962043021
142.9808053245703,187.72657599200983,797.6218507791192,119.443889948991
476.3873844855831,110.88496903991344,643.3253790658064,276.40719126569223
108.29419354819731,137.57985636256154,276.79265749912327,73.83754085515929
415.6902123185782,100.67285311426019,619.7707143243083,238.621948075505
129.42529262272342,84.51689805038023,481.80835076080086,100.845281377753
433.0304888673976,70.0282409404268,202.1363234084662,217.37918176591614
133.37751325580348,54.66682785396654,453.26611279822487,95.68964632045912
325.6676781373537,54.75511737013099,572.7820518824103,216.211751043256
274.52940667408154,194.93702558803776,556.8708812325699,134.82431468097036
206.76807190942498,58.61590029448478,484.0493966385248,134.16904272688515
344.70533226187143,78.55963354262065,627.3054973038634,213.38478787015202
150.8138735836086,188.1543091063993,297.0601991969851,52.83970771717719
321.40953450189966,100.07907537016625,372.0138735648792,186.37830157104946
313.7567001243379,144.70881401967887,770.2130549929683,192.66551212917162
487.02808380601994,112.10422584525594,262.7213877682909,241.83066979099274
336.40020573375796,167.30525381368386,571.696093520547,188.37864693219478
347.273480099691,131.33366855660546,587.2324593246475,215.45409993833707
475.5701916955848,116.69611495768586,542.5847303552825,275.3991189835358
326.69294118730636,185.55022367215227,261.13743813153263,160.88719453061717
491.7061497682705,166.32704286642718,559.56912159323,270.8565683717161
420.27388104813036,162.88723856419696,677.2516239121746,248.69422368256653
451.08393137319854,145.64748288546002,624.7980939133166,264.1532716659821
497.15191890852986,174.39321816740272,695.3271084581413,287.3362790585787
362.1942931252586,102.96733826569476,620.9787618268821,237.09530594222585
186.14887580938716,169.32558619438652,229.6430014294539,97.36427983946406
198.6365509221864,145.19576635298282,312.53786489817,95.01346495214712
358.06575489885597,73.82398303386555,473.99842353208163,227.76186401926475
152.68990336939623,198.64321954012738,525.5356848947467,88.61754131020076
320.31116374794385,114.33793515058895,599.3358614245323,200.55834019345883
460.35522153183155,57.44885711697643,315.4012829380116,255.1816762990531
120.01029285945211,185.26540585028633,791.1790102111755,93.17382130681214
474.7037838343179,114.25381470461251,631.8904873050815,298.9967564985375
170.79933112182067,80.76933629610929,262.7878212646149,82.35456824939814
173.36031770074214,169.1409138760244,561.1391033925319,112.46445541162504
398.9736424551853,68.94922297630204,583.3448878865047,240.10417566196094
473.3716327048162,198.21053266059877,407.17875925531814,243.348881365417
392.42926537532395,52.49369762904854,779.984286219567,274.97656092378173
261.6842941169372,180.9317233372959,213.8918702400427,108.63158434387589
465.967861223401,148.15571716813136,505.7718305723463,240.1594157670534
361.8566234137168,199.5622217629349,787.999432344158,232.97677423342316
462.01703882350216,147.30383050531884,340.11376762550793,227.4268289327622
349.19290329738595,83.28887027456038,527.4170693460264,210.84817171407195
238.84667990620477,163.76850893312928,427.83214326372376,135.47794422589027
195.75673016687594,116.2560191338121,331.108764389969,110.77557247262583
165.2743583292069,171.85575686160422,256.5111725251251,88.19636337691605
444.9815684455508,164.9502835753495,622.5646392511761,261.0776028407868
227.3491168570318,55.64243845757504,762.1553871977972,177.79391227089673
371.89041259243993,185.70007006445314,458.3407667494708,220.6849820938811
380.5333005282229,166.64773012190312,305.773197168734,188.57190764092323
422.3854381017533,119.64300564063247,646.2634404582877,239.7333537517488
140.06061834719162,71.70972005073307,618.4669108105763,128.14620315842788
109.7219289253399,172.40559964276207,639.0349895203894,86.49100573746972
224.988576495955,113.33831553512914,623.8119155721142,150.20675628639117
394.6609450131101,128.55021646201914,736.078256832493,234.5993820633011
194.24679353373665,186.68579376344852,611.213712788343,125.32770972483439
104.44059224724542,82.36668021471051,791.1584073130344,132.0328525851696
304.17807620626314,115.47268355635823,748.0305464549333,217.20046565910246
254.57005341055722,82.37564272139943,616.5487179136489,160.52455681371964
437.10938989170705,89.83593076196385,503.58661645923684,262.75305589948783
416.2520192104301,88.21185275024169,290.84568333171705,241.41120031282492
452.869091912014,199.76066176762097,748.4399620027199,272.2101649246556
268.1251380932837,160.6139437008763,428.7081509771374,150.71310292816833
311.3140281935726,198.84818694583439,626.2973058693885,176.9827038577986
468.9328037935427,176.88963714178612,523.7206561297016,258.42624724735623
316.9988502019505,95.15428357411186,691.1596828822657,215.82186234091452
361.7046299781532,73.12482573849123,445.9480366755628,219.86446297998842
450.37313109885736,92.14083421575617,591.6018866447095,252.03380507671642
394.56670182438364,185.65915390214997,654.3398870368635,218.23694573373436
279.9986723564514,150.32957994074482,642.7759692072782,156.67456759146643
400.86842693262014,94.95820203981074,412.21263524223997,224.6898189069162
315.438322090663,134.79566192395924,463.526473389506,170.57122235386282
473.23106541739605,89.78335145197713,357.297776079119,246.00902187384855
401.4815167952068,88.29795318632975,372.23526523592864,213.1912120079196
125.88257917530825,169.0104044201609,228.1140141053512,65.80403973053878
444.83626693293746,97.16906927465797,646.2473908913962,265.46056085469354
437.96206134435675,124.30450072378105,767.8842259261286,260.5370742145196
323.32375264992055,146.48063137602048,349.6635328449587,158.5036741317694
234.39749746231718,108.05344875588051,452.5945513657001,153.5277302807267
338.5602526645981,125.74931955451295,478.561154913775,194.89025105722453
440.34333691803823,144.06697023118164,380.85779891414694,225.68193642351105
359.9754583609896,120.39773335852168,796.1330440825981,248.76107718573942
230.61053029264107,165.00827891626966,519.7150901699949,130.37359367483612
162.0160706679849,140.56069975430137,444.8227128852538,109.71977074725878
156.38670812314854,164.05854108418612,263.28583470066144,64.69422240336655
131.80874918685004,142.66862767211245,692.574842214677,96.71225655925124
405.84931267439464,71.9652563227323,375.3506254092546,223.87733204507194
100.59209008056071,143.82780417384856,495.2853362037871,68.75084920089137
425.80067089356066,116.2786027566188,728.3510152742872,259.2444023968498
241.30522888236848,91.24896298554435,798.1282101893628,186.25129387019192
218.88046991708552,53.95821874156118,782.598330958468,170.23188069003055
337.5200640214993,121.85389389048652,381.74049421551274,175.1025416686236
455.46856223581386,137.74391123941206,208.7544675683138,221.84986895017332
466.87301365095277,53.93302445240972,356.10526561343727,256.29517704743205
338.23784704317427,161.5956891310159,768.5064037541914,211.77827091546308
487.5185187689983,126.52918516066441,304.8015491861283,253.78178842821472
236.10340067087031,146.2701860230771,789.1351952088983,159.83391617554557
203.08278788902476,94.65206976506775,774.7061940001926,169.6242014401307
389.0973745171427,111.64788180187655,531.052986417527,219.40589788335072
121.78203706938318,96.72279768149141,560.2315310963378,96.8381792072428
157.10180072931487,182.56103330258276,615.201819675575,107.29921624793481
297.88649660048213,128.06685663083724,451.54989042092336,162.17188290644162
334.0938413633879,57.20094752743093,368.4420059781573,196.02563887070897
390.51172199731496,57.40786813414975,298.2817488428458,198.93268268925246
394.10428537702325,165.67039738735707,767.8047635366024,246.65476823883924
452.16343857568575,121.6347289540555,519.8110834315542,263.5333964570847
265.18460775143194,59.32322870925328,471.8830353195734,161.50456361914067
238.7252286120319,59.11864538352994,438.2499730592416,147.25404421084687
286.70374088405765,175.31494852562076,307.42753986748534,127.51174801264533
349.7083709098887,145.84664118588051,348.22391416308744,169.58714156819005
470.71948355382773,106.14320650843797,573.9570785364785,269.71732152105136
326.71202662973303,56.37244603957575,695.2375493148224,213.15933533994362
298.5903245264715,80.03548521215635,302.2013253866453,177.0791559991215
163.87615334923055,108.00682492010407,637.7700280739936,99.54196544791031
258.35597552756883,170.8814374020043,330.9164976677879,125.85279684066165
296.03677757737967,129.99712042721038,505.22359785361056,162.943724647729
404.298625950451,109.61180725574391,550.6378346041753,240.07220430619643
278.51953566561406,72.20370977108374,699.2986865947163,214.70415795239106
254.27762778195162,51.95646980436474,298.85822817141786,153.47879040008544
125.00371049589134,58.53911832963466,483.10104210755327,94.73894380205618
340.2599892503405,135.1520537572134,458.15611263147997,184.380086530077
445.614315950224,85.32375051564077,527.6990787966162,271.09971283427416
135.94942935368888,68.52638856033715,544.2012957877537,109.51861888302543
194.37551713415564,150.48882997646197,623.0792997423326,135.23339320000136
361.7452718042268,79.75846373099637,477.580118457535,197.65369958154116
276.2955591471887,163.54156255119693,718.5677833869387,173.8254233348333
480.6534154256505,121.63450262881511,385.1555980390027,263.39437993924986
444.0710227798259,124.67926455473287,361.17285089117524,224.36790337064215
245.66783709930232,146.72165732384906,712.4905330128908,174.6326185024501
274.79018931760766,193.27346375644524,481.9838419125373,154.3491568684809
308.2531912744994,187.91406305957562,375.25948626273276,136.43956804992396
385.53826712059777,100.09908858382711,325.5406888325382,206.87268278581337
305.1603741713517,199.79820431001738,287.6843563934941,136.138328544424
206.1029986636867,192.5208652990943,287.41745618546673,105.18380025521287
201.87374382219036,91.86097231841265,245.1167704770453,109.58451528311227
376.7796123507739,101.35141996927074,258.34022828419717,206.29315768955917
354.39221972538667,128.63209883745202,670.7288385714065,222.2402623197258
365.15572286534774,97.86538389418564,251.75515205918018,171.0567118069746
403.22877155130976,155.25819149063835,534.386704151409,223.8874505484771
378.13558893760916,144.64291597753493,200.79367575459003,184.82608051987856
400.71046880889,60.98300721010014,588.5426559132925,251.3836758558561
437.84802026320773,169.0294994684984,457.78843282671744,233.89203008098872
316.74106001095527,89.84590355189889,771.2358359906646,212.64893273643457
495.78020101504904,84.6760251333951,457.7705215396258,269.3660925363216
485.0021751037109,112.5956149606591,211.12348677656857,223.24779237607544
311.8745101871756,154.07318840853551,566.4496558503184,186.35336614150538
458.84067344639845,166.0364238372701,633.4736937401065,257.425592429854
166.01056047226885,95.78176417329627,268.73346635741746,92.93529829193534
306.4405146555473,110.6812334759067,293.7967799060078,157.12303425882726
146.63279385349864,183.71522333301064,492.1246654164115,98.28495981558001
454.13318578243326,72.441429470431,623.7042874442027,282.8082679895878
214.37630304546315,190.38265415389012,315.54060596410113,99.95477014151525
284.5059951852296,198.77813603332433,551.4978325631402,148.59609849197753
183.4779092292635,61.18597392219559,578.661515679911,152.65404923109222
386.33343543338657,146.38006203900872,593.6533063931981,222.01838460287237
383.51762049060034,175.747048089867,689.4561238261522,241.01382351117178
466.41728143996784,109.30954319596276,671.6118635025944,290.92565983486315
407.67960678871174,100.03206506293743,263.286654767922,219.85147980598046
327.0522352239019,74.7070043368416,619.1553159193259,212.0550026003037
384.71053093737936,75.43788447497786,518.5058687296291,213.9033225265928
153.9370436895828,198.2756926974597,288.1828145052742,74.59096701297042
366.8231403094722,162.3412384847391,723.942426636097,220.3191689266629
267.12691295938237,119.04280425285808,274.40251596941516,128.8863640818119
434.2525645510879,75.78134195254222,688.7961542633911,268.3431283020844
458.55408697631987,103.42005970104361,461.26487287198324,259.99355132188265
223.29922282584522,55.77782224020588,357.7118946493644,141.5644201636101
310.400224436511,79.59169770949755,591.5414625108899,202.58997176878054
390.31670928067797,128.81459689779751,702.4934165587957,256.03044310253335
171.36577564213013,110.22582551652897,251.65340418236556,84.69723288781456
119.77996649028739,100.41142570488901,550.9786135581314,104.08542225250343
280.72345166511616,51.95452873214691,592.5932158923815,191.09644984576707
433.36764890689125,120.31655821751143,791.143087091875,262.1737852385373
398.2645584715492,175.11890246813965,765.0359696720042,249.334369886761
474.29102698942967,95.2332504125697,347.6298805621851,249.07629958196364
353.1643624128235,197.62852576113585,464.77572274514483,197.95601724264003
418.0501349785011,148.7716098174527,562.9864781257525,230.602538573199
410.9137571998228,163.3116937955188,781.6111468619503,256.81863751006006
421.8487554213769,198.2646708288362,712.10134644123,246.13304722482226
474.03626489888427,195.26146121619655,294.1979436781861,225.81928924792257
168.51052720798828,123.19259621816373,778.2868918390246,151.64788923081935
167.85738540652142,146.69455580173698,697.369231569889,131.12833515396414
166.1722772670126,178.9558681871511,520.2872944803727,114.71781877979548
225.48475777460334,185.16969361592095,757.5195246986636,153.6615747901758
480.56993979448697,141.00846476370322,507.9508112001645,261.1483442556128
215.6051382246006,148.66751687733841,608.6242635437793,115.69864408994317
103.91425177657085,70.55303395193329,295.6620282507648,66.06252523219142
479.64234148217434,95.52834130061426,270.5404000415425,250.02414784986962
402.20099705710186,89.08038180425649,583.9829029305799,237.84194543796391
129.03215032415386,81.36672614345048,280.70557625121535,76.05436875507037
322.78707065715116,159.01406014120442,293.5599543566224,150.96201169121704
110.35905717496428,166.95263107493824,478.93311096961617,66.74682181528027
107.82085872638984,104.27257849544446,533.9865521924373,91.0851824743507
343.03773500027387,178.75472431095463,680.4327588713146,214.04765366703958
123.38487187040172,67.36866419334406,516.1286195584067,92.36553700505057
394.1396091287579,54.307400554065254,618.0354988672925,248.56187911185359
357.5309944636267,181.10496795141825,224.90917539396628,148.84646730314194
137.53701237313896,181.49046078275978,293.1544396459475,63.397761011651795
119.73784317588189,54.04841432773313,549.499698764897,93.10578174565828
175.00104114273407,115.3558178009769,706.1026607161305,135.04267284449597
350.3500109156369,62.6537626971197,320.3598640349723,200.19364649677223
483.3855973498606,161.89025191047492,282.93854297807957,213.46143371095874
430.81421096121494,177.23897420615498,297.2478399910917,206.141289555724
410.23048057143336,139.05602788328022,693.6768141454768,255.79829078255761
340.1176233317171,72.74504495460741,238.82517478429764,179.68328022703346
303.96905998522664,190.12057134068633,361.6923490896877,142.85681780408564
343.8599896533128,130.47149077682224,753.9795071199497,232.1711393775806
319.8089048226102,103.18263738876315,734.6379284124988,213.05010417872415
489.96264084852555,194.51080353931795,681.6640967709993,276.95967144388334
116.61575549383399,119.18262004803103,355.1692143313297,64.24186557139363
172.7984428268293,149.51275868645905,582.7328153358453,104.81975880910119
171.8764374299124,184.99332245331433,303.5407012081049,86.58290335972346
378.98689408793285,70.66096636996508,610.4725678634135,235.22545331490798
258.8648620265503,147.07056711365482,573.9502162735364,152.0844218030994
463.33657947709526,62.357280438122444,541.567420232981,285.8269176219809
384.4330374934762,139.8092195063976,544.3524236847504,218.81352108277648
309.6343310710042,156.21458303455563,643.633843763565,188.3073722548912
187.20789923386093,68.48602743986271,334.83505555518855,114.95798642261408
418.0232196877104,165.35743272304305,715.2345260807821,244.320371869057
269.0548466960813,60.73642741809161,543.7635586502186,163.65365826106657
368.8015893154549,171.37394228186548,621.7327651628985,208.5433794390371
213.03265040459667,71.41434119610224,539.5869874143914,150.33076302845154
427.6767409659075,111.99553566810621,277.36908418148516,218.4482527943638
361.8738641170481,167.77355850380258,340.67716351459137,168.92186376645105
292.093486719846,56.00491740008876,253.58523764000535,170.569344491107
228.60897713957164,141.14455860706394,676.0511608664784,149.88830712925622
107.21162494780518,51.098452180581624,514.5217129579607,110.99881980008611
158.71860874743197,67.88441251914506,348.0756888829362,97.45434365813317
192.16797748480377,188.44552177865867,300.8582325294401,95.50714196453937
494.0163093777054,177.2956507155692,226.2430197783728,236.27320813080863
289.6655417147674,154.23345960484062,560.6226969823174,170.81370058823052
244.4671891621186,170.80713852460565,540.0383592348185,142.74000889379832
177.11604552297894,159.3992846591413,373.10692635817543,104.7448719768767
470.75386652218054,72.27317789669243,424.3937592120059,269.5938990909521
275.89561879085727,144.6514189385238,359.1253228589378,150.57569437734364
419.97498605947675,102.43923604776842,759.8603185188169,261.46403609050844
433.4150856591076,162.97847940414076,368.86641012298367,222.0923813376389
452.0624886942938,120.31509124768432,640.8961758774017,264.1172599766678
187.67955903788356,90.58379065923515,735.0946249535016,153.54247008092165
315.16142144438476,54.62098806009716,542.7902592056048,188.8263332422043
182.23577178671218,113.85526486646128,783.9841969517723,129.79091845898034
399.7938016895027,130.61802527720843,787.2572495914981,259.046759608027
172.72973724389615,75.26709518031709,374.7157295982378,97.51808866454547
342.1854752674708,74.12046242865053,713.8615319758438,213.60042759988113
430.6926261229479,120.38318042229685,446.10401364870256,229.83783620478835
345.5857656337279,127.73813833473078,775.0422120913001,230.36332080333096
100.26355938512017,84.24500437491503,465.9730422028108,68.18720278231717
450.2461286723643,158.29770751198953,627.7646549577596,270.8306218376598
446.36134352784273,59.38818989398362,484.399645538315,257.67882574789326
108.6221208188769,137.81300499282793,753.7971094805143,96.67465435589475
454.4458519579942,102.962339257342,621.2698212098928,264.85429797851475
307.7607647906747,130.30377096462118,747.3926439079844,206.3190066387647
280.76499815321404,129.28638059340304,298.90940185459704,141.66418118189387
186.40737304917815,169.89101818336266,558.8693859334852,116.96799042545327
485.45657058201914,69.23036547713362,625.499004589175,302.08903029416297
201.58821769282275,173.10061390290173,285.87079208286656,108.73354463498129
236.61046226237139,127.7687938077411,659.0015455247437,157.3056338007323
246.41148287766205,187.99874563681377,703.0537958667924,152.18732617386976
386.9730347812859,92.3331072131812,416.4522176331103,222.6481435780057
399.0085191318166,107.69476072900508,439.5895471204128,226.4823415466717
385.494455876437,183.31340069697174,235.32705312783136,187.5293825864001
148.33081282563327,64.29497230476363,550.0588288997599,109.7810734558316
152.66275575550344,171.45610542291183,234.60671524325585,71.6323748359594
360.4489329869593,118.02935714475036,535.7735562060175,201.43902468233517
496.3298502938797,136.6093520362721,350.7147356885529,257.81483439700685
303.29020208111444,157.21800649781682,321.453296926457,164.21103468847159
430.908552931879,197.4603918203739,645.600107441107,231.22321084270732
156.4618604255207,173.6118463301106,680.0987447140026,123.08957546247005
417.7397298986899,137.16481786828314,517.8845233217536,228.48511358417207
264.49597185687685,140.68077786338907,281.53545081369145,150.25974148682513
302.73717114736394,149.5290797893548,369.8990761026075,148.29756756486032
322.88421141925136,121.37111462857322,259.64596710648635,157.72031966718438
470.89480632903167,109.4219026826207,675.1242195084703,282.45049956938743
455.19489782293994,104.18136637483548,620.3445165470475,255.71432334864798
253.54616449068425,112.71069893574264,723.0749969024873,177.08878713232963
196.00714901028914,65.9257302296626,498.5432501720323,132.6852749771808
369.81913403289377,53.48812467914171,570.056442644239,220.57123479506936
429.9808828808945,53.30602190661122,334.55756961507853,234.3407812216746
192.04312226316236,147.67314398514938,232.88491620057587,81.08009930131311
245.7473636675332,53.20169200161168,625.3904109843297,175.12396919721715
112.9113049250606,166.7045866771114,316.20232625755784,61.784522119972685
106.5169084259384,91.05658656098092,218.64988616532207,51.501349155523584
267.7112382868879,159.3515095482324,651.5354093836411,175.00852062832863
313.95246395201525,101.13644953778689,247.1722090818186,168.93836629673686
392.40919961642146,62.299199511659765,613.0367172036422,247.6972999194367
252.82512135074094,190.8725159656341,429.98542218970624,149.46861644731365
382.6495478193789,136.9062080800101,428.3377477553733,200.4912901771476
461.85234787408115,110.70552305969127,597.1858003996879,265.7750116764839
254.4269480923097,151.5430014586231,657.3784409640061,161.87289473762092
228.42227102683822,127.12704681392513,764.0390597146718,158.6695995560547
209.76350263549594,75.63236938065654,317.80728671229747,136.275315043701
394.54491521905754,104.35092168493627,398.67677023143983,227.63693158366485
294.1159925420095,105.09145355953062,316.13428220328996,157.11178967035642
260.28163896162573,134.24724884068664,532.2072877955584,150.08531340372596
473.687756096731,121.87827620024504,366.2173208213693,245.73357031271777
428.40219673330995,169.36033974989542,746.6755623773657,244.6326740652727
166.98800641365955,54.767474991638444,392.15137057325745,118.30032330570619
360.741118484212,124.51418719844092,244.44642212561394,176.37079219712362
304.53255946524246,187.02478973548165,302.0409622007734,163.1975608274439
490.3587458681389,177.55368007979297,428.7427521564283,258.36054878423244
327.9595634417726,71.26684652816198,398.0869648677935,195.85098825533115
209.9766241454799,114.39392588588636,485.47331648221365,125.1506189537474
193.80335932118305,56.82620876720736,546.6984298630666,129.00320014750736
413.91054544963686,78.9692903138202,648.0937995950346,268.02729341881735
288.19269639431826,59.07324625603553,427.4582349998194,161.39063194100896
226.41936188543488,74.08306188907656,689.0330408381792,169.20779881324694
495.5067897391645,177.50953235481956,751.664838887832,290.2578214486707
484.01524812741707,96.98322424169739,267.8611899189312,248.51055698639158
338.51106187527307,163.2344884687406,291.58850736132285,158.1372182404931
422.75369446388504,68.97175202192864,210.20536471524065,211.0832171868104
178.99525376337454,59.428829008806616,455.66957489909544,122.33491364028541
444.28009065081307,109.31165772205028,395.02336676159837,255.78436254698525
154.37958460914243,62.21099338118002,630.2345071572427,112.15350436779471
116.87937195311355,78.29221405673843,793.7266118519457,110.98567233323224
416.2169317852629,184.36595217714614,495.98751260233945,217.2483272629941
393.94289260698116,91.39107732553893,765.8729379539928,248.00866400876046
144.21145001637976,58.591780283476375,610.3921902146208,120.9474318339804
212.1362825091019,149.93869272698953,564.0156281122321,137.96787441417825
241.98212130219719,103.33042825621253,780.0860855189492,189.51106026655293
276.3981285890167,83.91324250918919,772.8223859646134,202.17024858077764
195.03454700262344,129.56326034073584,700.5155338084498,138.7603450802354
259.6813772937312,66.92479444125799,230.83532222849286,138.177598123619
167.1060724858791,73.4237412833769,377.5162727364222,114.33168805286797
381.29846751199403,97.04254535299978,385.50465523271055,216.5765529195804
467.1779412032869,181.08059065478196,355.18998553512233,236.81506198133334
369.8817402451689,127.25491561384128,542.6526911862989,210.51910352409254
458.4673430602768,163.4797442937455,273.6608180633955,224.3614147055669
162.38994044057029,100.80633116886905,442.5285350119218,90.90165455355353
213.7457433970519,102.80581170324535,390.14640071311646,125.55813786618917
460.7484285571919,176.67486464042804,696.6872821157835,255.70348553761843
367.278552006922,109.28968504349659,202.1793880278678,203.6106040717603
194.38112245164808,140.25490197803953,693.0701368200071,139.41435619256356
382.0494355779046,66.38145676869648,474.38530673195226,230.0385286931075
451.4598824416779,141.41648755403165,295.49154566798956,231.2854350439123
429.70906605737076,141.15354582953762,704.0087542425294,248.78058221477445
212.82060180057516,56.44808349732669,647.6120468867648,162.7490929591421
419.7300098030033,108.81874613968165,241.19267369105094,222.0858530533095
194.00441616161666,126.56150264430089,642.4928873620679,123.61794846022487
390.83115036126077,119.2227290459903,405.32655689913776,205.22995889633515
202.67558280137138,130.57032877209315,733.4199210157157,147.29814789369615
313.66594175484005,66.96373190211241,569.8216868262658,183.7850605950544
251.45582753494554,196.38975106455123,370.2200015421558,126.71515925254678
228.38516356101613,156.4963453052864,358.528537427744,105.13100012433542
384.46121958810676,127.7946221062395,568.6508923473116,222.68431049948575
359.8320951221508,80.75397806080193,778.841971381155,249.7013735164882
423.96627313598947,129.2210505132742,627.9919919548468,253.67960572027627
189.63308076483236,139.2248263548296,261.22574883692454,84.0990622550665
449.8122395875568,81.0515124822924,554.1341756437107,242.13451144137477
452.3556822104577,156.85217389651106,683.0516097924634,268.1084595702854
494.24319166826234,175.0161217050525,353.33765030699175,247.15949082994632
227.46510339409542,70.3348270289585,484.0016779898146,154.64139332403371
412.54223121575507,79.77072450349927,498.1646848752624,233.20288270567426
317.8489246876776,77.25069679920136,225.08962527048075,189.18295948438833
258.59362785021966,59.01878931109508,270.0570968159774,124.8043163311291
152.56257504261498,66.47515127070605,791.61580013375,137.86400628159126
150.5694377378386,166.51525311521718,393.32320247011296,72.77138146338625
455.51383751409446,195.9337069773609,313.0945755651759,216.1421414872856
174.18668795696237,120.3335890978945,472.1878349130554,105.17752925492853
242.8775047330961,58.649658582266376,543.7936505064084,160.5160143224282
228.51241863782238,135.94548536103687,368.91718781705174,135.18738143326252
455.7975680332341,58.00277440758666,771.0764233484538,304.1583155213317
415.11467023164903,57.94803513926404,495.3285286381252,255.15081489433248
291.5589792010571,95.63968696468001,740.8680008750779,200.67681061362973
102.50179957363402,52.185157682718106,710.0160655246389,111.79225832033066
116.25416518654305,63.279078420754885,218.05154447109328,70.06938222838095
490.39303934945895,120.76886569267374,238.94015429460055,239.40686631616816
151.35291353974392,96.70273018751652,345.95692277320967,74.59858680491283
361.8831235595925,153.54863203537667,355.96726862346543,177.15831731110356
416.23052132225604,100.35250941671406,565.8505828312955,239.62113411587515
480.16609898110903,125.50723913180082,241.112979105959,240.35258227222604
424.6905401056116,183.2889078892898,598.9026909016652,237.18502293020038
462.25601038121494,71.33783291655685,339.8228511138328,258.0810032778923
446.62808701843363,181.1671548370777,266.56998101171894,218.91515619828385
248.5545027256851,153.35737403557778,623.6552528953808,161.19095734687417
273.1589671301565,93.86146177706458,608.9201818279862,165.56714627782975
312.13107992389655,92.07885751957429,314.10329728890656,172.4258706493046
186.20672239349182,117.56240652349484,713.914880588087,129.19475863940795
122.94699511141062,182.0064102755397,360.2080802584941,59.492171245587784
498.4383650804727,152.67577740370604,257.20199138250604,235.93937782584618
137.10164820128745,64.45643202158315,677.9123333508757,126.10136115476104
153.87428959880526,50.279549603326615,679.0318604819463,174.8432688280555
400.24343803495776,140.82423837473516,510.05757898268973,238.18952167450968
402.25206569057934,82.48827779186863,303.55211897038515,235.69496762620133
481.44733740050685,90.18770894756982,537.2135113101505,285.7929398021122
271.37972287134966,70.63285427967713,364.53998041271575,160.37057021579466
365.0187245547125,76.97427353193677,332.59079220617684,198.9130839014843
104.67342679252157,116.53553952873293,418.9251755978818,73.56835984927784
316.0269295531281,82.69354795283158,641.2008869367429,199.18218637268714
121.71661566977545,191.0141670070952,274.05644262235194,51.57018616307394
215.05573154057623,191.2400972815846,402.9058366183962,122.11362457952521
178.1959669112003,77.502128491164,596.4287040578275,137.34455724662962
371.56024592788646,110.75660994659941,360.7091007729634,206.09855876617502
309.5906710348919,195.85088594413062,562.8227790798297,181.30342498479877
206.98031875983077,171.69405937382177,447.36930426532456,112.26866541362884
159.28513282782592,126.6005319832104,343.41645874875417,103.69589531770015
276.0457958327048,164.12339353427453,338.6572552835595,145.36320139466778
170.66027403347846,123.58449692198623,498.1441358814769,119.85836102098042
116.87500339819027,113.9619234655094,749.0013380610202,113.58639761711643
346.4884825437115,135.1854814463613,652.6490580664902,208.0979388182419
168.09488876628112,151.04526074219535,293.3038455001931,94.3580437556069
371.51819279162765,91.00055639616696,274.218076438821,201.1357490269895
103.14116910654931,76.68361971914861,776.3384476309523,119.8960784594199
429.9771175157461,75.27369794857059,754.2757578365104,265.23159768145365
172.95839892606293,182.79072805594632,272.09555411693407,86.85886219491701
147.74676389580122,187.25491126227487,696.4933689978011,99.2161921723187
248.62530614129233,191.08780557979614,539.4176447046596,145.59199199322944
165.60886681439626,187.34511215462,318.96415142323735,86.87910120868625
170.29985250043472,187.88939986652957,382.4761765695562,88.68396723391105
108.38382025684714,92.01973385002552,772.8863794685482,111.2790332154571
486.80213326249435,134.49547146947785,471.1705143282384,265.3623514983846
233.42326548041507,196.98894018948582,370.89492937246945,121.7116326568613
302.74227099810946,128.16480572969985,565.789284372948,179.88584597786019
298.7227213742036,142.46461581602847,508.65708907281766,172.06557158082484
481.16154383723807,194.10822265101132,757.4121082090663,290.90479672759267
178.42615933279723,93.87317575711305,642.008506284707,140.5948091088412
265.215482668046,160.0113527766203,730.275728088337,180.01160328229358
447.59171232130683,176.82953351053345,764.9668681654093,257.7275220181487
337.68999905518825,175.35298843411124,712.7215058093319,203.14868142254338
418.488207234594,185.86902351826416,315.7785377555964,195.9272048748079
207.3571405076014,196.20528626175735,525.0447104318698,112.90017355324893
329.2204077347068,55.52717236679129,357.03865234786804,193.96686355444513
356.47784092161396,153.4171503221554,231.48086659286926,188.02040839236736
250.01958764473065,187.31221746993648,653.680752982235,150.0620215770177
241.245683543545,163.99244912582282,776.7488095199371,179.61331625446715
105.23026994585778,124.47140169877558,316.2754144022887,78.92863454373924
368.43019424687407,126.84157583906435,303.36832313933184,199.5912341645132
243.56671973345559,72.41997875769198,626.23696646639,179.17928152633107
256.54445228173256,117.57402612442517,353.44856680693607,154.99366016111338
401.51316353611753,145.87816247663488,402.41382116986995,216.46320195860773
246.0121420378527,122.67979797707807,791.0318193225313,187.1430647390823
150.6363552137828,102.64067498997461,440.89549574085834,84.80816562439347
242.70504309716992,125.88356573930562,371.87923624272975,143.43892081956346
368.1238992035193,89.21307630294882,750.2283575892232,240.3494109221928
218.92538877273498,186.62145096982383,661.4553817155487,137.06185073605127
298.1030970888054,103.37969119546182,753.8351200209212,206.60813507072206
360.5180930146583,133.18936303180305,617.0856244798265,215.48657924583273
425.5531833849323,187.5447402953698,303.06943831663784,187.89397559570804
174.86119824634372,117.7923081033855,700.2339449088199,128.6190557144152
222.62206819850803,108.44290321524551,329.8167752368942,123.42325124234989
106.12465057558396,77.09390217465841,575.0807956654442,107.23079176438847
475.5321597223479,186.6948183189369,267.294864482275,245.58071340389753
335.00493223941226,195.2754935706683,789.7382371369373,205.3075254376041
177.49364631017022,196.93563510601612,212.25356557747452,79.08173688732917
342.1396536215983,111.97172645988316,218.59312848085025,168.06646471006502
112.68083639812909,153.2211977742519,225.19946068319308,50.39543074326659
357.01776536471726,95.87065971143545,252.0199850597599,193.56619590757964
326.7694727048572,68.79194885110721,372.211765531259,179.30658251308608
310.6154092282544,121.33281204334905,330.9677409541521,171.25495202510393
228.90346705399537,142.65491327836656,278.94148596627787,111.03896364776459
228.12630393890277,199.28609638569415,647.9488500865382,132.19613787529025
374.2889718882464,188.38219228756975,623.3120855913755,190.84284888801588
155.79423520393982,108.06672693857905,722.6590610349664,128.63937952325418
255.41807933490585,148.28617254673452,554.135373010173,153.72750207334857
462.04132076690286,115.10761023296482,394.812752829933,253.4532940956409
169.42639592835246,69.46165713875315,761.905045308737,143.0950056994644
378.07261883001735,73.4805471859759,263.4117547850378,204.26420324052387
119.1539845782529,136.82747692700468,741.6219969526617,102.24309753045262
207.44898630082238,128.81787937497532,415.36436469982016,116.19601789829518
241.5982717872777,198.6540827951907,318.8615513991355,113.20150873862788
484.2118248903491,83.08667057980185,299.2041783517074,273.00557237967166
350.2684500071567,178.402269228292,365.1821803363206,176.0327725990569
227.7732546980626,110.55576941433847,357.98383452975486,136.90696395142356
450.40022637589107,116.94897177377658,651.4723499590858,264.6722155963355
214.61861162302597,66.97738320841819,403.77081094337916,146.0566711377282
104.29464931243749,193.62755006696742,430.6632468148258,64.33126713207925
210.35195064464506,92.86935548131409,607.7468778582454,159.19474351156515
143.94006253515005,139.72079934902354,554.9256514652802,96.25103104700719
412.30912309353573,148.24067207238318,456.57837473358705,231.76975394118662
137.71015197715678,65.71989627925322,681.911292184752,126.51452397223638
496.7409180477149,168.74741710137528,412.34479355501264,255.01365095145303
389.8256111364118,186.6140156729363,608.7053102047803,217.15897180188898
114.11564131228391,182.3693920755044,450.41026836465716,65.605330644156
183.20242726720653,127.91590327300213,560.8418029284023,131.21298745680352
426.4619839270546,151.12693723011938,287.3406204183753,212.75909687058567
390.0577556465721,82.44559505519754,515.6275472065824,222.33860890435363
476.3261767853003,180.37537573207075,293.40300753356564,242.55672403775034
241.5883308486423,81.6721162260475,391.01146950131044,145.02665117612185
230.72659568475368,181.9129125084021,737.4323897445277,162.22513132102762
240.180496080441,178.93933947096147,519.1615303375286,126.07915064155726
353.41355009293,59.52767570115136,795.9136725866988,245.91146048935605
155.71080870120898,70.04098105964663,659.9194542895968,127.11795134478676
423.88439133230213,51.89776669742407,318.90140363391646,227.52243401150878
380.4026514637149,141.16999388983703,235.7581434033126,189.28028066520824
435.21496768146545,83.65644399920319,335.25409929620855,227.87789797205227
444.46811432369464,172.6407331686471,537.7721895795212,229.44495647059787
283.9560143060846,86.19596533756865,738.3421337076778,191.3992296414924
185.7321898175642,153.246852128234,469.66016303249273,106.83263880064753
351.10923576646303,80.62507055701154,517.7737963811287,202.61363004227184
444.8651531230514,157.92268099190983,442.1358641596222,224.0762484641447
127.658492229383,154.4676365404622,377.3006999320739,83.53926810813948
326.1877182920318,142.71772713493016,242.4333775628137,158.5496546703918
379.418514023661,136.460677766518,740.3272907593116,252.60810248806752
257.746294962905,67.3784628466182,201.3820021347611,150.34996084275494
449.02070626307943,182.92587465514544,391.42704840242396,251.6761991490801
147.98961325570514,101.96558222813738,716.3700275700411,137.95161359316074
206.12829723542262,117.8789199962369,207.3258947609669,105.7673341667859
306.1167616438927,141.78279753782496,212.10069954524533,157.5963530252717
397.7568897729739,65.35146766760246,497.0229354684097,227.81503975303667
483.7420549460429,110.74620827497452,591.1332734929847,274.97108049860867
257.16563508972206,60.02867132147236,531.916909340355,158.5824288775589
385.1237663345603,73.55219076606616,410.5202434275799,222.21349418070486
240.57634605889749,69.7732773572339,481.17417361060177,162.23444983001067
360.61172706306047,106.99111311056932,589.7857427441688,205.1711301065754
422.49275779906657,56.87519320969409,242.61888973368707,223.8025732022337
229.4231885658362,101.36378177267467,252.8418637595893,135.19798769994546
389.6227394649782,198.2584500673845,254.20889435778918,178.64096481379315
475.7519946987629,171.56627057814887,641.3857045655091,262.2616257978478
421.88310462575396,133.73548152038774,614.387104010907,251.56287958549373
169.62503553806224,151.52028300038853,669.4756753742613,124.47825186568336
499.9124982371017,189.98221488472066,795.2988413334592,296.291048740408
202.74644071679404,108.8203732439608,757.626053942649,151.39956896329696
402.5447912738461,144.31734016217038,702.8804910021992,230.8098132930712
233.67762992578193,173.71084494397195,272.84368946059016,107.86564654130007
331.3754479475571,83.11804618587286,325.73615263340656,171.51806573232304
490.94922834131586,174.5141136729735,285.27744286342204,233.15228249547278
463.89084807407465,191.72564587580925,337.60556469750884,226.44557796513277
171.65339615678445,159.02781806615698,666.4597867316647,138.74599676914758
394.3181800223086,92.97302262765994,625.3712931750488,253.38091646801163
265.70287079591105,106.47732407870322,364.29624896259486,158.98293223167636
335.7209343318461,93.74561242083163,621.7206633867602,221.63234198291246
416.5582030962179,66.1440645278488,432.8100709468862,220.44741286160513
240.76821264210704,121.41425384520026,612.9055240410239,153.23932704900128
242.92107569536378,144.88516211246917,495.8784879944989,128.8384072219182
443.26531934581277,163.7049162040068,475.7897087899601,246.83070889137218
423.37452268460527,95.4138442887745,627.9934716586001,263.0058985777781
463.85821078273943,112.80038280991798,468.4691043929136,263.7330424276136
433.4611643355748,62.99954730165036,680.9453662166197,273.57139595793933
147.80744228657753,188.44357651646547,662.2196556828397,100.54742610041345
144.62808635673258,106.21870963347388,235.38994140595454,79.70824835546023
462.8158871300009,181.77547809511603,457.87944560993833,237.18670828525785
278.3534186127211,101.0763301578219,336.3807640247163,157.46850411235604
351.16198682218084,151.6337756087575,356.7127368466776,174.05739882031708
404.21763281919,118.01625165188862,648.0335483223288,250.30880958177497
121.7081313337188,118.98607656124203,241.836288140537,60.435012870058415
446.346030715505,158.91934634424308,773.8059193005369,274.7523638064844
364.6466477834899,181.43368558876728,507.5117847799947,190.3749904291825
255.5497058751491,94.62953826199887,541.4691572773827,164.3421838505662
198.2425740644776,62.92450072652295,409.35450345183364,128.78961221727815
344.44869432937276,120.51867849775844,756.8594214341283,244.61232641416157
451.79356473522387,166.58739076171787,310.10898818558303,237.42186935281006
220.4462303806029,168.57918056132337,525.8785123926432,142.98411027578342
255.16438813223652,162.76618449776294,746.0523116791883,178.02684263667135
421.68638079239787,160.31382218268976,659.7468845661923,250.52606906980722
167.17743642992215,168.38197921295017,289.0140886203543,65.0288418369275
365.4176146366206,128.18973651790594,260.53300618313796,178.38055367490642
449.043610777153,77.0118622900332,570.9531371381611,260.0381865141077
320.8435135036372,78.54363671569132,255.38286290396633,180.28518993700942
279.602689602907,61.77751667228898,718.0904301128735,179.1918483904822
145.96626006818437,59.506280173480974,750.4361864073603,134.98598212298276
258.93646402170594,187.06573757601606,590.9414359189286,149.44456778782217
435.73791210530885,90.66720088962433,287.20022421688344,222.38941459371983
332.6844878038969,95.53096546680376,457.25922080282214,183.05067100525838
119.1666868099535,51.8572249177521,318.94802078213496,69.71736772502237
366.3264539439577,128.4126981992191,662.1676917713061,220.47653109223322
330.4044655622288,189.98650708516408,544.3827769241335,186.75027267544255
178.8185305383673,178.0920509899699,582.0660389469535,116.43099256274681
358.61082050180937,123.9047874349368,608.2992990185517,221.1660628912303
336.6330081343789,88.10203200571377,295.29230409456835,151.91464980171625
366.5007013464435,185.18208138454594,461.2718162411416,208.34146853468073
278.9280608636533,157.77608296270026,483.7769231321553,154.06029087716828
487.21126130864616,171.30934916044657,555.539052166827,252.77226090881183
454.27847026233076,164.11946176045336,715.3896129055888,255.5958733059326
480.83827917923884,110.83432857144997,706.9924436496924,297.19771894743764
332.03698029635643,58.55151467618597,467.842073518028,206.11129184327862
390.63804580596667,182.18125577115933,398.31925672404697,211.86862459145203
128.28437125529604,168.14989918249796,726.8158177993519,103.48880992810159
419.37312911723063,55.72268970215822,238.43179982269604,214.00222027029287
413.3692167931838,178.9139915926076,283.3928808572144,207.5461968912368
433.15080957081454,158.73027311013215,587.3611408690207,240.4032117707863
353.1011887343491,182.80869763840028,444.4966419792529,195.23082424729995
335.17034787800105,61.087758918775066,427.4359261711958,202.2064972621877
284.1615742766942,196.73425663632256,386.8721719685966,130.98755507497842
414.46084525719044,169.44291163310805,511.635981641084,224.71253928353542
410.1311700587808,94.31928375758474,752.1078192200025,273.38106551304895
426.312709976393,197.03353577203998,471.2008697597993,210.41334913770987
395.1589899238335,198.09253331108806,388.5376029939847,206.15210622087326
274.44972527440746,197.65975688021294,478.8004315984075,154.53250573597134
140.5432410841197,103.20272355801754,636.914391258209,100.52059516004256
179.2318127735635,169.98080400911047,425.8831800436907,105.43579634066977
299.18505583823094,135.85879863690212,635.3745983913624,207.6600867365695
243.3061091731171,135.96694631808748,409.64433949614806,119.65584597481228
237.40598406307996,126.23871353402079,579.1113092103417,148.068615778575
192.85583653642928,167.6778341417372,373.8357563037311,98.29988697983643
279.03778010383553,130.9316933485722,329.9612082034721,142.89420708710762
171.85333582622815,82.95495610450752,740.9094514650163,146.1595967670171
305.97488402693557,196.92035213165593,753.88955617007,186.94132539499466
342.10525657480184,133.90650206945986,689.0784101066336,215.50841693145628
329.48182564950946,99.3405043156574,600.0160045282327,188.68995346630433
461.61581240781146,136.47757957293123,517.0568388958372,243.2014359237857
195.9120605846319,106.63943562267838,595.8708132839442,131.6438985812529
412.76999199091233,148.66556693896302,630.4171900850489,235.75688698630157
372.1419609626524,84.34071086243088,541.014115463289,221.63080263564993
359.5251145729346,199.4264700034471,288.63448775205853,170.6682845316754
262.00987225225424,122.13753108745185,464.2551693894847,170.6119087010544
107.86365665703106,148.8313084193478,662.9214762987874,79.2421021368773
290.5888086288577,92.00397302656137,640.3662063007512,206.01397192984194
354.2483243073109,158.64166766010766,565.6685749921901,201.3084431360223
254.35971684950815,158.28369862902952,624.7709474852536,161.60180803414772
254.92481780917439,66.63498349351211,301.1414648591851,128.2276382449601
311.80899408326025,102.91377766659068,611.5116187224836,209.9086382458613
160.20584367092474,127.48878660269553,596.8293879416552,103.23792756422233
467.5516437072052,128.90489584874206,757.2384781727209,275.56096917142696
263.89920726886066,195.45632000918746,471.6098563125855,142.5991342472696
289.2651067735688,167.5663399948602,307.6463154916466,123.90113047105226
209.24277732098687,190.6161883139074,497.0283067568502,107.62054375167311
176.67709456277487,93.64891059596886,678.4241086182399,136.64530388158494
287.898702208112,116.92075813067187,637.2264956298238,191.13706423265793
286.52250003678364,163.29563637077894,469.1641085796545,155.2073266143582
221.49443092762903,162.39030868498287,597.9505236558568,153.73526247639163
419.4617983458644,159.17247011677574,638.3585197642536,239.12694453517182
277.3607834785512,76.02912020737901,723.1343033244556,202.00682843344
444.79101542739727,184.38478021691662,790.4638670724389,249.92185675823453
296.8794893398564,158.2665306604824,319.6666045870676,141.17736443826664
287.44418767553105,179.45271212337144,654.5252450850962,184.84268282769293
227.51251024507715,178.4699822218111,297.99277260307605,98.1694673042933
114.06814362355303,147.24245134427346,749.0586213844059,116.80098739474586
413.0365363814914,161.32529270718697,755.3887186811817,251.68981066130516
185.1826294440107,148.41365145414332,565.0832999378802,137.91585405318068
340.22370901979815,161.13173124167457,799.0029421653655,220.85866095076386
286.78091661765154,171.54465915070728,598.8962182136668,171.72892316598166
311.16235725718786,187.2940696973689,336.37790688892863,159.66137389365218
150.4724867915859,174.25730540676508,561.2211319680878,97.02140500695535
442.32956454862517,173.17571902335163,346.87525429542796,220.03225370991836
491.17227280756356,134.7350975466582,527.5370403264806,249.74743662651713
284.7642898775643,154.24056399561277,412.76249339023093,163.28237331179912
368.4449905023778,125.13436565062804,206.08725943850698,184.8741923923593
159.1718739552665,102.2319252839479,745.8145745986378,128.95506508909378
287.916673971019,77.63852077180317,423.7660151699864,160.78850096246458
295.4743457414062,102.3157884321619,526.4253508752199,185.01168983660114
258.6854109963107,160.7208843156664,743.8810999145677,169.2488760941137
427.5608961504034,171.69064078902184,272.46242371781165,199.07443396584395
483.318036443951,108.81763488799692,562.892850887474,263.43546485457483
469.26246486514515,57.21712871518393,584.3257307477627,289.674439850995
482.7624179461373,169.65225379640813,268.5169978773748,228.24531101400277
423.3454508193468,196.16180080362201,531.7148994895527,195.51511412987702
437.0472314843204,68.65517513585195,597.297438371304,274.70228697210524
182.71794366666188,187.00952189435282,419.6501642703362,84.45873063936844
178.18439416352146,105.06816783239486,608.1794468730043,118.6537810918558
285.8292838950721,194.1247908090858,628.2462007467497,162.4171729355787
455.35544208320954,94.79661056413701,466.5798041900395,254.72948874716622
254.2207710727555,92.19246772689594,212.39066153979118,125.48722208411277
477.29425476237844,77.765530777343,716.3072953243006,278.5065023211315
155.01026585773857,192.8469996831767,788.4444898651682,115.61439661656915
219.6658983766,90.57250256534176,573.7094073413986,145.04753660050451
124.29556182739589,182.86384321750577,388.90579934183813,65.00289110031567
204.37182954078904,144.29828500735832,410.3300720864745,120.24481095076966
317.7474929877143,105.05064678137849,296.8536212843677,160.28893710666011
390.21709482747804,82.81776916703548,582.9590057311716,231.31553405685207
207.32951829599693,65.25376269556507,325.7143312094129,138.8086860615376
210.32870669702334,101.20231616005326,243.02828362508959,95.7913850309858
431.49826163372404,89.03068001437222,453.37108172512154,253.6141667259077
408.0094972439125,71.93995348802166,712.9259866770728,266.0700778725902
235.0333638006295,152.99517055030267,634.3443324565073,143.40492899666944
102.31324285040166,178.8638352380907,274.85357452171536,49.25591787395575
324.6010132682543,162.8609051706059,581.749321174874,215.36325361351737
437.504526498305,50.794764697296394,349.0023964571677,223.07183734655487
399.05570792950397,169.49771552499374,499.57784219493686,202.49152794016112
371.7719858840613,97.021151399726,794.3493828729307,254.0547365257603
159.14495141317136,176.13185497174675,461.81217127889437,76.60898502550688
135.2837306793836,60.9529742477532,558.2421572711769,95.30434985398699
449.4634304441538,188.91887085226435,642.2926926626382,263.44784360225077
230.11546769104663,70.4621676870674,531.5741036830234,165.88436668226907
159.0116955668582,55.621255850039844,237.30688432942986,92.8610292518675
414.79328129641925,99.2839592506352,553.059470824671,244.2091215037371
384.0015787149976,182.49733685551084,655.7769655636662,226.29277319228447
204.84489949201856,78.58893481523842,278.4481345531798,127.76700960404717
406.45721325126397,153.9183808528325,285.97780543306465,211.1186851214911
182.77256204007801,137.0092076097693,658.0781689508112,133.1385698905253
383.5805353283353,158.7066844367709,392.6648790726299,191.24002155926303
110.35902396214308,178.98985936111148,784.6164764287385,76.53637535173769
171.4155383311201,107.17742699569173,697.378341014608,152.09059616481443
229.69734796065188,139.10211366982338,616.9042706090283,146.67245070754606
396.26892114778735,88.18076331036482,381.0458278822738,201.42424163970512
257.03107520533086,63.5357277407941,203.4519434032588,139.54628308326082
409.6652040636618,51.666839688543206,418.10230277103017,253.99038584463725
467.80283329110205,132.31508142838103,477.35661453157763,243.66087396068792
278.1348332317527,60.158939800075174,304.88372502523185,146.1376379407081
178.64176883997925,120.66270118261812,281.76800305124056,97.92711409489438
462.8170113487074,94.61412447374468,307.0905259347203,239.99628489636152
160.8391173525802,172.10345362437744,620.4398996935981,115.12901153313113
111.49042079214024,178.69517070293733,315.55723576223215,67.90688476225819
124.41956414725874,175.7719824884531,682.0200917893444,84.64940107916996
132.8364461250361,100.094249804049,653.0045022054052,112.96678846158237
225.15357068502368,188.63589312725182,445.5904082457656,113.73119946846023
186.78945236527275,52.813912287107335,776.6546399260054,171.74876695285403
245.95026036566395,113.96415894281847,319.00750298245947,131.41816497612317
418.5570175248159,172.64935895365875,698.3111423150701,237.89838910742924
494.24453537133826,193.42740520826104,461.8324992044826,252.13781026767322
187.70732682116721,82.20957728731474,291.1177685814846,99.75269322128784
444.45814004376547,109.77074998629772,308.3422607598028,228.62793113407318
409.30199214895976,125.07127384122239,385.97263229639776,218.89626910647053
362.3276438635761,129.24802038421242,608.7524284644858,232.0748442089525
427.10296996207626,108.97237244611006,267.968494990376,219.87622859609547
210.30019305998655,151.95539677474326,773.884260534153,157.1918629569396
495.43456723081596,106.84682274821864,231.31941287956894,236.85831850019602
203.29406814000578,122.91512286709481,498.64862033283595,119.08150260704616
103.80706648102272,111.99561827542232,702.8131409219662,92.87279271883483
331.07410125891096,84.15038903836236,754.720009538618,220.8463903292938
316.81159699109946,101.70538143776702,217.57843071766064,156.97960454652724
292.6303156467844,113.16700471905,306.7311451187983,144.17107286180413
352.00280198989685,74.56738674046697,339.477714342185,204.3039358880362
167.82172258332048,51.984254443057964,393.22014638932546,94.28741561033553
423.513297172277,70.8318691202012,760.9388285044573,265.8139344953954
460.4374770824203,158.17388929814928,376.26056773765987,239.55799960577326
118.33238290013033,112.72508815388824,615.529936689215,98.95697422672288
176.53592545058262,167.38760508789818,697.8821154879083,120.17413151509479
397.0475817053152,98.0829801204453,770.0526745185878,258.4451308799523
104.25935446402418,69.67788469696154,345.4638273543825,77.85751103065068
114.2188860322853,145.9163160170629,770.3544474697488,116.51222046974922
298.6828964286252,110.13955624102637,354.67143157061474,152.76271787042256
406.53900521446667,86.77510745417939,570.6018971212989,247.6882181315106
465.7943381401596,61.56680933618577,712.0039391337328,301.42319140477315
246.69701499539278,195.11583678126493,735.6005192420896,150.0642507856185
214.5203026377302,165.63912873180948,449.0920745848042,117.4928171513658
209.29167739498877,109.1809659252611,698.999960281342,167.49401867482547
253.60318213306724,158.70498109608036,469.57119179070816,128.8646180540662
342.1621572568573,140.49980484292257,791.3559600979024,227.08408131042418
124.50231078639895,68.29915429437885,615.3620175153948,117.10993806955574
335.1369067959722,111.23217737522921,458.16746336887974,179.26719348733772
364.7756416079999,83.69848122259238,539.107082900339,236.42515024842533
433.65943923540146,113.47759038702067,456.65322230000356,242.47086192652773
242.9519853223491,121.25603657959614,752.3850171336176,173.96931580781478
282.99193212075454,185.82181347506867,419.3058186792341,152.76176517185252
471.39033639247646,77.98389296110716,560.7995799089393,287.3067083640775
318.8340965597092,94.05480561421341,519.6877736715244,193.65963058225017
439.75299496490635,124.99956939666124,783.4295129494163,278.0670157169999
123.11512272789531,154.2121230368466,634.1260642172572,98.03487136172565
236.72516324527996,162.72048034374637,777.9644408921596,146.2102320802787
189.87306465049915,181.88113807920428,595.165459466144,127.4145370350158
210.67701770738364,177.31613820911684,360.6725554992172,110.73513064080437
199.96169494327216,51.179940527292764,208.7843881118517,106.83468607004423
173.06557668667173,177.13971410968048,309.87844332237734,84.45256166652655
311.2532277717097,169.09517790749618,584.5312764946951,166.56675459791603
432.3881177478051,55.52955231070051,410.4424042639505,266.8213558671466
396.4167471003751,58.727587789716154,418.55457692456935,223.58828583336611
263.4768966663735,141.06956095850813,563.4256119229364,147.08018117966495
339.7215444435785,138.6976816827153,330.82633952283163,175.6731478159161
280.5979307884171,67.07102616505344,364.0929084268859,147.7221895085343
335.11795461920343,56.08564381326971,722.7923471388527,228.2659954906268
199.4926346435347,125.32101563400612,339.9643231517607,85.92093201084973
257.2002373582527,80.49457032641835,307.47735690043794,140.1801922611579
265.1047632398053,157.5123913529613,652.960052795521,149.1679249223667
362.63933412196667,135.7764794855404,243.30710544690075,168.7241402201042
257.64634503404613,198.2789197924432,230.23433113764048,122.34191298504322
490.5339294653934,161.89062717446717,293.2072929209993,255.7747022374997
406.81283915296314,147.2450037907843,443.8392924659968,226.43517353382586
248.1264541796482,93.17141578448093,293.9693323578145,134.81163784078333
489.30025787187094,85.86498571433808,370.79158236877515,273.5847885497515
200.10669833236068,133.19412335147769,625.3519227662741,139.76370573132598
308.7877478088115,65.52223135610171,765.8018975045757,213.99328961686567
164.25907263269104,160.33208980205865,321.36887600851503,79.13013340279487
384.42440877038035,59.29356127829892,255.64772182038817,210.463114213002
373.7385277046951,193.144701662782,541.0955733263246,193.60671616781258
351.89346693330253,151.03281565921932,213.63171318123145,163.78880053932167
109.20435367614752,130.83672444610534,366.8509953017042,50.964115941569375
253.37960959850156,182.06769480304337,428.1175677628397,134.36292298663892
322.3877437997743,143.47226675452217,786.7908201307251,205.40948888629907
105.28596191721218,98.0989653224753,652.8961449925896,72.36338585425673
368.24708447840146,150.6735584620538,568.100554637203,226.29598197464767
347.3723835095824,60.67021583182077,601.2019993502811,216.74604088708472
176.97629445992513,96.28934809153023,743.3960495871703,156.54563913962093
272.195311064482,86.20806907175177,418.3216733050914,160.034691745537
414.03328893982405,107.1618967166312,286.28588033738595,206.97720069082442
337.4564068244366,85.94334008709677,367.4963422443003,180.00396868927717
384.37034678096086,59.38408001463336,343.08199487821844,223.92077696356068
453.7643034090614,75.9859052021676,598.1536161873084,263.9915562475946
208.07391274054882,140.92210323238038,775.6263262572965,138.38621749181087
120.93068582538638,194.0715729598984,350.58810468161346,41.95732093331762
290.52019278334683,123.4376265814005,385.9109548137642,153.00743660523142
139.53273479347965,95.39400513408546,530.1332744709589,119.09394132131342
157.74763236329534,64.74072071998992,626.6262621856602,100.9252386451372
466.0265760854513,136.53572034257155,574.4051366743604,261.2990464329751
241.63360029952608,76.54333483945905,547.8179430435442,153.79328443921509
133.28800537583265,176.15806280334112,563.3413370174251,95.545314101082
278.5966559038202,63.857223387798946,420.5013200637311,173.57964629387337
481.6313278890333,196.99398637944054,555.0102953954222,262.7025027582529
338.47387451750524,116.97845063579217,725.6570038350559,223.2315713201384
113.82729317016667,133.98240824668113,215.08218457162945,55.05136802052192
127.26904245695714,190.47892081311429,482.365453782158,68.28852468869884
253.13239885095177,73.14634244122404,741.5100708640756,189.86630148536688
374.080040388427,159.40810377206367,418.2949018203288,199.55102693749194
273.8651681639153,126.15598859453307,492.9166594737609,157.29790247030283
366.82006010886175,187.85422389211567,327.9821821001996,187.14112194319785
436.06949619570963,135.27596075543244,705.960773859941,253.96991534008552
292.7477237281611,60.521605600939125,705.2241439222406,220.05904716602794
470.31043052365595,159.99437788949035,764.9807501484612,278.58025373106904
264.28834074098927,173.81376685788086,774.5832193337358,165.93183079997723
363.7014941339749,150.04669520828025,445.2492445168298,200.68147013972845
117.701068653097,109.21544216355863,718.821297092598,121.21660228472552
197.87688599389273,178.86523448019952,745.3624652506378,141.8143716014128
253.96224715822925,124.78257052980645,270.9215235369919,132.04421258982
290.61289276292337,57.480601556647635,639.2843569755231,202.21432835092656
276.0231400502772,161.1781993407912,300.1224300105856,135.48822608043693
261.0828903151438,111.18019889556561,220.75518856759447,130.04283331643657
176.5791988970576,118.667700795504,613.2247847966153,128.501939807
390.1262386373219,175.38056968726298,251.25544369524613,181.34145531680628
141.79416028877512,130.61290329468795,234.58081426625307,76.45285216364363
180.2339858249144,113.78973704688951,638.3446595264771,135.3625017988597
238.4206462849982,111.12785069321535,271.5102739003423,124.93079705314912
252.87012421724938,121.65408649284836,740.8006946818132,188.84321333536522
168.23578815289477,160.33696154022556,472.1454933591704,106.50333384441467
331.1977020759295,111.29665381341924,350.15409711452867,174.51019424288882
415.5380463107882,128.13562143658638,667.0642543401246,248.31903230873635
392.1620321784178,178.17282736167292,463.6779764195664,200.06226721800212
385.6634393859216,153.27375570704376,457.928200766434,191.2740933747078
333.8659394746004,121.66272730890879,511.5145035877812,201.11109617944524
310.2270514127573,153.63754653522625,489.4420821538736,187.02310545785883
120.98473452130966,149.11402628481713,466.43557328308174,93.43675534717588
410.0894216782967,167.67721127384434,509.9607051290758,240.92235909635423
192.648767661743,108.1256297081641,476.34927659835455,121.00888911911193
227.4211512886851,177.04357040730315,519.0990920788395,126.51184717521774
320.2984356237313,125.82003179835812,432.8807772267837,187.3192659405466
108.17347730780087,142.68047306413982,390.67573784584874,79.58370095169047
354.3182758309641,120.47641835112572,272.7485450374411,179.40216568134724
147.49380720663908,59.17281550872535,524.5760658970593,100.90128299499122
400.6723413369137,99.43001870825942,362.0472845557666,220.85408638820053
284.87969045982396,102.63666742099954,595.2556599641619,186.20445011308888
301.74846641203726,77.10705226427264,759.8059492555693,219.297486974401
286.3599247779802,134.3457228283939,296.0030825050793,142.52180371617587
238.3823258328842,196.35002423560405,338.94126095607874,114.48149646765401
449.95454122503713,67.73270012463702,475.22003181016083,266.7361283190311
490.17884112573967,168.00001911471372,423.2124500429694,247.74460379286563
415.50402697479274,80.9620903809319,653.7744413715998,261.6306992571233
247.43342017014044,88.51986468763569,434.9799524890568,148.65320740578295
408.7665036092813,98.95214798804275,795.5966238411806,282.79936612870125
247.02480990491262,143.5548370995967,589.1049102883856,161.03771666356448
268.29812963014535,157.833688127711,476.90441168490486,156.25628808162278
177.39776763994738,96.3381478792862,368.24031344208527,90.16069449550422
335.02937437301694,107.56454718808342,474.9603040503473,201.84554851323563
286.2679759441269,102.55597393748086,623.6275829319293,199.99937724854416
306.21862343080284,58.944743909953864,444.6036349718987,194.9547873272709
450.37491948377266,194.79202655080715,709.6961501054162,244.38495012758426
101.1112650787941,142.31831851513806,260.97170159014524,38.65525603771209
340.9985744689059,155.49905115813812,453.95185776720484,204.26671905672924
301.649146537849,174.8237223299147,611.509086356156,190.31692347472662
296.43687495303436,197.59154897551784,417.6354104557609,159.73538579942647
449.85680752122084,157.35723039608573,531.9700176669196,246.84517398081846
387.41094058339473,94.02817637071738,354.7724638275637,196.10066540307344
261.7555353345496,180.60470167560038,318.0055804787957,122.56834126031087
187.29994300847056,166.69012415576952,486.66463993559506,119.89900222492714
188.44361996104925,195.15165670505473,437.19040243819984,97.96481939383662
155.81694660111637,123.56045303211629,325.2596049982492,85.91679781476714
466.5556768162784,104.71455023535873,599.0580062749746,273.39762409748187
175.18829388459324,116.38932041368864,211.07452756234974,92.33367775210246
488.5978728110068,132.90578070096916,545.0391615985486,262.9765231447805
237.65433416697707,112.30858106334202,516.8633690524222,157.39930534136522
113.08730394356097,87.63414545820416,395.35544030143865,80.22982010502258
179.25262763996668,180.4145832340124,237.08318517711245,82.80873919715513
450.42761218462226,146.86608696400896,705.689023483251,269.7015837279997
346.45039479979084,160.1050802291626,530.7939990721725,178.3671048079055
203.88080370988672,154.85066161878214,542.3498443397914,134.17125600443342
273.39169429398453,79.94913068920371,450.36094126395,147.90515015405265
221.20215907533915,83.25443966844111,612.9815698791778,164.8562252286246
279.494367971182,91.1236431310426,309.0145116234659,160.19713961176143
474.0329919336685,145.18061380860615,737.9922088354044,289.1406253825975
197.74401513999356,127.58216529951441,231.76719113689,91.42999645495856
345.9821507815348,178.2640823943363,337.9930310955158,161.3665819889419
295.7078396814298,179.56317947469853,508.4192388526791,161.70203756335067
437.5165295052797,186.5965300800014,283.98909830095323,210.45026904157552
231.64292055121973,94.79386705894309,233.4011250150784,115.22547511520123
206.14662948243694,58.4300168362915,706.5498021731485,188.2081977915538
369.8104553583851,96.83890856681148,708.2432978514503,240.45797300010085
338.3033672910133,54.62672707888853,516.0034353249451,203.23211438081202
278.9529363571022,132.25421575317299,761.6229681340599,190.24544165408906
373.88006772076625,81.66374341434177,289.69370318222747,188.57130764360394
267.2428055352274,110.36688258427694,299.0482980834383,148.3988091338325
328.57865373848244,107.84731902172825,466.57450029670645,195.92801735103177
202.70173801915388,191.5207950121836,780.0767498384151,138.02297941301345
427.4725470047796,192.16165369156465,621.4214712396672,235.05584994985986
111.11839989353021,104.38031308023557,442.1864023419688,88.11632432176913
346.9294869848087,122.91378625436093,528.8254222230444,192.3712026045687
184.28327832693367,83.87630092159368,576.7826632489182,136.6535775961092
273.0188319554518,78.42751550087,365.08948281866736,176.10895752678246
430.02111099281876,172.98603441513143,253.26995884478995,217.6776648650691
188.77236287570125,111.96932076502969,265.3805998021457,96.95872668018424
374.7290377070568,144.02562085808245,383.75962625274246,204.5042553258798
130.87255241334577,130.82967187360657,483.015227610512,85.50500084865591
306.19741697142865,54.127684021111676,205.5026788295601,143.2007969168104
487.99657048083964,113.43718445087737,664.8239619834519,302.40956677937004
469.4803271922121,140.03278099050885,400.7393034191594,262.1397849350352
205.5700358324433,92.45274276134464,238.09407536314728,97.00445103022338
474.08968001323683,176.5643085566844,417.01939825497004,250.5888876224065
421.9896194692931,158.22067391358053,259.4967396152672,213.74661663578814
470.02004758339416,59.79342033799345,704.6246723064392,289.9055432413682
326.36656534980176,186.38522836732733,695.835775045463,199.21964320028653
350.4223785345421,190.87099638389938,787.6615686982908,204.9299812779722
146.39287084076943,118.28331258220663,274.88254093675744,58.899625878553394
346.65054479780895,103.58520804100357,309.2553362707536,170.8940528670421
121.23273981560692,72.97538968213594,720.0540246877625,124.48636497159598
315.40843667041577,116.99370338207267,586.8067424122967,185.48428805996133
249.64232771768047,116.39406928645236,491.1287555008936,157.07461289519827
458.4415050043447,120.80681348585213,594.7012888176205,271.2780486571788
350.2635264314895,117.69970567375881,545.475859034079,194.81715693730516
185.41755006115088,140.34673337944088,223.39075952981887,91.77352240534162
415.6604330565544,179.0398433539926,346.52350911631,210.04966896283818
184.57908571731804,53.622385674415234,422.3814914462576,117.18712578867125
348.89276869415846,163.0568491686761,698.7317828565999,193.63782183835153
389.6988449961801,81.08239483485289,587.8474275596616,240.03225215815672
327.9194606308515,88.25743403515578,225.04285736181626,173.88479618263935
302.06877739342667,68.98063955991151,495.24472759433405,181.81785178385925
471.91663702406925,100.97322135602582,732.417777211814,294.42302913685444
361.25677785161406,178.5101025461252,427.53789873177925,198.6397529913491
240.08590209646917,95.6259784758017,616.7317407433076,140.75069586251536
271.21889514728105,194.40757752963188,500.92689310525907,158.3586145450644
352.4960903170057,170.16264838980868,401.6603493688348,168.76612295152816
372.4930243313912,174.68864176214606,219.84486950521858,180.3655463310578
152.63111218982323,93.63070303809924,462.1186002696046,89.45094632515256
436.423715082502,102.98282012908722,629.157808602868,253.46816450324673
491.38605038471013,179.96101381428946,423.18635479026545,243.25020055883445
101.49635916494066,74.39818204268678,724.444802381213,93.46819999082042
276.40133362543116,192.08892017333628,450.64691930269424,134.619482697928
191.28774987386907,51.899906785613446,288.3142677691734,119.52289866913361
430.8515105311641,77.70355887422893,600.6071910428567,242.51208204352503
289.29373877253727,58.19055504439356,480.4104863649811,183.13845143264902
240.5090081280188,192.8553064326331,230.91476179485363,113.39992144775871
486.9944364709975,178.11154034187075,327.0136163236675,226.42454782154297
424.0370990283855,168.69664124539352,376.92529709503356,224.68933214933588
477.3713288365933,57.380486273393174,685.9354390570805,293.595853660286
306.5281398522459,118.16407597167361,466.64645980534925,189.94682639843543
207.2411733648826,101.67425263478717,686.8937623981835,154.33812655640594
487.3080066354744,172.97950177634522,630.2298663376107,282.4144854770244
428.1634347951026,75.06557822468434,623.5086129168276,261.2088214233081
410.6238672818076,106.99803067218471,546.1027567448712,239.14890553555816
452.57187440040684,181.26035024886167,473.0787005070591,225.97276275174823
348.7521964009422,90.28573068171586,316.0463725917032,205.1450011639197
398.54137338825126,80.85872183719057,250.48346995027822,200.69728075056935
362.07267460422366,179.1185390084981,730.6642634473496,207.74914930173958
115.26528291038795,186.8496646242441,742.0828134241466,78.75523389857494
464.51520908460657,166.36700494476753,288.0808840240878,228.48457358100885
105.27421317198949,131.07360232983936,555.3218153897177,79.79473782030722
400.3683167972483,180.65031406028686,632.9976199014263,232.0093696275583
205.67884728709242,57.87291296994236,319.11166519653545,113.67257490284237
432.5875281221424,187.7274401663998,454.5265249355607,216.22033096644077
216.0880308151242,54.725632747517196,204.21496601380312,120.18128851155092
144.98085615660239,76.55227877033204,640.7924483310372,110.84146928896014
327.5177439081939,117.13475473856072,208.79676968943727,163.695240941959
453.87051232344623,77.63540315499215,723.463400035763,293.1244748381566
235.18255179002705,154.4558188972576,679.1181688761546,156.62258906244054
415.70190802204974,101.33484814427688,594.0447893648632,246.82124148684483
497.91930333018155,74.1631680572944,326.2653551937369,274.8781111217191
365.67960903334483,124.99053901968053,633.6541373847637,205.4965295525985
487.8921114429761,116.30136251366426,515.1096346732111,275.89182711467447
299.0363706692079,182.74921141147317,346.3152761657991,143.26204305758242
345.372466389501,171.06596226061163,683.7890283630578,216.53856609653207
371.8432847803974,143.8284668031464,417.67743700881135,204.69169242402663
471.6077001224921,126.62502207494177,202.04360455012116,225.251250586633
363.56890901334316,54.0077851375279,565.229532564558,216.75371803806235
221.09797624411493,145.14337525401118,674.6960064572779,155.03229233917324
443.38651030196723,118.95114836333214,544.2119402124838,262.6853737775714
127.36137304375382,75.46719198400797,581.8033148668867,110.52628148818681
170.92652421908844,185.86338635299683,379.40865711015306,77.07242335399229
410.8892188278086,167.8545704050021,391.2020873764517,208.43322818101225
439.1110576878349,81.93600812450612,518.8530476126562,247.93757327322822
168.74450046890854,137.17336868170509,261.51202380306717,86.45248751337141
225.52832987040063,121.31502016408822,785.2026202176781,180.70703331924912
180.28384417385286,70.26936614068829,252.9288412192746,104.330420883252
357.04580397574887,144.83686470518296,597.9093505494984,199.08168435772953
198.0090374094925,111.95351120365098,234.99370343814178,80.24163596593687
300.1667504987621,116.68094355180934,504.39768942206666,178.5537781864549
312.5825966605627,124.46842300483807,714.4586207009306,205.55326029442094
480.1727633923777,102.83022466790908,642.9439883382988,292.53791713997134
160.54032507859253,118.72318466666364,389.97783810402007,88.21407649463256
184.14832685512744,61.98512149563698,769.878851549175,156.6493629858024
345.9025349293353,106.83719276542287,574.7604240298745,209.11112395236262
293.1598528823471,81.72546383499756,700.4666174374179,191.7610781451268
292.864527207587,58.0485739319497,405.863207854085,175.76108886548508
317.33827187815086,169.57071513961927,751.0431826367201,204.5641200291822
426.96800696858185,99.1217809297282,224.07024042080067,204.516134425168
389.13159234371324,68.56519228996018,767.7448068393287,256.1837929802523
176.49515871023777,116.17263455170105,284.6043153421026,111.74390867861983
448.16994002866534,101.87052679179126,477.13275645133996,244.8571414240739
401.113397076132,116.33482891795595,478.69567711376976,213.66904261647045
420.30686060081086,177.10661494348437,301.1807060756322,196.14226898853076
334.1651333574164,184.8447344965812,794.4854873923805,203.17560579316725
417.3879483070285,59.24221799716189,384.3513016256305,226.40065118288746
262.289040022778,145.62134930377417,273.8340872681066,140.17508123608238
341.9111240500516,144.64719494461627,287.7305393865261,159.05957667486317
490.93253051547777,136.03912373931286,409.5544776799463,254.1754264313856
269.3948731064148,64.6396487245602,671.7036992932085,195.99738523014577
109.17954711623543,161.1274187448305,408.1284535126898,88.96975349294883
245.70104898872515,143.0900935725706,439.38907397445655,151.36438989404766
454.51954085787605,154.52591117391705,622.1603372316289,270.53554715059397
342.74207747685136,85.14398014963673,215.1270816394244,160.80928682541062
358.5140721724007,157.36310907522247,611.4198395149094,206.307513260141
427.2212415354863,96.0973402337319,753.6262471556282,265.8031987087721
369.0434151410956,147.80330901055981,310.37473740855205,188.54578072435592
484.6178735399522,106.80291513294048,559.4929298605613,273.93788169348653
210.5625574373037,187.92763396157605,264.24296254205166,93.01084375914103
313.54460831247656,158.4601736390152,771.1945572424341,201.6497131930712
408.3468094784232,58.267405435159944,315.16117691220154,224.6133120160453
148.56128500794864,88.8662992798034,455.0167949817098,110.0100022806591
330.8392921333026,88.32383701206962,414.1799512270736,175.62962322929033
438.95053962036127,124.38674622426477,770.6807247051107,256.5166491976275
179.7795580142425,63.94508632699005,581.8735164085997,123.42367817759263
163.65266863977178,131.52297821350166,380.02390023184535,92.66524003058171
286.4850557817995,106.49149237167921,596.8903087895023,173.98954174858466
200.74356619251722,59.18165870480048,785.1736682535436,172.2360223784134
336.5962881787832,113.88119271738037,610.2983000932445,204.5309669914859
393.05985448777506,158.25306304053984,617.3824379808618,240.9661083157904
275.2715762026245,69.26310680372319,563.4703418225715,193.5468462637621
296.0147186602734,113.95793812166643,229.59495898236796,141.62625748805226
417.63540624282587,166.15947706155387,591.1299541309991,235.09246184219896
429.2528109051001,146.4604459670914,312.97380266887865,227.6132111328466
420.3256480472597,167.25598011444478,251.637277648774,184.07309289043454
197.77989946502004,178.5334351803616,465.19265093584113,102.45165142240263
297.7047246262397,112.52490471264181,368.3738570086156,175.23913801064734
496.5654211426479,141.38770934958643,571.7716694558726,277.032566691367
221.60387486345206,60.384325921762496,593.0810542136362,132.8197060836037
427.772963715819,83.8341909287229,398.91905230281634,239.53322931185772
325.9229246422457,119.73909131107281,786.5319310239369,222.03311583519846
391.87342400071,192.95544229299202,294.1108349174596,191.03023237275644
440.1655385485248,178.73656959508244,611.8778692813623,229.33910717965585
333.8259521862109,184.8381765931481,213.3249108510628,163.8399361742699
133.0775388386848,160.32419313160779,395.66482140766504,68.02108291902546
427.83053251607026,118.97073189844443,614.130282956754,246.48005762429332
472.8063843285358,101.54436221160034,738.3066088627038,277.8505678599875
203.8458392869527,57.03264723598046,595.0595603704178,139.9743286476618
185.07073069169508,146.72193824690024,723.5268051779337,136.8313094131071
386.3047119953314,185.2433485689197,799.6593849794777,268.026832974822
223.05460129125942,141.4081296159775,683.1571247684162,148.14028586086658
418.96076808670614,123.08373099574328,595.0030840782576,253.05355593414768
483.86614586974076,131.62124580560246,374.8072121506336,250.04685556261052
223.76137656487228,117.99663263469292,760.0583588119272,158.75898752142953
478.9021251004993,159.9765852445101,393.27929715244363,246.02311032753852
117.39630982325808,101.74133054331205,535.3420916342477,116.55934176603486
167.13922998566622,125.35663284404512,444.3106297204181,81.9956209396677
100.2540287722324,102.06982336058798,330.63037669978667,56.412669594963496
233.5458999384325,124.37775424143108,512.1945972416323,148.17163334064205
298.8462931535713,80.68446533707126,475.9706463023648,180.838277730585
464.9085191129929,70.82912195741545,678.4618141958805,262.2228225193186
130.04763189885506,186.54331133303188,451.65489961360356,61.616665184939585
433.3062693137327,164.63727699387766,749.7790959843118,263.70468409271416
491.43472035166457,165.69284626707667,319.69244868662815,255.49423698779296
407.46074387351945,114.79765805953444,485.83242193038257,235.02891903395164
493.38421211328534,141.7821737932981,319.60609884114587,272.20839504700194
199.73201696955124,166.01768343998117,598.2824412087509,135.82924894241722
312.3460472190022,142.54951046428664,651.7466293257686,186.00408009401795
317.4551006619963,142.04529298223636,268.827675074921,157.0536887822401
415.46245132935474,154.87807579962765,345.5688777256221,201.29839752283038
422.6796215358296,51.874369111017025,795.7707704241924,280.2664065201481
179.1655899801692,172.8145737399514,753.7890564049106,129.9332412162967
196.72507276318981,160.5221085204845,516.59856971557,113.40442291195212
301.963455290256,182.00108474552616,635.8426083135889,179.01963105910588
457.3553566976838,124.59867658646343,403.4914709194819,260.72149242609464
111.20926325075193,53.91042013208774,776.6548971684897,134.77633158811423
437.07004452293063,165.3309240994148,424.8675845360785,228.36283670704475
127.96007029087546,76.07640601103758,288.25291264799455,98.50775101092154
245.03378321245432,77.23754111695771,675.2380156997106,180.19686342240377
134.5118201826672,104.01603118425676,384.3930428262723,97.85976512011209
163.72307074952323,98.44915713970784,695.7287774301258,138.9476514540164
277.253718413966,145.9490700215668,283.8891374426447,139.22669188350218
421.3422017901276,103.42823984311497,361.8493901852038,224.97817599911053
313.98386847854795,170.16726087093156,731.9480760688037,202.57525982962534
409.90648524817834,132.57208777418697,764.2293703150028,244.21351964235285
100.02730648174851,112.8788600799019,770.1886517906316,104.91536605527052
271.492350640733,85.33090159382454,322.4913332186811,148.53961592245048
138.93493839112813,50.20353493208336,314.81443657115193,99.23252574689243
246.62259039567286,151.4669780180474,712.1731822842153,174.29441533089158
118.14765697853113,67.09633815756479,541.8789053727924,98.28378084398325
322.6825296026591,80.46946283052603,520.504817903231,198.22035712927442
116.28294244055661,167.71810240209845,709.0815628944433,98.11234131558328
342.6950303678363,167.8512864654299,252.43182746083926,174.39935119950326
162.6397295932619,128.67933416821364,451.38015832236874,100.17896135297912
264.6462831398529,121.4593657013363,210.77207880601514,134.5540184734475
112.91864101407212,112.39174859870812,356.3683721525272,67.08423373430273
489.4729762086914,101.83533965030318,317.9387450449681,277.0615072907408
419.14411530586506,190.51347813875708,303.42575159266346,198.94447305253732
101.20327701780205,104.91350967093874,463.05196766845825,75.7399086129615
293.0705336153637,69.2995919571661,362.1743772743404,143.88834738456052
332.1228924861523,99.46764003481823,615.0112631940574,208.87261074670337
353.2239273804257,112.63244261744939,732.6824178795548,226.6427129948647
416.93161895892194,155.6352502751332,333.4531814519038,207.86927449711612
279.9226278007602,146.3848793191254,650.1155800339402,183.53905442743843
374.5207320874701,168.86393481042995,391.088108658569,203.0145516189621
111.72973613713042,82.12705433749662,529.4811059760003,84.52246661491954
454.40055597396565,119.30755249578904,639.6315621689674,262.94474186880154
396.09550501103416,147.95194463361116,307.60227962887075,200.077091815429
449.34427169448736,94.37614222742697,728.0440130234925,278.70209611856694
276.86871587219696,72.7080729641503,758.3796977404726,197.74070597856416
334.6372626181967,135.2477366384804,614.8986463190026,205.36370227864523
456.91472040082806,64.31994444638885,590.500823184995,284.70992485287667
358.96356739081534,195.26140976387708,411.23136431903407,165.79233798815375
371.64645505106375,69.88627133091725,696.3495779922707,238.05154219587993
104.13177631348609,105.00928147046423,599.3298617945825,89.48674995399065
404.87340069593284,132.2803457544506,680.2948258085994,237.80591711947915
181.8444436828729,82.06195671567069,386.4126047068505,106.91012995719694
110.81837906785985,191.0889405748251,765.8988092576354,96.3351776935693
197.2439284712235,194.38190646240213,605.619939721526,115.42637017463875
268.16621728185555,156.960894676789,557.832329797252,137.4076026984822
267.0455097006906,115.70931897020186,584.8198920360776,174.18550188992162
220.50093010230444,166.40641668135015,501.18510346408993,116.6833794431559
429.6038025980317,58.345884705298765,442.7115121324236,243.10815736738445
438.21695575020334,122.18544358965212,428.7981356618922,228.1552763299567
496.1171489713516,107.15874998008289,307.4963941781781,253.98595997795928
208.34520313529086,194.40151517361195,244.9086783249142,79.22892020519086
463.816734641946,138.89459481373643,713.1976146945066,270.1347855141667
307.2173088115501,174.8228317399898,387.48738212754154,144.9065663136792
456.4523141178425,195.07117277061027,521.2166534675919,240.6958228304766
282.3103412458014,146.68393210583054,712.7087070088006,174.79115774887114
305.1555249149799,168.66595078690165,476.4482250817223,174.11881843289837
214.47948852928627,163.15761975381741,300.97484911975687,118.44849012605398
246.41406404995396,107.786413642431,208.97818027957408,120.68389294120591
311.85499325399826,145.77518455025108,676.6119198113765,198.22554868225276
202.51926063614678,175.87829862277044,711.6054988894878,129.39599286228233
144.2124454824709,135.1929462977582,538.1329170997449,99.10364408878785
122.36115398473885,193.96757863747177,489.53296453142707,74.77764296654911
265.19914699057205,81.43279975388859,500.57416060821254,168.32197126350127
354.99742608790496,197.94743445720573,538.7236803517285,171.61876632424475
223.16719353129622,67.9155438134999,672.089311636298,170.13656194652793
313.8738962725859,105.54483737115257,585.5523068831093,177.36330667447484
177.31192787749634,108.82799692699206,228.30184409986117,84.29289262557529
145.9212926780874,198.1569485644672,511.92063249225606,88.8073042233245
385.21909658948107,54.38284227330302,454.19662536900046,227.21924029904366
393.8920608756264,158.0092103441295,391.35977816201734,195.84294992593942
375.7069797373341,130.31487981500126,209.8703281423919,198.3734522875194
327.46723889024656,174.70638594592828,440.4934871416343,175.52412002060717
431.1030360564863,76.87453444658502,314.0496396343651,214.77292352410967
245.36797236813422,114.04348566972318,533.3249518675833,147.0278236273559
177.5603414054435,78.7620332700275,467.45380064349666,122.4090373328442
329.374286748539,122.49966926565182,242.83733931449734,162.20332027406113
490.4534429843476,159.92356714776028,710.4488811857211,276.3459548741006
283.87692587848164,75.95553674500229,658.2683697782122,178.41413429853478
353.1054596454093,92.90921053933465,534.8753444332292,211.77323579315225
369.67915571384344,187.6622122503312,539.8675780198234,189.28856069444197
301.5230932819102,167.93579528861528,529.8643824883917,169.22568221017787
229.90299327185005,181.32019555159096,756.8773029319765,168.4463519263068
316.06866014909883,120.5308612192099,655.6441632902114,209.43091605692027
492.62030186264576,82.1902223447047,257.29590908997443,253.89542391022363
413.1889821222448,70.131954007914,536.3657399646866,244.67293520686766
145.0601939792063,64.61772279187647,604.3512726181533,140.74888877337006
351.23079259973713,95.81284134123337,509.6557352677395,195.5059089329057
330.54005028737936,178.41688050715834,341.96824549917983,171.76380028524827
106.7260845633919,151.17343100571412,779.4470550012218,94.50046117949765
259.57739073039056,197.24398837957298,360.7769771949055,119.12549299476422
339.95376718039074,184.03977774959193,344.80434329334764,177.7829831319007
307.2939646266629,141.63985182004694,618.1077178471237,168.8950394390661
201.928873420422,107.07827520884989,789.3766085491084,134.60990100236802
322.5478057456853,122.2417996420804,599.7057569517617,175.40254665711248
129.5424524162229,184.84767323318812,550.8803637629408,78.08919514529778
130.2912618517285,152.96317266478147,427.8965075352909,74.97316276938429
295.30156556083546,125.1068065604008,347.4995069808716,159.8970851364329
200.40438672904264,181.0667427497499,768.7432849637393,144.64428759591982
484.4150219201916,51.89287476406301,535.6017625951939,289.35882068546766
288.47931525417596,181.98777679049704,725.5641365153159,180.9377511355941
141.19820170214643,125.49477016699397,626.7893750647413,102.2835276361362
277.01864677672324,167.45656662105432,510.7794884341805,156.80883963960773
313.21105082660074,161.17854766211246,219.16707564177065,140.2470071269608
401.61723037250374,126.12130716656388,507.66817974214973,233.7931729260224
120.98605869314002,75.39951963248834,338.1840424926987,63.09524264785193
304.15388888189784,197.2050398940177,214.71095156734216,135.13809439678275
235.23502921159937,75.6347875032568,589.1537072405845,136.82383357098405
432.2809714129151,56.34473464536272,215.5317723720969,235.8760209302936
245.38934022996122,102.30825021623166,247.33180087792977,126.25529561089272
101.3902661924579,111.5681818773923,601.9543049773215,87.38196651725546
244.5120290764603,81.79671111773452,282.0479482298413,139.70861562952922
310.4531953484965,175.32073111335285,455.1600981514538,163.21180956030935
237.1538258941618,77.98764426143985,469.16508041625735,167.5383561298722
196.7142799616413,114.84716037519215,437.48709195548906,131.62540451113023
247.7466301170295,94.74693209103665,461.72771923175264,162.69845592824618
164.97994908507496,57.4747900219877,769.6389389400553,150.77430178804596
397.0562314951172,92.61502021279858,334.6459760356852,200.60032494025182
472.4795444493221,137.14540192948652,229.0614944726862,215.1790426752426
257.07565016019373,141.57104994804774,271.7796100165119,128.31727148284693
145.71648177847578,99.28767447771696,589.161713878781,117.8875155242992
165.64098882018243,100.97943773605866,333.53245647934614,96.29018584029193
310.50165651701286,150.2600232988222,400.0395171945109,158.6824384775049
101.60364558909265,142.48887343893205,485.5770722099369,85.5509274650767
146.60041384924844,168.1780274313213,402.9870065280554,88.76552171924001
107.3826006112081,175.75072913304604,269.2568329623273,51.76646063428847
239.13461088095124,155.52866750282405,267.4064033240289,128.046138985714
292.09693573012095,182.0705404626624,395.3608060285039,146.9438974324075
391.5395508440271,138.801651679224,585.3482166522449,224.73785489196402
271.7351155945472,161.50168759916826,363.5267068182475,132.92809520948936
328.2788202189583,135.23790890251786,791.8418657502566,228.16612959475216
321.54737414098474,110.14902652372551,730.6173421360479,204.283354867699
222.1087074148783,73.77139098147637,445.75176076888727,150.91924973437293
404.63832180342837,185.89548686955752,687.3719156083439,239.67647382333266
313.2883084896464,178.0252050240198,229.02705525705377,136.9090199769438
118.46070069539611,131.62257395226953,479.8833297496068,74.12944348554346
161.20543434607293,52.25747492167097,585.0668215241672,122.2878953753449
476.83872015963885,51.04392035356924,717.6980829679933,304.24684333953996
249.57950113852573,66.80907594150939,677.8165902239648,188.63772849439894
474.23384697458755,109.11066198990451,745.5015744300864,294.98317957949524
108.11455911359103,77.3487633862684,408.359159668262,82.96307546270356
165.52359860459993,69.64230607836774,220.91037965707247,77.99434339582807
106.05633257935155,87.09249647200647,440.89113543540077,74.33342595566701
153.86867664973045,144.22134392902575,370.19835140281,77.59741789498341
107.41114503375337,169.0109963153658,338.24708140882944,49.23539407636443
250.77807549576386,84.7159361704724,382.0400908167068,133.05290077522017
410.727915107123,152.90820258584642,359.37861506483193,206.02786634511295
260.4568678109958,140.95511515635246,360.63458932035394,139.45076682892415
352.1998627860588,116.63697015241017,670.2656029595821,224.81081756917797
312.3949657439352,91.65636327860673,373.95451624533706,174.9419480756129
119.2917883188097,112.74005617584152,492.1715597903248,102.09384467669334
259.48031589197456,69.78886269735784,579.6370726951889,176.7115767840426
442.0062939807919,160.97037083529221,373.86822064271627,221.71958352411457
290.06209224680777,108.47151653413052,320.78009579583954,152.32091637156535
152.02649726469195,117.9859106324966,403.9645827522371,99.09042548109198
294.30195178865984,99.00030768594311,269.1196814384274,154.99096470331747
162.70483000781417,67.56770841426402,660.9299886305351,149.51786016709985
366.651227386722,61.383656657063774,497.57808444354936,219.8331830207318
378.20454852924183,157.5019669099354,740.0237053443676,224.97196516856147
294.1277611069613,125.34875397692754,410.58746746003067,156.37132070120427
127.22071558586575,58.38908503131643,201.2441767092027,68.37596096381799
332.9025875586941,52.48717358672475,574.8765859458465,192.77062237298628
119.83074559768184,126.6172662293729,258.6442255148573,50.973195593810004
197.76200667591593,95.41728032838098,247.24107192814503,103.1345639766714
370.9705621170617,88.95930309260604,358.1880779155864,202.26931645950253
386.7357803680398,109.8272601809593,307.42696516630036,222.78498826262933
393.69346222606157,173.95898362735073,661.3954256556515,221.69664616622902
195.77033165276544,155.37254005964286,781.5370585502013,133.36601035296025
110.27267393822927,129.0120472752663,652.0566662184116,105.85992298641301
216.0537209208319,195.29808598422005,255.22593867951113,89.1891777454382
351.5855656652756,69.70371099638922,374.4997970861175,198.01046460555693
468.03940575203967,72.12213684949332,269.8518190905877,234.5375969678837
265.92658156720836,129.39138930327147,369.0254803120518,154.0058938843808
386.9822171803545,69.3029851936765,299.9917760048819,213.80751355002081
265.2163703068126,115.23014504660273,461.1534664219997,154.71114270438497
213.013244110852,180.87449116156316,318.7859894886302,102.82246460729804
180.16056806820308,137.87677539555054,759.3688614913492,154.12315668512448
461.84818663027676,160.69582764020942,376.4583513220365,241.94562702473425
181.75437864667254,153.2589299902772,764.2886430390043,131.1720022172129
147.66577889039877,174.61928550577557,660.4511282098086,105.17907685339128
407.6841869208474,185.47563854732724,435.36094011513114,194.9370465912718
294.23215516101095,133.5250576699736,669.30938924426,167.1821124007956
413.45146379239884,188.4758992216912,277.71358134447223,214.0861583993995
221.3282930889278,90.43044242265867,281.941458174114,117.44465584408495
101.80058061586337,175.0531318230627,519.5410871322771,75.17113493546097
183.48976229948,89.25577445421958,328.6135054961383,115.87360868515037
415.54588897658624,73.9806585932624,347.2921416934398,235.99850606844296
247.23305955873514,104.98009140706341,389.16643979587343,162.16878163107796
134.60185839808645,195.60682100665596,634.2425260983421,69.11865256052948
171.9151644668122,145.34529848991298,680.1424586064909,136.4582054078212
151.25652208824474,170.8849388322347,794.039495228679,119.10308245879058
456.8787854277631,195.0427777277379,529.4931814198159,252.4626228725288
255.39600718137825,59.31472483911803,521.0719013662763,161.51712008090558
476.2302729915473,137.47118284278156,709.5799389879287,273.3027268462845
470.32434365968993,122.23980357208744,220.3721081834084,231.88445330962483
305.33954723587823,135.66804947527686,332.80719729052623,153.19168250308292
400.075949264187,67.13841484462881,775.9315736234935,269.21085795919856
283.1428644441886,99.88451267359787,632.2300539748524,174.5798692242667
164.58430968810745,126.49287847764113,437.72781203346005,111.86041052998985
477.53827049021476,50.655128856364904,455.2742907709908,287.83448023737924
356.94755313247686,72.66645847454546,511.7281043179846,211.4993365326509
416.7197077897659,82.27507031476347,298.9756153341403,227.82260468435607
289.7005780445004,58.87963363439953,690.3855468686248,203.37570563458135
205.2925174985292,115.66935836211783,621.2533575190799,150.7814976444296
157.88602397098202,131.2453868053475,293.0973985722143,92.04661785381592
196.76104955201305,191.33052448571675,501.54328533691756,115.6299092554778
155.8559477826392,165.9779877276091,500.54829365885564,84.27350960112567
328.58624419151585,173.8486280128905,708.6211965395789,197.88576499121328
213.992608933837,140.61499375656376,404.83694367263433,120.93080403206648
499.4536532912552,109.34067827853178,759.3723211494688,312.44782243249
412.64050936086704,161.758032890925,711.9472188975424,239.64541034881006
206.2598052781909,86.35219122087554,333.41180464331387,105.48851624836034
126.36943233914661,151.44684630698407,499.09093312197825,68.92831843903855
252.59582293420365,73.99207467258478,594.6372147200041,173.33736775110668
439.70515848855223,94.23164309284388,498.1383498643764,254.67635173445126
206.1836552471533,156.6410156319527,696.5670335833724,137.68640763120513
284.60932666177814,160.87492717325347,548.5945501185274,158.69533165277613
393.36993921020286,120.7352959636377,358.66426641311307,203.5597638130263
363.8542170799908,164.12364469888496,492.42450068699696,180.51142281598123
259.3160638999401,161.73977376910193,547.3116310676178,158.92701723482588
219.03705610134023,76.48006685709736,633.0339878837653,147.76634755414042
320.81223692143914,95.28648346587062,566.3854926121152,220.79519019686785
295.65288913923973,134.05290433571722,552.6617555531509,189.40725381339576
488.8887581631866,53.775161980529475,399.8677610961513,278.51306826355244
125.4460012972499,119.80484822672501,219.94712556682512,76.2668132666168
140.65237298000088,112.35549945405717,792.9710013644045,124.48129628362263
268.9433662757517,165.59805838264316,398.78983235451153,144.70394748977813
268.8703627019872,103.56383167585844,495.019074530825,176.57804870395992
493.27461737767794,95.6222539183686,386.4533480089301,261.9325586067516
255.4624781696428,99.64407145704709,746.0071617732334,172.6959695272961
485.20473802870174,75.66740526786779,535.7565385065935,264.8921200816382
215.9415003447196,194.4766886071275,750.9106170439462,142.42261026752377
102.46469460245513,183.99096846172054,493.2578637166717,70.3865731687263
105.80090624377894,170.09413208396677,525.6677985839501,80.76287447572761
359.7634793362706,129.39670558709372,447.69561172537806,192.05239788366416
379.46195564142886,197.8348108038286,447.092146451547,189.19582148641362
481.6075547409794,179.83185986674815,394.56676081590973,252.5269123590051
217.4970618646566,54.242326826168274,628.4404726235615,153.65550752696072
271.7019744259003,78.5949325537889,661.3607882265906,174.65368084833415
308.7713741187441,169.6279290106417,547.7910865930301,166.39726672543526
126.95178600953602,80.86651444711461,482.0970554842373,97.67689982402328
462.6009190307738,123.42799180862356,474.46481626707526,281.9877812356007
371.5024422115604,174.98972292974432,343.07449088146757,186.27495844306063
178.46592710059508,75.10734716783358,312.37757922966387,92.41199045724161
196.6410570034692,148.5093400489647,658.6347315735477,130.77011006098226
330.71819712893455,186.05994511181797,253.345894059515,152.10363519124198
465.60757819684306,134.4176347381445,586.2659275776593,260.95829610178106
355.0051567447356,129.20197420622452,687.7355977667082,209.3926665370485
378.2019692773268,169.9273497479308,431.05220883937045,200.2521835154214
255.06132069534397,93.26682537710946,778.6779814426743,191.77418971295086
446.0045612591363,119.60637065598236,490.43643436501156,239.57317335635426
153.55443028911625,193.88288476349587,414.39682421943075,89.72456059198747
464.29276085295135,172.51184610662474,588.1298175667237,249.9018659357823
427.9067670269347,91.24984042856289,310.1714605827791,201.73361645521555
208.5170608745954,116.48277976344798,326.2835881581755,112.10606082304831
121.77586709089726,62.89936716177903,230.79678393241815,78.67790507216431
371.7445340113683,66.2122648044635,272.6627409023232,216.50838921617213
446.71512105103733,173.09933027986762,731.7270321185196,256.03866298738234
432.53644027160556,50.51212531773734,428.78763700899094,233.30703386969415
154.3454569547794,199.39107216454588,540.4067507311613,112.28301192238916
177.65506982021725,92.69989280464156,599.27091014847,142.83151712644593
328.12916496029936,198.50349183903393,414.6119460572006,168.56618547310413
326.6705079473232,80.69230924508793,548.0994770391969,201.06166130224878
226.80369963880796,164.3361799691992,474.65926116592254,135.39033662908443
250.9747671138968,121.1825549367178,483.8768296364182,154.54645649994873
178.31079927724448,161.25822345564768,495.75629749518805,100.94377228978637
485.7625672324953,157.44132752995324,661.8215142913848,280.39549988520054
294.57504873447994,77.21673302766462,475.4799422770126,169.8030141871793
101.39545020575315,76.71415159390756,751.6395617932296,110.29577746653003
100.98815784500297,122.72664106038549,576.2151096908813,89.12861542637891
340.78077737395364,118.07546322090873,392.98680162621264,202.10017646980293
415.8488502203441,98.20340554907565,208.11197932023416,204.19582960894164
220.3789978709414,174.9225384822591,604.0884893171101,142.1245453815035
131.78618217271924,148.68379087224218,264.9176807893204,68.28066723561051
434.54904674669217,103.61426823894159,594.2673651332527,264.9004724961116
179.42860625259965,118.6710291388229,798.3191009155013,141.7140067177106
376.2167803370879,154.12509630194876,394.9816941512796,188.10159491772373
421.1264366303877,53.40665584956963,374.1193902459127,225.0208198883766
296.7336258829498,74.19970769797247,528.6471840327661,180.13053382136718
478.6819525208069,178.59125774569773,609.9518304212237,280.4973468725251
296.26227625143565,172.66016032365445,683.1421388854428,177.3114623750155
332.5976600716327,117.95626711056389,483.6298845931182,185.8932542526769
433.43095636539624,190.42754700672532,402.2288255408645,213.53983361058235
478.02997023152926,172.4003579022671,729.5817359211388,298.0530810776879
253.4402860980336,157.3875216259346,690.8780264932554,154.11057757377557
173.91693862180477,191.55856648535095,343.0661810772692,75.15001905179642
402.3549800300329,78.05604401561386,521.2090685491773,248.1748948805691
126.360818059496,95.03003735232389,475.1384221985797,94.72459779832947
254.8731492599038,158.70878131125477,653.9718940035666,163.66414591175385
108.03184283877366,129.2535520844778,634.2882494490573,80.66192295931958
432.2286321248535,87.3784403295663,747.091782791393,262.6926668982635
475.4754477640389,190.72758122615647,259.68650797543444,217.18209430197348
420.82612797923,132.19328437247825,637.9521282149981,246.81951731315593
324.1004823818306,158.86396875311698,386.70286790245706,146.86989724762427
397.55328419037573,189.48696650114803,301.64208709793087,194.84729566766086
349.7574714962366,75.81403791475283,333.2018051263708,187.13281828617886
203.3754608623735,168.66715198931246,383.42806222906324,97.93319973316434
346.4616719768973,185.28676789634028,768.0189516011385,209.40475909255997
157.18297957909732,64.79951863171938,706.5391155610221,150.6405068602151
123.96047177848332,199.9235598096638,620.9780933117015,83.15766375336656
240.0337866064481,88.95806903511257,241.27432863381642,139.04515364584483
202.05909861058262,194.2247265808575,712.8247755344037,135.7932982113973
143.98435013595744,181.14175945836965,320.28287476887164,70.83640011606337
338.1137902253205,163.0050935335897,776.3313259406426,223.82938302229957
323.4818412543424,85.58316033050801,381.9391242337738,155.25669728715184
405.1376704544175,91.67601881614769,515.7923771701062,241.17784513555276
426.355317778505,139.59949769226853,461.5129645709974,248.5254971782011
345.62801221993686,130.19795993197246,378.84824562991673,174.6944384092301
270.8468932738321,121.81769585903736,452.90296441077203,152.43999884902834
487.13612470110473,114.82631536994151,329.2731361515962,253.1748307694449
446.38685287111764,122.55448466009632,597.7794796539285,271.1637137174472
282.87407252688774,199.94327403776134,501.75233355061863,144.63189311334648
427.54723542175697,153.08079601955848,327.48199073517725,221.37481818940745
484.039805249731,143.00796675087116,542.7674624905378,259.611528226104
219.16026709887663,114.33910032573303,342.4376786803676,123.25347035837487
153.2839162645537,152.558019855376,400.78209701800506,98.47577792311577
148.98477703874332,77.49729941136552,772.553891486166,129.65059006094128
243.17770623831257,172.87446855325936,672.0255992447837,144.01226114987622
138.24055891760932,114.95397662436574,213.4012023329258,59.7795349725536
426.1315470697125,159.81194143855612,443.83293727327566,233.9155834601772
429.34473587162773,127.40850730828484,307.6432892768412,226.03235210353964
319.0875395306888,107.29394423024758,734.2362038207867,209.07074465700046
117.97252833704243,175.18033506899263,753.2438931627979,100.06372243685031
400.11532448829917,52.16915500415054,436.9905052137664,233.2463371032249
210.31334202346642,170.71476236104985,390.48101522687614,114.87567388232671
156.66388925120546,96.97371501419155,674.6643807351882,103.69464226045514
446.0760864095199,84.649251380451,788.0552795540602,290.7855227076894
118.86635735640371,108.77883869688984,539.1171047382106,85.03325164366866
159.7787951419906,127.31502574265517,246.00302684201424,68.56201468101577
374.76299288913333,85.50474976168087,791.4607199666077,254.83013763497115
177.11987013780526,74.77220518156608,281.4673314556863,98.08662159758765
277.72724483159584,174.69058885977628,782.1207265593516,194.5386101170335
195.2745677976697,163.74220980779842,334.6472380575692,93.82139314055765
473.2742417977359,150.80864786682025,342.6153194580363,249.70073455799763
220.88301970812597,140.6898130009228,735.5950986709591,128.93342820164077
242.4756124094895,73.2818634627004,359.2537741973123,134.6741752406574
320.33043637819384,54.36817449938303,337.37689845979116,181.36038940755236
384.2114248969002,89.4304982562845,207.58170295876675,196.75942584878257
347.7164430919452,57.6504445006393,519.2850624819515,216.13758534626666
232.33667074095013,181.85439022594036,765.9248725323173,165.8846661477512
408.52245675031236,145.47936315338308,347.5474849496924,211.26525737138175
182.85185243695366,50.90303914550881,628.2378930411094,147.20358998265962
300.1292471786003,86.1178513430923,668.5642231299313,201.99240087972237
155.1480888855291,87.2783676581064,510.0847492190945,106.94766840851207
122.11034944048578,88.18597418041179,322.43765138217884,80.56564313200082
154.52496939383295,90.43280755666966,750.113991840722,145.86207144875758
131.32748362030998,141.55985065042145,215.58535480148643,58.49676207455711
177.3095710829886,120.67176089055606,222.43162225101577,86.29766340131005
488.2238534952664,128.84680834728994,379.2676274798543,255.1739798907274
495.13422819872613,156.22617622099384,770.5943444101254,271.49120839814543
178.49114856969447,195.60170062390623,313.56677536252704,88.715941117922
146.30250794497107,138.6272679736992,286.0742899131448,63.99385541840648
480.6450852412274,76.26898231681147,343.637848816631,274.9107625243787
282.9186164653448,59.783563566934596,742.4417645609296,197.5893607421995
326.2744959821117,92.74082917137252,681.121597868095,210.17214403126047
127.87146001452037,177.91461634139569,223.0372195094428,50.854144714992906
446.73641775297443,99.76155993171868,237.70894451612747,217.60589723896783
410.1189204836298,150.27440092222952,753.7402752065965,259.6251308424594
148.92348543242323,117.71432505283033,785.165390267164,140.1111816957773
157.2622032130552,96.44781754432233,560.1022116756353,117.33727771265376
309.9650729565324,164.45163052035315,276.902987944798,148.04194681114004
157.81912183886865,152.45454949047627,551.953688750807,118.79158252315231
309.31155699157443,136.21504123867697,654.3742329550377,206.4260925011938
354.3345511397513,96.83584979827144,645.240126714684,232.30947144211547
380.45009692926743,63.43474680977577,429.9246688971635,213.8620332623908
232.20789645042595,196.7459488833674,463.64451457729587,125.81964313072079
415.81555381193374,146.62111225140774,734.6672971697288,268.6075409662277
288.8262093281443,74.95174648113345,210.3505066160609,182.0332409043392
301.2915570216425,92.84984504879158,447.95410734228074,181.86561310112873
397.9214805015187,73.20967869484215,682.0234416651692,257.8164141965545
133.9910364429465,106.65982677844352,370.7551900173479,70.73290153067109
449.7244820832288,115.94729879411075,555.8411271507256,274.65981548665053
202.76104809378978,185.46692850274735,256.7804146284255,82.99755567750717
467.9663956999171,169.8167916275435,371.0562268233281,240.08023573576014
356.3129643545606,79.2661523833909,263.917986103084,201.55743809256728
293.3746996772441,193.89150052524522,782.2689803654688,194.5417537194963
223.43659120357069,90.18224178251262,463.1215998788446,160.50676805400423
139.27723293197892,79.04303963436509,727.9770754374766,140.69470484599123
199.2888918325043,77.7776009337085,587.7864219141709,161.8432522539329
392.52190552757224,103.88993753847471,560.2785962621697,227.35380379934895
301.7981825550204,181.58895722923646,323.6080654688178,151.59498222064974
480.73870143131273,69.2439422126354,215.0348837728688,240.69282893100203
421.0870189680434,192.26155612476617,292.41840599763907,220.1419935976338
454.5215451279573,122.04247060080222,524.7141949931568,258.2271375138075
231.2639780736001,70.8522100417438,664.2202075500394,158.4381955533235
104.53074015862617,108.55676677072702,253.07539921682917,77.30063274249915
261.5957683180344,186.08141761158092,715.0561236194918,158.8688410535183
171.24705396258577,153.84709711727876,623.879727208327,108.0600152135788
206.06980830273972,149.55024118036522,411.7920524966684,137.02067348676172
458.31820691939356,133.01967494324884,737.6578959465437,266.1597399049791
282.86364251207976,173.1108513066465,269.64817559753993,152.8488048759395
316.6256003084996,124.78907116387202,411.14489303395135,173.80457924754322
306.46570314179945,160.47666123710877,260.82642432776856,142.35560949628962
382.78874632547513,63.08466746393437,327.02560259871086,214.82313289814525
440.4597547274224,175.86792150240137,389.69464797022636,231.687400394457
457.55295624564314,186.83521076007727,535.9209726098911,263.47022678163944
482.1160068056429,142.01545488247342,633.5091657512567,256.24205861415993
153.02218976527175,140.54231105420953,384.3939625063262,68.90821040399284
497.18696865370885,95.97175598906558,486.7179038321495,271.82315208926343
317.53208868841216,116.29297955722815,245.61176884417944,176.25462185941913
146.8376169782652,81.32970916116803,329.8565098341007,101.41529546209833
140.30396873733665,112.0763862953954,242.97741853058736,85.3219051123285
159.41358506262122,120.86153529275066,438.2872918230273,103.47537049855737
373.5437069747212,184.1032422396866,219.03648276457773,175.44489874503583
312.7376839220797,133.7406658272248,792.021224466855,200.30722047368158
154.4515591103871,125.69726838391954,630.8354609082394,113.5637369872105
152.73717798116238,108.49149304562648,476.94588593220107,83.16949004995631
281.95272263133364,78.84439681234848,765.761776080883,202.46540310145116
121.75899358845913,71.46882556808733,240.31306850428322,73.41119585796473
301.940597681481,73.64554868704606,619.1722310653681,208.02287392052529
387.24493815810143,84.20026260641104,634.070162421562,210.02693360915447
127.67043012148598,160.30483383142803,713.534339477432,110.17797467897766
193.32543793729502,81.5670203704631,405.21001696979,132.48439581898356
428.97407476008664,178.23535445725733,381.6907390078409,217.21348787131544
401.04132723464386,82.11037535767137,714.9481058179123,241.49562678514425
471.32156989812563,176.52071670089595,711.8384531132021,253.37703326094768
221.15104744756206,128.5978666319769,652.0827909920766,159.75280683589497
245.95651776135625,175.30567898730516,658.2272939213863,152.9093134592349
443.9578979803231,81.81233788601938,630.8898364212304,256.654222906157
109.40275323131652,52.24607840667361,296.681959528574,82.34281046055611
254.28325388046437,94.17750601916075,566.1224507855311,161.15346312072785
357.81685360612835,191.35893585339082,465.0549236020427,192.4761779322385
221.74156763217275,96.25098535846823,233.06086606399188,118.49028218223124
245.5441916046272,140.3417364591288,668.7469102617448,159.7087477734039
118.85419684785168,52.50791432467349,552.020576032912,96.61070296197148
430.0812597826776,173.84786039037334,320.843455170716,211.83728639796146
168.02366480623522,182.3404493202783,571.5176488372347,107.72500312202835
295.1147126782446,84.76638914106776,387.10310971706417,148.3591924728234
368.0316183952069,184.26845598330073,780.2184090715747,211.3899952210337
282.3538533193,148.65211006312632,729.0111402996878,177.00649314862184
413.06268448692424,53.76634174252622,589.2245985688703,254.6138422345415
424.2492277293929,84.17523682115252,287.93156114492496,218.63360053345858
485.85829956954365,70.23794339539181,717.9731859426847,294.0549518891912
242.35473429851191,97.03209903537366,461.8002328181386,145.71849225630174
242.4012655263403,55.77802158453081,500.6657835238015,154.83600831795113
249.5058591679518,120.54252227313185,774.5205363524828,180.13681204789177
450.73412818040015,168.93659291365668,780.7022666460468,261.316500263986
161.24768217903738,180.49986380290372,266.2984204707146,65.65835776332123
319.64123619305315,158.46138932307247,358.0000356357217,167.69594003147992
411.55992128462964,65.54171444743857,482.01358180205744,227.32177708567934
392.37193435033464,80.62630219586816,286.6308308951591,203.2138786408089
431.48423521811054,187.68760780645022,463.80028510767477,229.50000694305126
340.0550960852149,88.39098728998701,698.0015615134957,213.57933089147497
443.8212626076067,72.93975775024586,407.0023511905416,239.4686377706921
153.53380789808176,114.83120154669112,670.66396143981,122.83897642577617
440.4466718456034,155.68161286948705,392.82552777957153,239.12196761078576
460.71592307869,141.92169959505804,374.62090621910977,240.02582024670457
416.0239585491419,169.98934273195408,423.1126967294596,215.21097921748654
117.92801835223136,148.93211090233623,722.7166242764445,102.5567769916732
353.16836237375344,84.48996961382677,547.4747037468333,212.99811040913212
495.9850104393434,146.1953653210559,684.5172823773839,289.6455085663402
173.900606510248,113.58641461362375,729.1680818519353,126.20060235848385
435.0390169274157,153.4265107164135,680.0058462581885,246.0834501500401
125.27224860421273,122.93881544122247,386.66550360069454,75.76703327222076
426.53370584272716,89.55903290699933,315.5729643227827,236.17360412530044
219.41396123128393,186.02394277055475,752.3311752020106,151.99822411476228
209.16552549269903,116.47823953053683,539.7380675092213,119.62740483624921
384.58854362569275,59.10044294150869,297.6545231199623,204.93686074201344
494.3831046664701,54.187284970255696,402.4240970999928,275.925808214023
375.0952077692696,147.741054071551,225.19404298702406,192.11839219804617
194.00553011767437,130.63737897519502,310.67187573600904,104.79698686202103
387.9935007769861,90.28605395686375,204.94811268624318,202.57316830517104
242.79225610728255,93.40318998871501,368.41062868286144,119.28969512167347
161.21459317030173,66.46964389672556,345.75573960143055,97.06045691612437
109.84808290343891,136.14447661229354,237.1029211374136,53.95834901357143
218.0901547859002,158.98994083481665,652.7511022281234,145.6346547361554
402.64607136910706,163.54307944233804,394.90547924433133,201.2516226914595
498.4555321767255,175.17777523631125,339.48963312353965,263.74744322241946
242.14026247774223,60.591391388125516,671.1211075208175,178.52058872685606
164.0679730116985,133.05189415256254,548.3794423517179,103.66692309501734
148.6557037686143,153.98425923878108,282.87351170110674,71.58443705998481
459.71288998543685,126.2148292474,555.5527181314784,262.9060613561315
481.39211295911167,153.17058339032542,214.94444350726556,225.2553946411893
151.3314861144067,92.72826131962272,717.3732282199378,128.69517050956446
235.91324433562076,108.1014249536418,693.1048854298422,154.8173155486494
207.9175373359934,175.57479186347817,535.5829864257566,113.99375525404649
368.19742891643455,136.7277512356152,599.5488018940117,218.58933122635904
152.73175972355247,181.95853387130674,448.1434020787463,94.26349630679205
162.82418124115623,183.88790771662042,676.8813087140247,118.52883692800208
292.62657653873043,188.83422017560648,228.69216439775553,134.55295943732625
310.4465489792849,109.26604203028592,574.6683162653424,193.03461683273082
203.400950677681,136.17944298728577,357.764765126641,113.5255063069794
130.2624645100426,90.22945362504758,259.6264899114335,63.84484257710258
264.9571412811299,90.00753615410201,527.6039364520541,160.0192793350872
416.38945660132674,97.80573855102782,288.7609992088768,224.47782833677016
187.15666869537705,135.53251747519067,760.7969767184666,139.7677992262819
436.27064603820816,121.26154003413022,366.23765800055435,222.56876032788597
466.8259917674842,189.71813483493864,706.289396884065,251.18686881213358
279.8215491012521,73.29251296679644,326.34912832207937,159.55098148449775
136.90493194719826,69.16271029761994,737.1303137240114,127.27039829057048
358.55771426386764,85.08622446667567,412.09144178669413,194.33449791111786
355.53418242221966,127.4228297177862,779.0969463168349,236.15918258293925
362.77293874817167,147.07237674002334,282.29492444084417,171.20899898827383
324.6407020468808,189.97551040331598,272.130609359803,151.22228362201858
226.14155543501238,68.04659175983684,586.5128243930077,158.85788356161132
357.38866321354,167.0594981856603,416.2474900473801,182.22199445366104
363.1842049614433,72.28873600977846,292.0419481194536,186.65643417660084
423.864113945059,75.61961434370114,374.1204566652186,241.92436963408957
315.86652196040154,51.43032329241461,632.6584016118084,213.15642774251637
382.9621402578721,124.36406919406589,561.0368183367608,220.67041299068904
336.14657326148404,56.844321279978395,653.9748057010638,226.92151377922232
131.7504871245828,172.7705261138223,780.8587884188158,108.31217992579695
360.85567937586,192.457868208523,201.14868154815957,158.04197615286157
104.98464529494389,68.60004272824465,304.5049154809809,68.57897087919162
171.91175750505835,171.02149907767236,548.6816625887882,105.0853726312146
208.8795097648902,142.06298536786028,693.2083410236513,163.0652573833391
221.65229767718935,53.97835214385369,409.6754184156904,149.50582428811748
195.61625758766516,61.240499832459285,330.387437123853,111.67204238877792
192.10441274476085,79.87626569725045,558.8219322959362,133.8195181789635
410.82328285454895,61.12408917664475,672.1405352984157,250.2789199256871
396.11917909628414,156.45175784468515,576.7585246178862,227.6397226921194
118.38949342549569,122.70272729341481,477.84665750755374,94.32497935230747
370.5105765260881,149.21218240136147,687.361163872602,228.33338901693367
133.80901403249123,116.63879932670466,566.3356294604284,83.37753656304483
120.58459835826261,111.97957020411997,446.4664873231345,72.65410887732256
190.10499897920147,106.63014585637384,257.73625216561686,100.5815916195085
174.28364988707273,132.7098205531148,737.5727656631423,138.71756598604466
338.97422949186614,150.776183501727,595.288809024274,193.29926241730087
405.67173176419055,73.24147092995699,287.23397593562885,223.77506772353226
168.56720150359405,155.12502635707148,742.1426259744286,127.35485947051625
244.7084055480256,119.38189945000414,217.59287859303714,126.60874313397977
285.7957386689138,71.62318498142261,592.8929677471717,187.5366806974682
383.3531034996776,153.51462325930328,397.0675031481454,190.79914452036653
125.05880738286498,187.27845426880495,652.5448827166545,103.41160869091266
423.8631630849337,152.41005725887703,520.2547280723392,233.6792558642692
309.77420227861256,90.42541042182172,394.2861344973554,184.87314372926946
253.0576544961597,137.89482545365053,235.4745583955483,122.52567958054503
126.24411326378842,181.21413660311916,211.67623323917292,49.466335787867884
354.2875063588422,67.59663137225586,289.9102367953583,186.7590109436639
270.34213820751444,169.61214347686206,523.6089120431752,155.568671997365
452.9596022399384,102.1414762174011,438.1983964436796,246.44938742187216
216.0289327952233,158.4525398323544,678.1973184224134,123.60865888551368
328.18705620374317,73.27446603777017,391.0097945362873,193.05162868071938
104.58018937072424,65.33230020382749,427.3971814366904,73.7534681322376
322.6259296546514,121.00462353116492,284.082273948959,168.0069299950719
473.44541626496374,88.81224728377012,706.8498286427009,290.7767379849027
248.05510744976834,193.28359749552905,569.1678760098362,138.56936900516772
259.2865403361276,193.0128288503276,367.290541193801,130.89726062498463
363.7890800937432,62.598880912845146,439.2943939925916,218.80142730639818
338.5979089827429,90.46270593166699,613.165920336659,202.6194884564975
129.0700255923668,65.22588546344356,615.2178734704734,122.86709148884303
175.81859599637818,73.23740186441465,746.2218455839005,157.55710255314455
489.78314537698503,124.0779702827272,754.4000221251008,302.54072184272997
428.58081963814794,91.54949090153778,459.4901823853542,232.44945691506462
381.5146542574679,191.07163102387273,313.2731037105244,170.74486701624127
291.22124782842207,76.48456414286734,233.19854445350353,146.54761345955544
317.21955249255996,65.48380745758331,297.18480387571145,171.86759811990075
268.7207175091241,167.64898432615365,208.38885922509752,116.68149504562712
247.07579781052743,119.81601193861002,374.2186351797066,121.82996118680785
427.8081468779309,136.32346721070456,305.3567246624178,220.85063790951952
379.82909091143654,81.17315197361515,347.04016280918273,214.28726770045432
217.58266055916144,181.33140919608869,363.0507507505812,118.59696515086505
213.6674414584556,115.85243576044006,649.3063143590343,151.04482250724385
206.26141799295755,119.07034634963343,423.1486420107131,122.09033274689156
330.9285416941701,121.7927794747846,322.9816164199379,158.62893747571823
157.6047777735615,83.95442352644929,570.4821374730018,129.24514023578365
228.3808685660519,73.43960701686437,424.20172415620164,153.45226710108034
421.3905352220939,119.40136333910267,383.34892546733414,246.10163334567775
257.1253514623398,53.02033492289665,635.2940257571104,182.45371970143196
187.63660664381297,148.0860221601792,280.30189540544,93.97275043801567
486.2924800485194,75.5053604639892,622.1651125016037,287.11816428134017
183.70951586416993,89.65837355154531,671.5103993070494,133.4018001748295
238.1217313713743,63.40421664406384,231.3980948460415,129.72228806638952
233.79459225095874,71.91678416953144,749.1041888276413,181.5895134935505
457.2392275704322,91.26901094777281,739.1642935472482,294.8349048782766
224.56604539199586,145.15032807110435,269.19446938640294,112.51259499408516
269.88817594820443,86.93948014574922,318.5536551440413,141.65289246359606
388.9310637002881,199.3058904311265,327.2864233203855,188.97149599720174
344.67503198150337,130.28034016705718,387.46494882063837,198.17036124312767
313.2955234100793,70.9980295495684,793.0994780740085,227.5917023137017
394.6690997514776,165.2264071506221,793.6566207647102,245.71180965277316
153.8358035969149,143.91642760620567,287.8534951591581,102.93393636495084
309.96410849907795,171.46339693743278,433.9526673787033,175.42979578037952
291.43505996339377,136.84570201280135,261.3052279987395,121.84349408151257
403.3882411083659,62.453616957710764,743.1871869514663,262.4426743803341
156.00045637056718,160.85731754920846,439.87517233204517,93.30012380787926
195.33397386137335,69.48699906575115,601.5153248057778,150.74559706112817
282.40246283705676,151.68501095346804,402.1615107291428,135.98397397279746
332.2522685233117,105.31480928245722,683.6224817036918,193.92938101870567
144.83053227552327,196.29591497502494,523.8019795828376,108.61125105221774
148.23417689080247,115.09665284556128,351.3532931394233,76.18048781865153
325.35592032487034,153.3059177822871,537.469916643556,175.7226851484796
312.92098092843287,194.8305140886966,444.7637787019724,149.25820819778673
383.32736071722536,142.99805996705803,586.6588937859615,216.0735693439128
260.93906509502256,175.3684231922199,395.7176057349336,123.8132871495653
314.184631062083,176.9706853550224,346.9090995914166,145.1118519033599
462.057307731977,170.92706139713187,652.925327950028,269.06753138249184
181.4968002188724,59.87430356850581,335.9826337387289,111.14627020603183
451.25369148963506,114.10622591040247,539.101510470981,256.8618204532195
486.4844313405847,110.63956017309057,711.4453468744807,305.4374890900839
143.6095332801317,107.81839460601185,625.8789574675122,99.56626542358063
373.4776740135888,130.8294174496071,423.7538077593265,202.12249585906787
450.9539715216336,124.13086413699743,229.03610539364672,229.29038602487958
470.4482926312818,55.526401362065684,474.7216832259283,267.36134944636007
383.80292567435725,83.6940481254972,273.29276652463864,186.35587541611125
172.65049742146314,193.4536265597831,672.4308767827774,104.92751439500229
368.78155258464705,103.1231382109511,600.4174475884444,227.3741958151913
183.54313936153727,53.682941294979585,394.82901561806415,101.3983514405202
316.02696823110693,184.3965696064632,343.51659206488546,146.23902596734936
329.70515102377533,128.40920926392798,507.34186345088574,197.98388285620004
393.85009883089634,57.794840957943336,614.5067782868314,241.80269269056743
361.8605553545756,161.33911779982435,209.8235579341243,172.02541603933548
229.86779772190462,93.61874046075505,219.86205869044485,115.77038055386237
255.6068051554195,82.52356820794002,225.67992315717055,137.57104243957377
313.3607973631535,173.538309655437,223.9007527122449,148.53629591108353
279.7754659896365,142.9017685665569,791.4079052304633,183.33971291309845
454.35932208116515,167.66644879094088,489.23722428095385,244.31861806119196
201.78042495472738,171.49283295471986,250.09447394084341,99.45853344813175
286.2803767857017,166.26654850555724,225.87005172369848,136.84292763964027
102.8437221385746,102.96250697309428,685.8920981600003,101.57142169411676
360.55649654476775,126.38361191402089,482.39090928113006,201.21108591713372
431.2641435833479,108.7038367077463,387.4420885735241,206.7302018232617
472.7438531995742,142.9079270122248,458.46745277809265,243.12002507063076
356.903996145529,102.18429471968636,528.9006760362561,233.66409010019964
458.14920663348227,73.9508425217432,206.53489811478357,223.6437518649085
380.066581799709,62.36120210586769,669.4640057771041,228.7627763484596
338.1371640594847,51.74001156872868,566.4784569399806,209.58148041184867
119.45678189412278,162.57036006293976,428.81550557130856,65.3325644066549
358.3555701040997,116.23084728693806,719.5257703107953,226.56691233135834
468.6869829112719,137.13017287987992,356.0476950879844,240.8597809447903
294.05950982827295,66.79063264148708,736.8176499861771,194.6422740210857
194.6854084765789,107.73604796404919,379.7497489896891,101.5633438603617
286.91366009142143,117.83567576049505,280.2146679494983,158.78531729651488
331.36893699276595,101.27463382712708,205.6109874493121,180.08512727249663
450.5916524739355,82.97945938322857,319.89435546981247,247.0804854495971
423.3440809998591,110.71806960904034,624.8526352989529,230.3084850677165
289.2220109615272,164.16872661660983,761.5238056141804,191.28025005744354
156.07568524788599,107.94139297560986,359.67179988238104,76.37999633100955
475.33767800842793,132.53502938006045,554.6457687915881,266.6372134162078
150.1421356193202,71.43044563528383,693.7538889200229,139.94405630314964
148.24706898767602,155.84852479483536,423.8936948412078,89.09069711113392
205.04384600518443,84.43919887989594,610.639964472045,139.79600772858834
288.0972824113375,198.1931078557821,369.8275289806938,131.84080200047424
406.1408669809441,169.26844063479598,204.5988520316027,177.15434115113894
357.59298836178573,182.95687339609424,440.14576078504,160.4981727165314
228.35626763593658,111.41080495113201,664.7258850650808,139.32707367305292
138.87857752748732,146.54272207182757,771.8790166680297,116.1765633834127
333.1590348795896,71.20872336692562,582.7452630351402,193.41671479309844
222.30890339775846,94.11796889769751,324.87351885930065,118.63261608824295
377.7455249963885,172.4941061820162,252.2019116597108,187.90126962402016
157.87376103814225,130.25874748119523,731.4211172870998,130.4285818874007
474.1592808294785,172.32318514078202,265.89383401015664,217.40973586218587
454.1976289979012,125.00585632365485,543.6951126411163,259.1365538958609
317.5075977426406,131.62832042013508,568.752494022792,186.21678291943414
369.5772715847749,183.8157442412846,690.2544685417415,211.79734889508927
445.08374103714715,177.33834882156614,358.2718573391837,231.7945789547783
260.9630978068683,101.70292451457273,413.83787505441774,163.03864502817788
381.96995181802663,143.89616451226982,260.104015558842,192.26537782259177
401.359587386204,153.16322327542628,290.13515127077176,198.40216781611926
227.64701714500143,94.3474869328197,414.30556932263835,148.9579483366136
271.98480184283494,69.64178476467626,260.8254446828403,152.58718091506157
124.74547670930983,151.75220010003895,654.7166334211034,98.73476605888656
473.69334736847594,140.29778653991883,452.4400001524699,250.5479596253458
273.20486322595366,196.99861810947962,208.72845612376958,120.44439473974795
112.6140035641888,144.46972924039477,428.3642028254876,81.4546162169941
103.95414937782905,99.5634325691165,327.65384128098196,53.465973299585166
111.92642169139751,133.2219373740863,415.55360505785234,83.28255267127764
163.8527708438635,196.6815668267965,349.87043506811324,80.70955790406781
264.95523060469714,125.51229592342206,456.1509419722125,155.07389487723222
248.6740789717373,97.4645323940568,238.97290672579163,135.6911600361589
133.89641813418626,96.42171093911365,546.8376767877716,106.31577152284824
172.7684597737471,64.60620602847195,376.61049224368526,94.3757445875907
166.58878021644105,73.51067393020642,287.89437083147743,109.87670053347311
212.4863840852118,129.40784822440435,568.0487019380322,145.809598640528
286.1114975894783,86.09702163266812,617.182811889563,187.31520365209028
168.61103121151427,190.27096298831765,633.7919769311525,115.26107548012605
256.33910161615336,147.9346097555024,252.73342614425997,124.46835122321873
185.89369640853658,187.47723285034036,374.26242236042197,95.76826958609456
329.40905614383524,72.32565983486428,658.2153025203602,198.0295388750177
111.01642841130759,128.13744863065335,354.2371948002093,82.56173930028353
161.0593163804785,199.98460983124318,239.01670811108465,63.41202268740189
374.5714428514405,123.02857459644378,236.3905400470241,193.9629491439644
273.2872867304699,115.08638444944297,462.22311516632425,159.4166939228148
260.3662330734992,130.49250360722147,637.9551242225947,164.4148552903842
126.48919995149615,136.42923621184724,451.25132642591456,67.37970854030357
361.86279680564587,138.8477625337295,789.1894515783184,235.4811370352075
303.95838423980507,181.28071891364988,497.24965551307145,154.64615579286678
134.62599102784623,104.85872226434833,652.6893504832203,119.79965364208532
243.5277755674215,113.70685435287515,474.9502188195676,146.67771797212288
294.8629276258434,100.41562175291111,590.6400156190819,185.79376315846199
370.49529604548303,132.4604510865259,495.82620866539395,216.38563733839112
236.4516795079007,189.04891996764368,668.9718917525457,127.2378047097148
239.25791476030474,196.33719112733968,412.7962366695183,119.50312801150069
243.7823147865216,81.85757161747588,513.7311621408596,150.20073501561444
409.5719843564419,106.44592335265477,583.148656434363,241.00301816442928
463.1668442514706,119.42433174457584,350.6400380568482,241.50732431933028
338.3316909779798,125.25863058548047,234.77822194527977,174.79097604642777
240.96315031565592,101.19488735560068,557.9325830520067,156.59183689724819
122.65036924202923,113.03230054799965,461.9644664929534,77.60155594147493
483.5718587576548,65.51668689371202,655.355563419346,293.24430681120793
408.5904611196435,120.92277878877299,215.2656242446835,188.0850049451098
156.47581951653416,133.14174610023963,693.1722679509489,118.97111985762533
313.9577889893561,75.29407956704519,706.1255986267297,208.9826039577703
446.07138750043237,117.14412393987644,543.2098663663454,253.92758902710116
351.6083729513234,181.06689716484158,394.1071718420211,197.0001551887309
309.79917012215526,139.73375063368837,540.5092741420901,186.19167504452474
390.915722455891,102.75208529396659,508.6589893627603,218.99107820941538
118.42069154188017,68.08766417415346,210.74648861770828,63.36504570959601
163.84885599644764,181.79834664381573,720.8003691746097,123.14319541974294
145.59372541244807,138.11790921958962,352.05702469738867,75.99416286849488
365.55933510588443,81.34766804421093,329.8392316111337,188.48931384048126
452.7366882832965,151.31539454515817,261.98824493292466,223.3864967141775
494.9170471441775,109.5227049429246,641.3490122717401,292.7302708588937
442.1384564909464,188.15209590967854,498.1000905093362,229.97195247758594
347.89305995511955,122.22997502365851,400.76694160863974,193.69963732316614
174.71075611913474,182.3937580064346,728.2075761328265,121.57795981900242
114.25821482654821,132.1053489980531,654.7527143331129,99.09139497495413
495.7441586788778,90.94209970092379,223.67053408464963,250.23528360558444
132.0593628033236,184.57438388816982,375.21703373419064,88.55282992496272
287.2275271932799,162.0263662576972,469.7370428034702,167.19182644016215
354.6727355434515,147.41398959796987,701.2455578047552,212.62961771914564
174.19222114683262,88.79142899183812,729.1389536554495,159.70516649633853
331.6977426412651,191.9639505287638,607.7414251674957,190.81623569366522
347.0189094368776,120.92082434831673,237.14634489447346,175.15732736806112
459.0866423192979,182.04456810342518,467.7960922449489,239.13979321357996
256.19588463971513,199.7500647004802,740.5271282088835,158.04800122222352
170.91414676008304,190.15817211724016,222.30602211752665,57.17622662631031
382.7670725599875,51.85738549185203,330.2539735332062,199.0344163848292
169.44283925110352,122.6741355846569,227.26364544847496,72.67812269854686
247.30465321981265,166.21558286668,207.3296333003425,121.07836515846904
477.23931208182466,162.92120189942642,241.06335295339926,209.77837427454156
104.40284980073562,162.76599789893191,556.8532322317767,68.20876275783655
439.4036420217865,63.42492744994719,728.1260571597587,279.19766141541766
285.86550901079465,159.23497976919003,457.568359484256,179.51296205991437
396.34741549808587,108.90141342788132,538.7550873341593,228.58861508871968
483.4179767571223,120.5507424667707,561.1923366840697,267.4407338342756
299.1132201624441,67.39622351139275,777.0610813987622,215.3131333941943
467.18419288148044,52.241877044546364,298.2218145910732,244.366776362311
156.38093249866137,128.94660937959674,469.5853146231775,101.46057886339592
454.834933171948,107.99992453895135,736.3179651468041,282.4532761249651
421.96035007267596,124.4265614968311,746.4956664081435,251.09661353326297
117.43857267033925,95.41177259892146,726.573182110873,112.25951627289223
241.99195360027042,144.56314643534478,737.9840455568377,159.46389808276356
353.72387029163747,67.00540947164049,482.52920484243054,232.358344209952
145.23006424502793,155.0113488099658,233.75248552606905,64.77204406458041
114.60170482292415,128.5616616308101,790.9718108782689,126.82531029025856
380.92352053089166,147.85826014289336,318.29002163366357,198.96562223953345
187.6842025836184,73.06335119405875,244.4818181085215,92.32855721869404
463.15288547694433,82.31492520305518,795.3225311948036,278.4110768150411
293.8633693737789,166.1835633193587,562.5189443585202,182.8249110463999
150.88155806495402,169.33701944993857,470.70348812152207,107.54577730194491
440.4091829803957,135.17597474193963,394.99535875304474,240.36000537265758
100.87023112381392,175.63760372894703,568.6410037726735,80.5755307528465
277.25666179881557,84.67121216404365,513.478426452365,179.91812366260268
494.9247654763417,65.7977893988452,641.9442446348068,302.77374821856597
178.19681302899428,126.15274570013207,201.71625699439056,69.49236598972169
305.43101902053223,156.3014263654514,612.8442908660004,173.90721240264446
491.131441566793,169.2800156791639,469.345567352038,254.21494266220398
381.09203632704043,150.98492301333653,336.38059642473434,184.30098883307227
497.66643587999954,194.3464933493956,604.6497315574468,266.2244230610758
435.4570990700563,158.0890002999017,732.318052982675,263.4689293254404
492.52967616269274,174.51108644000792,606.9182336859918,265.338311515914
361.8644931106909,148.23757329894235,224.89507498942362,166.32760736398296
287.42651963519677,193.58071825957688,437.1390797148713,147.23748448908992
156.48217573333355,55.453840404462326,671.2562684789738,145.33121916398562
470.59581878880385,177.42088336303544,514.3831633227448,251.84509544731037
218.57382905372685,117.48426999153426,402.807629873966,119.41327866202522
369.27780818567857,68.75775113569539,574.9542369271753,220.9589945606848
136.09840098559664,109.70172101554087,500.9226357190348,109.64387979658449
228.03929584620604,95.78897834389491,569.4322794916575,153.352058894661
137.5594680284513,190.27631492736074,634.1098910317633,96.46773012668027
247.2619521834564,86.64186911774895,560.795465442593,152.44424137601104
164.04679924613527,197.10707920275726,404.83247339212596,75.70214109223049
339.74586909890115,154.35854252871403,604.6378499970278,189.03902632759412
492.57042436598783,172.48552364116694,638.736843072681,282.502765548379
331.66323222688675,54.29132987988431,688.6981748794326,209.59546220399073
204.6767182789701,138.44028798737907,557.6086486879135,127.31617127164215
479.7923785060343,145.81172822905035,489.7661542326267,269.9269423932385
172.90805258561545,189.98533285540304,306.7753491063216,78.35380800990211
367.30943462950376,106.21437756989634,259.25884027298844,204.95578803263248
215.45331455935926,131.9374039357674,507.3996607117734,126.3540484011458
493.79745859890267,74.25014114273368,328.8432833159935,257.03685655058865
443.7510883177953,102.51117227036428,796.604171571594,297.0560204926532
339.92146656020805,84.9241267672426,399.1876697291072,185.58073516321082
111.6756763970184,159.92579605754574,471.0171725530246,68.3788958031054
399.63263680430686,130.60202585260834,378.5717917446947,191.25869568445086
115.07269176817161,62.16108208326152,794.7648223452652,115.19901698783367
239.21676913981008,173.1251138804285,517.58787987561,125.04491450346906
195.2341788731224,159.20279227858111,703.7663583530083,147.74553549695597
155.21639346536386,96.28450328654242,597.7764369371602,122.94914611713781
495.3439124301343,162.8204537793235,333.68633346590593,260.97060180928764
396.91497450530517,78.80573447190403,785.576033523793,272.8077564685508
137.67103373743294,178.52822283840953,417.5415322949617,72.03859576726873
130.1503314627594,120.22551453964057,741.3262262515292,128.11583111390695
252.61938738386473,192.34725868823986,241.91417431272825,132.66775388288124
338.4358273273292,125.88081572086661,261.4249321607445,180.24892283534237
349.27852505102345,129.20609487309923,365.8775285553115,182.7228151570994
349.1318691673816,61.25824260507887,769.4735774543374,238.77931722714123
199.1959451313693,194.85365998396313,584.4984119199411,108.13671829947134
409.40578343426637,138.19834405563157,543.9119428816202,235.07894880429907
126.1345311108887,87.09351652911482,586.2641283767016,107.67351788598069
308.2886296384349,154.53826952508598,471.6631797491116,174.2368350717293
348.5965072764482,171.44845995889585,216.26828658587323,160.3351819749931
497.94429953527964,121.90237999832155,789.0006774168438,306.67927312302214
334.6378130316631,99.94440275824441,545.2189238805431,196.8519839158349
154.03081489898133,160.8463125352382,228.27336465734783,79.25515551719197
407.0899645022396,68.00450389623091,394.34603101216265,221.2517820346033
245.40050471196656,154.95411354094028,654.6969677777774,176.9460846639833
166.99330394165335,97.5516675546606,751.0368677964706,136.67767413267353
461.1306374809238,67.08868958173751,475.4126981244192,274.3227745814029
156.90266251330377,59.39249168472043,768.0265348550323,138.23220232474438
118.57408501920332,98.59884188296058,793.9513724302539,121.46993420161748
258.9230539038422,136.51270725326611,382.8577540525306,126.65209325503872
225.12619814067443,125.92298975989807,520.3086853238146,124.70356041270603
321.78659299791013,152.56110617202398,413.2101737897529,176.88489941521766
382.81881932818317,172.9320244003887,319.0988142131123,188.8007924541922
247.58522799972354,73.0675044336922,638.2775929319865,182.35557563775478
438.41146350315256,119.96233773422601,756.1843705791491,287.52048384247627
226.56628921297494,114.42494963550799,492.4218748102389,140.85649911164217
212.23627595429141,149.90688132183266,393.9839017424148,124.06585319178328
171.74724418104535,157.45598578314596,244.385895004799,92.94028264431256
133.44273014176179,199.38071717321773,239.11571919897318,49.34389175502279
443.9568876501303,118.24823985453783,783.3016476648797,272.0043551463585
245.7013701306928,172.8852262850728,525.6935112684594,158.83443165836974
106.8278936058384,181.6322832017786,238.911321318918,38.165901163823015
412.78007281516216,126.15915289723995,670.4762490039458,240.2539494540558
321.42322670544104,134.09472754581773,303.6893939089904,174.60871191315618
121.0084963031818,138.29868375034442,551.4233441837507,92.89578114602409
164.68060499788072,120.52126677986949,586.3305872112386,102.38274423407776
329.4253619899159,97.51639401844074,681.5005584637958,197.63742464061326
194.53754563295564,70.06492258325717,776.6588267764696,165.33544138611958
367.0749688250011,185.4794024992563,537.4102777780606,220.56411499520271
445.95053135609726,122.08625210192179,291.610032460073,229.7272434061741
322.59445323482544,196.6977554558243,580.6377673990029,194.9450886655893
236.71406060886406,76.39014034316268,238.2568578189826,133.57331643027322
400.99307498395586,58.944953575215095,594.5966631346756,237.86474723218893
389.2314540637629,115.78397272168309,230.8259028932279,193.53857233508919
187.77838129057147,74.63723563708292,498.74278890721376,136.30214649767396
271.8207829488897,83.68152248717566,237.72480611936214,154.19814624801762
101.22992924174041,102.65240612802724,614.687996440147,96.55464146564273
373.71124985591234,170.1564079192434,560.9113141438818,204.7998643792877
160.86006489047793,164.1507761807489,712.3506235845032,101.11688418114753
420.1236588751152,111.21358757388236,480.56537413704245,241.7571854641004
495.84136738277437,139.96361386234975,767.0781498245701,294.88583261040134
151.2165007690449,171.02456377082376,409.64817391231276,75.39050501912912
116.82528672909478,112.43493676969457,481.40393807025356,72.00279740079098
152.59968109734046,80.7186201985312,791.599765290933,144.94723342140946
485.78236956010943,153.4736908062339,777.3386683180372,284.06937314726207
411.1380242367727,186.0507377868541,486.779126395107,215.45625964494627
231.30276260308457,142.94655478660394,416.6501963229192,129.11145604829628
158.58261883278115,157.30707140681073,566.972094319995,122.82945953359325
193.8988515405105,114.89909473351607,794.5647578589136,177.1086177905625
307.0853849915154,69.87670146763361,791.5299100811086,208.56805242444187
202.72830265239796,187.89405676522185,357.7768623694513,113.78623346064842
208.21208747141748,171.23817352656357,322.0009232007749,92.03429433808616
477.16069521333424,103.66527459842743,711.6014143274667,282.0097613442802
277.903703763934,174.28518026132485,718.0293622714496,180.29009726341994
495.8881897575731,85.73740252282808,560.0511137462142,303.1136669556281
313.8192920587111,144.82700610792318,237.3465814186046,163.9140521316973
373.5471592434041,132.82666172264544,238.91534426493118,169.03723788639098
269.71534389687565,168.4877580039388,596.4609306738445,170.83268293387096
127.90681942356935,179.37122377413198,746.9444322586445,122.31838273045446
463.33372051088287,187.749645642417,242.96537098501108,228.43290519840835
148.26824799127,137.38098819163554,589.9570424595402,83.88070348116763
255.74823088785686,84.0160676695513,483.89744886536175,158.15136780741855
306.75029110633244,181.661259324095,391.6886235840081,155.81539660168326
394.956209627451,73.26726926284529,689.2868839269636,265.3746872894088
405.34850267248834,121.48196145480037,223.93224231871142,204.54639319886664
251.84010332705472,102.7938062718657,552.3253057840916,161.58614568740037
184.27234520736366,58.51769735305904,779.7936566243667,141.97323748014298
280.15508288375827,124.71954165754482,387.86198740189974,166.40954058675737
416.32688020739045,164.59000944918444,201.99029731164956,194.58284771880778
317.68209821529916,146.87695291171235,658.6393833476087,197.1329726455338
414.35123189281643,132.03254216224792,204.59512189581284,195.12289121352984
173.97940692869392,73.10499920002776,449.3772102568211,109.8432024464553
300.26896407157994,194.4277755507018,678.4668796353037,184.78811413862925
456.3638057114879,149.49919843080576,631.6102373808635,263.7049587072902
329.266387204631,136.8291911329853,440.5264726978959,184.67570827283154
367.50771509349084,64.4519765939972,267.5746905009741,179.34330931402692
135.11275006880777,146.11251925058622,559.187032769958,114.8550714034419
362.24304185584333,62.739874558224415,406.8247156693536,222.82592898729038
296.0207441389708,185.14429145888752,395.11486963062197,154.5030613911275
442.9721414020793,165.90203952927186,233.13981013490144,205.27083767621764
491.1871444732187,136.6166555456153,501.36552624753045,253.64792873782437
493.6675175785723,102.122533289307,489.00741320269844,267.86787022244124
270.03094453796393,108.21501633478489,470.7392472883217,157.3026312681489
265.0493354863537,51.94141167703312,771.6890062405646,202.7295795043938
273.03289209198954,148.46205877875957,791.6170577137818,188.5506569152053
467.5694132736327,185.49488967460172,572.3505155900393,246.72597792686207
109.03777090314644,77.29840305105924,464.553260493055,78.5157242177478
206.2548793814646,161.35701719314653,457.78291024293696,139.2051112608766
421.21230109156176,137.52216993302318,798.0909047940513,256.620564865453
480.630513849312,172.55373863950794,719.4542844592007,283.92335899535294
302.1371297603102,63.82716533494128,775.2970360943964,204.247130379642
238.986330747209,178.77795378247404,287.32763014572004,104.4443429851181
401.5930393358212,195.1739069168492,764.8026909295914,230.78327207942561
269.62274062477593,104.32295820460325,791.8388590036657,207.0916959550892
240.41679845441973,126.66750985770472,315.1660881522048,114.8984927194144
157.9238334621397,52.30337531024958,661.920097445701,133.32620858220227
493.59913645876617,186.60729490261977,766.9985874259008,286.26972699891496
186.748407518585,141.13756946509267,425.37916372307814,118.6357176227688
481.74817591266526,153.16794069165127,654.8114114016217,265.9517017342176
334.1652079907177,158.5389658476209,568.6835077517036,194.70834793796035
493.70636006429095,126.30320885382926,497.1755108818918,270.58072414230816
274.47328678994995,123.3928776093636,358.57664940077905,159.53836315084104
465.84348689183923,76.9654760500552,735.4058894153103,292.88190372688837
261.9817279969034,161.08996928446066,676.360940589942,165.40371785292783
309.72376019094924,131.8059519413207,425.5091628351345,199.67621656540345
268.3871054173079,74.74748017847072,392.5881950414026,140.5046412657435
216.5830473832594,149.34260325836757,489.00912121649424,139.5354454794924
439.56956272190547,184.9337510101969,418.4975165294462,207.3990683491862
170.6365088476477,69.82557240776156,465.541919760242,115.75306300261752
345.4273618244164,115.22985954476812,272.34496718690315,173.53489237439993
288.94049285366964,57.24084504302822,363.232098624134,162.24901548521873
391.1819835794231,125.07811446784034,537.3517974577301,213.54196193828622
382.2654967145247,88.42200796098564,659.1113482096546,236.46947132033935
457.1911197684155,169.1567557618186,470.6267344640273,241.42393483643812
274.29023841857895,54.58776657453484,697.3123724197542,188.8622104706894
315.2188202221415,174.97651528775003,410.394996409804,161.05185057555232
160.54336759361547,76.88022903438345,263.71120283492553,90.65327202881502
301.10982009346833,178.41885260998427,729.9988480390325,186.87581508023624
261.24509852842004,51.12775228468042,538.3480935985762,178.83037255792527
123.3111850142532,109.51711654849507,299.03313535470306,65.8669498731759
402.8735441416293,104.82956879842038,696.4616846329986,252.3082567925933
488.68688317799393,88.70798497917299,445.98285434637444,276.58765519099586
179.53949601086345,115.09534503214466,580.7003455494155,135.56205915245354
343.95470135788065,199.35261229808458,796.7326569873584,209.1919482320654
282.04988571968727,140.85841379433555,281.1421461263299,141.24542454793473
454.2969059982665,64.68523234396365,218.62790331021188,254.058785197855
243.0596395920155,140.23622876140573,616.5005759849612,165.1776209402745
107.62254427884064,60.799354480274886,393.56952929285796,66.56987318191301
338.3572194818787,134.97876629600017,372.94584030562925,162.80837231680002
415.4009716182471,58.91063571121955,472.40680816141275,231.39335746418448
229.83430109282344,132.40561435475013,254.72514843140658,101.98914119525335
345.915136794355,185.86104556663454,557.7993655733851,193.9000903399451
327.21112725216335,183.19069994894082,358.17555169896303,154.5312506459091
204.05397168842399,116.74724450092191,440.6832771741312,138.39050804735288
127.74115983954965,66.6280558991543,407.6190479953001,88.71772788717723
354.7293096725428,155.15097258643243,230.94900713388512,157.72213338061496
264.0461815690671,134.03919086092358,378.6031095571625,136.18261332967646
488.82784197572494,77.04276220197607,299.30129600306185,255.99634190095716
426.9681588734805,109.47870212981536,512.8040178090823,241.73670713585318
224.49684665437172,164.87107071661333,645.2372762684502,123.09181516396288
449.68106141737553,154.4659693033169,562.1993491669218,250.71689116820568
289.98260571118124,131.05408288413972,537.7962150994013,170.1877443353939
406.1415184854646,185.5422638330436,576.1943208679971,201.77362043749068
277.761077813584,94.06674297552773,311.42883001657736,161.6775554407455
166.48964472320765,70.05735925219538,420.1926769792633,127.8619616827812
204.46267524404078,77.8970845732635,277.35359858392644,104.07536850140661
116.94338394496833,197.3108782464132,720.0299761934282,81.72812130766604
184.0509513376398,126.66745697387204,489.1435672421838,124.95897301674567
243.76966660748406,182.65420241184074,769.8584141589088,160.18240799272573
285.06250499816554,179.45257023254442,228.95151579420317,146.1088704206144
178.4584829679489,131.06620753127964,554.2695601154276,109.81906513355544
223.06055671953942,132.0625571490961,512.9636825741808,132.06183942000968
489.9797387838628,83.55366898995328,598.7249677459884,288.2784580414965
135.32293109254513,80.80138287413678,388.36029924725153,87.23947479532262
114.79626863047775,186.11391115403836,471.5957769467432,80.86601138699845
303.02643214283677,146.94091073882743,779.1184860128402,185.15193241389147
258.8141061013491,182.27091476607902,734.7434708565039,150.88141653115815
388.67675481119164,112.14877696256427,597.2750846405329,226.87170177162523
157.4592764420606,176.62284848641846,662.899272085017,88.66192642733145
180.00844676163715,177.80127833289566,575.1585354414393,117.16075554153466
147.0654813180555,54.71981240403244,467.2432642859009,112.66659514102213
255.1769794381027,109.31056485267786,521.954681645185,154.44898153363087
159.01192138706034,103.12243920214104,527.5539089416036,109.89257186168184
206.0914850111383,194.8222035482477,250.73416905714487,90.61900250092164
236.2489478238604,90.34226766045018,233.90932182150897,119.6260228532344
275.88326236620173,171.80080248398906,672.2600503389069,165.90011984131849
240.19627948088663,61.580750427661286,677.6503381133689,160.76560107088613
380.96631345206424,180.5247399183453,226.99406722997963,164.6520067771519
277.95923429107654,191.84969942312978,720.7160099021993,189.15211828088718
100.8195675750521,185.30415874037143,690.246227927216,79.85830025661681
302.2097637041989,187.33088313816867,476.89877103848045,163.55531232774814
165.48587139991707,80.3736120392326,452.70751749285034,108.11754757803286
352.4652379341078,111.4539122085654,524.0797766780073,205.78471849617426
181.98775126574162,112.33767361310888,370.0608708244858,103.40563746302911
291.2994739840711,166.5679649933115,429.0470280572612,187.52456305367159
129.09287989130223,72.76366027360419,456.81665914133293,91.12573203542561
203.74086178999016,118.80779943925765,700.5614434502777,157.86837342703012
180.34938009547272,168.93052389715143,669.8276554823135,144.68198365343073
465.7852281287993,65.51956888576412,727.6662578597563,295.3775841492885
412.02412851000196,63.87823236983017,737.6600804712797,276.6751035620179
200.78902413866473,117.27562252065313,767.6996246457604,154.57839792702774
248.20449369586876,172.63850229958234,461.65315208559423,161.43092174994524
398.52904739856365,172.42888158222868,739.3303675728807,238.45139970004618
340.5942150295888,143.68137431770015,529.8440682424173,189.12912352624335
337.58785754610244,74.58160298554971,286.08610199286323,188.22435868603134
137.67053036040124,78.4682370496472,511.2728474071562,107.91834450657937
269.59412427203733,143.2141749774098,524.6041534621147,183.24251111351805
207.80523273797056,68.69803725173325,715.9391609897627,166.59316928247247
449.97737568011564,152.9735370386884,746.2033668181128,268.8560405291062
396.8250833358482,68.52899664161464,593.198174006079,221.92052459961695
291.0908814457928,94.21066451552554,409.58595562151504,185.8382477310833
214.13188864307173,104.06576041228419,694.8854211153257,173.4566051682409
338.7165268203786,176.21716467926822,649.0105834999108,199.8429881335975
284.5882918971157,102.33093403216778,482.2476067081826,187.36871857672378
291.99086264162287,101.18866177523526,290.7972209558702,165.393726676239
169.51207225759163,115.51707957301235,591.080885391673,122.28885494326666
216.51692637332275,124.34305149836783,516.6830651189582,157.0728585883909
134.79669039409475,169.23152030286462,676.1801473281255,113.66359367334559
135.58959773643386,66.46258741794246,693.2528293180496,127.02247423940346
352.8465799266174,195.10197651576902,253.10130913628498,170.91989173527944
441.234453497872,195.8628962137949,287.7057705803255,211.0082919585458
283.71724562408315,61.12842273462971,445.5370060961536,191.10753878705816
276.329445922657,109.79592053255683,447.6640775839329,171.63252791839102
313.33344152893767,73.77455776123233,695.2682036516171,198.04926573714852
262.378037756389,171.91803441989174,472.293567785849,136.6184774492109
225.47011516440477,172.84005520854151,679.7445084435544,156.04700691464845
299.2470640843,161.01098162803447,451.5485046141076,161.07664850380186
264.3469074220825,73.51830921392454,453.08630595848103,154.35076928349685
239.20823459493351,125.94421365408449,315.5963133371919,131.23354989883182
385.99046510557946,57.7742267022634,363.56460562301635,217.63151389429956
321.54419204172257,72.32231210262296,628.3680408708624,202.44284886154992
182.9194248464813,66.72714983259439,775.8008940487142,165.1992598660578
496.85628567423373,58.22106079506087,440.33221076986047,299.63344325191565
117.51881444683065,77.77984846954766,363.1853495032901,86.19572461910982
387.9072900543263,63.908371235309396,689.4515424299798,253.80810399437465
107.13582605269264,179.15452070485455,228.95553309872042,34.295834262040685
439.10897036172025,143.33101925948904,363.29109531460057,241.49141182806795
149.06808939599037,100.61647098629348,461.4869432061472,111.19394500803725
242.32276558224447,179.1642877846513,239.9712388183551,114.30656870725032
446.1011713007079,70.52441168037097,757.9375925676634,282.31166667132123
146.78027841671906,174.60281149301326,734.096172607132,115.54283953081902
475.4209144086479,170.82163406567298,399.4831331644408,261.5738942332765
392.9101022358784,104.18800539423458,327.80293882803585,207.2085429421403
389.28435600905755,122.5742761351969,509.7158729641569,211.55285319598025
108.3747042189529,168.61337207319312,699.2633852402219,108.29707328665
182.72062564175246,176.3425144829443,258.8704420608424,86.48755171889468
157.57657829861432,129.44370142820668,377.7268904883749,90.41762754685902
434.44026157293405,96.54663330877369,417.7175324976199,231.13086467317416
108.00132150958466,111.9991211611281,318.3172725048018,63.89830122997095
242.473628372248,137.63088081491085,349.32001063437735,121.45932832765158
140.58571132375334,146.5799475038765,598.8294852880761,123.32993139458584
168.39255447942784,164.5635920040668,708.287303298348,126.8160307704525
490.946001445684,153.6856471496863,250.2627802316008,255.29290834367723
147.22483521102205,179.5509089976279,266.6653561661319,63.12199837651909
211.7187866468777,93.99064182142662,391.66961140215125,126.45012533012533
180.32669724816395,124.66602325821606,699.0648005071431,149.20023233765815
171.63468888710167,174.79949153224638,648.7747139087755,108.00739051427377
487.34330755457825,162.9664692831291,787.3505069876256,293.1942806902213
263.7804131423254,107.748947090994,370.772743921053,172.00200654775222
216.12762381216322,198.42466793581826,630.3854896307896,129.69242492984043
236.45658762703223,122.94828884802777,717.1472231468412,167.00622007777986
245.05980611830097,182.6273271005878,627.089471320046,155.89029305004857
371.5082079408007,115.58155413391324,557.552160331062,213.23139367544908
189.66871765454528,185.32014236280287,223.9108950120198,76.82819985674217
261.4730194030394,169.9321115344648,779.0818232741904,178.00984001439056
398.28453326100964,79.77005856990108,566.8587749532821,240.8201475326287
100.35152913431303,188.06463616407947,651.1179809098268,77.76811494357204
146.79159885952402,150.86908465928173,758.3466294565312,130.0535897947744
101.87788949883098,140.31811811426445,213.49085350142053,45.55025425610831
248.91931746015726,116.39702570451071,447.6584353837118,145.41097683547665
178.85364307400673,85.53444075812106,571.750850471582,142.82389995660446
330.95930151822967,166.77431999553136,559.1728363785128,189.89329685777403
409.9484164009589,84.69145568635864,683.4635980867208,262.7626624698142
211.13005454590723,154.1200340890255,672.2611595822716,144.3264747380693
119.53893475526299,124.58464046033063,277.7555507042356,52.664754889403845
249.42995139735768,173.83754368884092,484.2556915257196,137.76146757802059
316.1940246833195,171.41232531267713,491.05946911255165,167.02663903507212
327.9133637865518,99.72734326707938,485.22355763616656,169.5525767388565
214.23426368331366,197.86016003915435,327.2007818637562,111.09450971449901
189.11418092801915,92.14441176938507,361.64565328552953,118.47304270741003
378.95039183688226,136.95269015398202,632.0100310312059,229.35387927764276
487.2300493829127,143.36284318875556,584.5859571158073,267.46714280349886
263.3378780399315,133.81145363164478,704.1393121916627,190.92063007383217
304.1163255775366,147.1957901612828,577.8344901111877,184.53126145853085
214.29075511980852,85.73589703266913,542.8424482881403,129.21224932857024
211.11820758194062,55.04583527545343,234.29437410965517,119.32209337523899
390.136777274697,127.52432922366229,385.7324667892575,204.59911801062816
112.46006668948843,167.7096563686511,204.59159692245822,47.158453688937904
426.4249841564482,129.19443030877645,481.07849488134786,226.04557108939753
297.88710414079867,86.49159931454096,729.9551806976333,196.79529302066646
412.0170105234708,119.3454973511868,416.10353878697344,232.43128047915906
308.4613901638303,75.9843871195441,370.74022446900636,161.11086457219437
249.6067448533827,145.6135450297413,559.9221994557761,152.81645131480585
424.74451144043985,184.54770657162982,250.63914633347935,211.62835267164417
367.6864278384279,81.61891203969812,400.52209395013125,200.4777797857798
339.2042639147089,182.7254899458535,237.9884500949867,146.75985855078832
183.6920865862178,172.90194410644378,554.4130367277021,132.46774838757733
123.91702882457326,179.62499818900616,400.5969700870465,54.82560647258316
309.9631727484258,78.02868504682263,623.9542664083272,209.76540175374168
411.50260978021964,150.42970567785622,488.076398432292,218.0983648295232
340.1630282627328,51.47621439405309,385.1673101764852,194.64358532818065
264.0677143537336,103.92216752479234,568.6480256053258,158.80502134504542
182.8792191124955,110.67790572258339,475.6190223351629,111.86419399241328
320.8590537190819,79.41759030656905,740.2238927757022,203.55152840038488
396.8341275475001,140.65925425228858,580.3342717619876,228.31911520889878
154.39689203420653,112.09995881228829,203.95825752502006,104.12145050029135
110.32770522636133,123.48635739831187,353.4236504191683,59.09906439848051
330.12738581107754,97.3206140218914,368.0942449386397,180.93598737925714
173.1366623536972,125.12357391663716,414.27903299454255,93.71730306511881
479.5123060861307,68.28110231557287,451.8932926408048,268.5422520329
222.5870886738589,169.69401072887166,589.5835058587086,128.40574037948454
247.70386190237105,113.78933690345448,536.9138774488036,133.88464436143147
146.45500361581418,191.15947686449482,249.15313317068822,50.23483707050363
197.27465543894974,135.23608218311992,360.11730817704245,97.64643811791765
142.33632392784318,127.77878582774281,596.0467278065389,112.12438641384847
285.9494913773546,100.70306245742816,388.56873271856284,155.59323527065416
311.17497197923683,51.44234068769498,396.8928044284754,185.85243336133573
299.9758441631656,151.030286869593,324.8397631380792,145.26511956615786
104.31243701233961,166.90956960930913,429.01538843511537,53.246381911925305
459.53186258454247,55.64576520656967,739.2532919678234,312.9650825557218
318.017946266594,53.88330771029062,545.7919671930864,201.26080563751378
468.08802365510587,156.0321376624238,463.9283742946265,253.6849742011576
121.76821578942558,158.90288711022814,337.67696203287335,76.82969564462742
228.34187745840762,68.90351549246074,566.3023828260084,159.6609762421165
106.18298133511455,133.90678976523122,377.73666815119384,69.12143850720699
353.7166352980242,79.83326646005976,214.30571562215806,177.502129781434
494.06782910432423,150.9694171915209,343.4545518027836,233.8669148866795
225.89929393023692,195.72239628637234,608.641289133921,164.55477908609393
403.8846201141322,70.98634117966046,769.6977352506944,259.45562414307005
410.48924187651176,190.6359336373575,582.339995624419,246.45989803401378
224.45692282031425,111.01032609601515,393.4385905857548,136.75492117208051
485.0342733471855,86.99419725241,708.4016724412168,263.8371349433741
315.93498301199367,88.95185114219127,277.4379021419046,167.41776556734987
348.67229067849667,128.59248024152208,359.1784347673606,194.2578143216074
436.7461530205522,120.53590643040151,413.0254508147017,240.9553751121703
463.34096278100554,162.70628312313085,270.47031792500775,210.85799976531032
159.88182739445227,111.9893036455647,278.66462890809663,90.11755968828035
122.65099202730218,166.9137504320963,713.67534655114,100.43323246460622
196.9583072140682,195.0963654990746,252.91915756292568,82.43251384721661
484.03862210372597,69.89284502440502,404.7928051860097,273.17524363841807
112.88908669179301,159.7338347416715,261.8406833918533,37.597378787382745
239.12273827185757,171.58984764610236,333.3877790680807,106.03505987653595
193.85116100472743,72.60696813713206,264.15992406148723,108.60969651262575
202.4489576695646,155.56996460591844,654.7486108528757,139.2249871927365
424.3970519585824,160.3902809587937,703.3201288954283,246.569775413718
211.75754592154257,169.46316520987705,710.3325616029273,150.24466007261384
228.20175127018265,184.0135973158562,625.1595512330514,135.3307906984937
445.82003560897346,147.78786427621316,683.7188269878893,265.7943338446984
273.05638894393417,91.12828616185709,682.6075287549106,202.45604874578038
399.13631979239466,152.65068137905067,532.871927503274,220.55201706743682
175.63206276123861,109.79375307272018,688.3909357522311,143.2582921450508
175.6999205991772,70.75443002188084,470.16091606585724,124.11494647678074
473.3721411338187,127.2438549534174,768.9795553206146,283.77057863246876
248.21827623605031,120.98965968552855,382.4205192592789,134.2235867453119
430.38502141661996,90.22495701534686,767.8922811231264,254.78490616319
367.5662017603794,101.18439716813509,366.75843642691166,187.2825740058035
252.20073089884582,86.8227551948771,574.2933758020663,167.31001147469115
288.2748459130086,188.34748385271627,666.9310382777685,173.31854026814702
131.19152543603315,70.8557293635328,576.338710370233,121.32149917237987
177.4369836484056,170.66406896644654,720.8474599451547,120.17531574502644
196.8722333927548,125.99542327413174,575.9159448633361,137.59776819502082
461.9063006438737,96.79990336060311,342.9931107487872,242.69938985100904
323.7039357214313,108.29653977919537,426.080655345839,178.9444678816545
371.9397912343192,153.67012708670637,568.5742241937331,212.14127587141772
216.48102938408633,87.67507346799962,321.8639119060936,117.37177489459742
418.468926477519,72.10579750110367,772.1188633126704,258.8830845817218
296.43083490063015,87.63995821200194,703.4437369681807,196.44257086886884
217.77384369311068,86.79455980559464,456.3374317985182,139.85135390978056
380.65007632836523,134.02875907035724,713.7002824542477,237.16279520714608
491.8267882033309,120.39235404987524,724.252923750547,302.38647657589866
314.28568578645496,173.35510399305048,776.2849282193442,210.5211068312533
496.71483003553027,159.6772592676087,438.7714248387748,249.72015971352099
186.83982615846494,76.16828014530734,305.856868096864,120.58520475998372
489.88286797543486,103.36910302608942,319.116144714915,258.39745890754256
376.2083387801619,166.51194089094662,676.4940397294904,228.40713036378304
233.10739226551127,189.42006493371346,252.29971515325738,94.45843525420543
225.68570842666014,165.09122841414518,703.5038857527488,157.50634669258716
355.76791978347217,114.54462363821766,232.5513236723321,165.82851175021486
108.22146236377223,90.25899373447591,303.98689813371624,76.16536193447322
450.69268809437403,196.32010930654377,549.176422624847,242.55384775745063
392.5153987074095,163.84706252270843,378.86590150975616,203.60776613986582
109.99788640650135,77.13747281786013,772.5113052098268,125.95727745446509
212.31371862857594,60.62447456960642,578.2478493176037,159.0937536065476
169.63349683503424,110.61610521777416,428.80641764459114,117.07056061281934
229.14818382443127,177.70241676772451,425.86305902511845,126.4026029476586
385.8454582153343,128.37487811197593,461.6853434948393,227.67219831267988
413.5475979638225,128.78481382312077,597.4869414722455,242.36547333031356
291.16145489703814,89.30036144196357,280.45453274178226,154.6434930112989
226.8847813384893,132.97401431032597,454.6436608828874,128.07519831802074
258.4834361897334,195.0139652276425,314.77888578318436,116.37337102611762
416.7701645239574,63.51269925012697,666.4371968413761,270.9385741634083
263.6255648978913,123.51180619330852,547.9826946450116,148.9261613223226
114.83300419711404,186.6265374109828,348.8928545560623,59.7628616614078
467.6825997149956,92.78133468558605,483.2400035909686,265.77917383739464
287.06462793150445,56.57000668829166,271.2726749980187,150.68149818290138
135.0204688936858,86.99165791304378,663.0277350733061,126.89075247238468
445.77840218865384,146.0154556901773,671.9908913916785,251.37874154836535
261.7766963758347,137.31553018379168,465.54748392273973,159.86655256139238
225.33426868323642,122.20505384602981,527.9944014641824,134.38629341669088
426.410083949511,84.95205262671612,283.36303078308856,219.6967097786213
296.03920616901013,127.65529735950768,373.3439051160992,164.36449959914543
426.07391727188195,62.37933954937195,698.3485221719525,265.9074807284278
142.74537502566636,137.38454749325427,205.97435739182524,68.66541733359945
204.33001046674866,199.90979604960447,733.0004340415256,141.186573821845
494.82271297116046,109.95574457066206,726.5553936022819,296.794766983942
495.9329080914954,164.97874473171683,715.8321267151899,303.1739097800129
406.2215483346288,139.95121855182305,516.3715238509219,237.3796367463726
249.55351881145108,110.66371359942671,753.9789626548878,168.53978310633786
228.40353995155266,175.89167011626404,466.29064008209275,135.58427071772923
417.5853653067797,144.06569197155932,786.1482726328961,256.1203233908559
114.07667409071323,106.75275641245614,411.57988579046446,69.86176139782717
475.25963130977,97.96295387375207,604.2058962995078,268.8437867106128
167.40589835454847,171.56335140202071,582.9546797736118,116.18282878858696
358.2794789208913,182.32567375666548,657.1326030788246,206.77556114470823
152.42245115072146,182.6235464107639,233.2740412760362,62.355616885659586
374.9499046610792,59.29845860393817,764.1560980318098,247.608688622435
283.56692416368287,147.3338876746551,644.2704343873936,174.1546454727356
196.5635731364832,130.47351687714405,387.0277392666396,110.4173596467345
331.3778046589229,134.65377649350134,785.6354585011682,218.95434645592925
306.59419619004734,156.60392159539379,612.4197698714304,207.0541124705441
384.06868613900315,153.1650585515428,458.6652063996427,205.38284932736383
406.8476058002137,163.46160989272863,337.05884844922264,205.10860988341153
245.0179616065829,76.7668529818974,276.05826020323866,114.154342854345
183.38967171562246,76.26191680623502,278.7746549185212,96.10857568067972
247.64054422204404,129.2666313597071,672.0583410478197,145.2556702849175
449.4712386978033,61.539091177059674,567.1495064937164,285.5572200041744
106.91136343145283,71.53171372822098,469.1350971224371,108.57240930825694
179.24451089662105,97.70955097389255,375.8316514206574,110.18925045734015
142.52391987503194,88.25123997436975,293.3564573087876,83.44184003500472
319.3597008149512,162.48250627495446,340.1246196538393,169.04710652500347
314.0189286758157,191.74964838827924,554.0404540783683,183.21836272261157
309.0890917618942,64.58115419053557,515.2091435870367,167.28491604515807
420.67502409714035,196.38782348184182,703.8716080700738,244.25388467201142
221.03762538467782,69.64510001277876,229.69746470877828,130.97196066204754
110.58671729640763,82.0796157112751,319.78093907209524,74.21254046586252
328.799902733477,179.12254830507425,300.3516341997285,144.48924363850273
133.9074739699185,183.6194157622324,502.44922213778995,77.49500777612721
292.6882915015535,60.337249195018444,691.637884610537,192.1750685127449
333.0535556504377,70.68964849599283,208.25526044104546,171.26158784410103
252.03272326460336,96.39095868502918,431.8324828710301,140.45767581184714
373.748501064528,84.54338423354955,212.07105759636775,171.95279181940307
171.75547702251566,133.4256206230262,223.57306947015812,103.13615105029308
309.5042286791996,189.7637850608052,330.91039065902476,141.05781516558852
150.9731262220987,182.69814137079427,618.6729846043802,105.70715534704509
176.32474807564108,197.14985084358702,606.7180128767884,113.59762279912196
189.34156673664364,130.8172146672056,288.99040244055067,109.77156307324043
474.1833330715654,192.68718869695388,353.08833313102366,219.83852118735
179.31426104352917,95.18537546530084,307.47548890899515,96.54288798850361
450.39023037126793,126.34355150417841,745.9906781400127,274.3439797094093
112.51066032896513,124.47191171079524,502.7836611924051,107.06928022417124
272.38102633971374,83.60662315843749,365.0470815525416,156.80616080637085
395.98209195334056,190.62303276493466,797.337184295862,253.57256329910865
247.82399715570457,89.55560431168982,615.5142465778695,183.43719877077692
428.3553882424569,77.70194085865414,265.8323422109694,223.28090640264315
302.5094255957376,90.42561365479338,217.09274600895654,168.6208231545083
277.09920456940927,177.46486945154265,589.414322452737,162.2740345129063
172.70834720773746,89.40093198689281,629.9604503721,116.94355602471904
114.86580924868868,173.4828084839104,671.636227089337,90.40180499092794
103.12662192110697,72.33386989427312,438.0352220304605,89.80462218174972
221.64125583209795,117.81870388520119,712.0887884055641,162.3993145418878
474.6445691623209,105.01009868597615,360.426223020334,237.25405855162916
129.67090147407703,93.77181279690161,207.27614106420495,75.62263622060024
119.43492445190907,186.31489063016312,315.3819739703212,43.63131346888419
209.22477590907556,171.74573765777467,365.28323486308125,114.8885132515032
126.9564716519592,128.27997706115724,655.3902926328118,97.36645772832479
443.5657692281428,131.2252948561582,233.84944438363704,235.3277503103628
341.0931847368376,83.29962205791344,628.1819455912375,210.82825533250085
103.38197926741289,93.8704291398956,763.8203033461484,114.4124895894264
470.1267935516393,174.7203456920881,392.7565912745344,222.5258532230783
417.6438641924711,104.78441687410722,617.040099847776,259.2713982703462
439.0421520614655,111.78970092302589,321.84520142727024,248.79221551392595
123.60295954831511,79.3936597633059,599.2129293657783,90.91113716399522
111.73615549805787,167.67126066230878,635.1651526280913,85.78924648436657
401.8629839272731,157.71979832718415,453.6625116396516,234.2942789928961
372.30385418306804,167.18350105666633,366.7675437455855,179.06547850987863
412.49184457433665,130.03936096635582,603.0496741512293,227.60274706860352
109.99592316833659,112.32488909672671,520.6108939635354,93.72096729627108
135.5429296948026,61.36847821805146,339.264664701539,95.0999323722782
458.21549671632977,89.72806222553913,637.0924019926912,267.97305188869296
170.60356770845092,55.264479298431894,618.8734849481233,147.9578283788382
250.63475184860854,112.21115313099651,529.8747901586391,143.30473590144902
153.92501470443386,118.55289593297827,254.66694332371796,91.17275289004363
479.4034594600314,131.41685490294503,663.2820833673635,276.51069392764595
357.67389134863305,172.15410680050786,234.5018553669435,176.72515198859404
300.9004170020802,174.28091673424052,400.32366573941607,166.9603282427021
101.61261158559202,133.2263527338581,463.49523438991645,65.55560580669895
404.7424927281578,133.914745950857,498.96266064239774,225.6395890722503
493.82953232658406,89.89377308906452,698.6915977134521,316.6951101985313
127.77118035961061,125.40423809772886,203.23484948702446,65.05944333727447
227.39712350249135,158.61859244111204,330.2672730927377,135.22028642536756
433.0637813686306,70.06743072503158,417.786848653163,234.37529731955556
186.95021002643188,82.82737145693858,381.3935425142898,99.44437547483243
150.06033739766215,73.78965937483167,556.2127131403652,111.61156890793434
331.4401857583594,192.9687019320129,354.8387327047623,158.48656760382812
193.98330003229057,127.94802138570921,566.1596432775207,135.34149803022254
409.48117582401466,147.75696506087917,789.9406812126701,278.1981165189286
159.60531963520856,84.44330797924795,561.5795864352772,133.7204761159358
161.33802115862733,161.02464203889457,410.5923584388775,101.02645005676798
310.1114436385928,167.36207063675667,797.3864709268634,213.9993198902858
112.56538602380925,103.89946225079193,596.1429679594773,91.0905358533646
339.55566305433445,197.76846390812878,456.84904860878214,171.81952544192862
448.68871873531305,89.78595782642759,466.97866749928505,271.91808039407823
106.12468586176158,75.65180337915015,505.91347018597224,85.00033704022454
368.01045825650556,165.3361990780748,381.9650328739877,179.82285936928056
445.60343284701815,142.84999749724844,614.698969609188,257.69354213042385
328.00836826217517,182.3600627106378,221.15294239077164,141.06474207892953
133.20254516424228,121.01057361921856,483.1140509023664,82.97261456263986
254.0724982922034,95.85776602183134,325.97009356732275,130.946510925024
339.96803221424227,71.41892293755589,442.59290117788316,211.365342633953
348.67438172716555,156.11801374056404,218.35376859724838,180.0575322365784
211.93969811498587,158.75113959237285,632.7946727102911,145.63560872315193
385.82812428524664,175.63403861864708,208.23597222367542,172.15985134550587
141.37087712648375,155.8292866115596,224.1939383993755,59.329537428666626
385.96016625886875,154.89713496408518,400.72088355981407,213.18279889593538
430.31886429623086,144.92348548192933,347.89217947352176,220.24879878016492
152.66434209528427,59.16189129311961,289.2290487322407,93.70616509272358
329.94100668671985,120.58131791982463,701.201471190531,207.2651792024913
317.1305711640746,85.13142292014184,735.5783840328603,203.7682614036084
253.38124674067558,168.07263462155936,753.7044751263385,170.95406965243058
186.5580491424871,96.40441122652462,694.9654793007969,147.44376932157823
289.8585410929422,77.61667929110361,249.42072893031553,145.2683518262024
183.91833736352913,103.95632936004041,488.7722390940289,134.30606868719457
298.90667203296437,67.59056979041343,505.6514886370291,196.62426362007915
132.42539636034724,61.308951452050024,267.8533163623848,91.38659892951722
456.15388867089354,155.78159103950276,649.0266552703641,247.41909219467743
413.88932377225365,110.36294859928188,200.50263516508548,203.75555905216558
438.1236139741252,115.24752715686532,504.4774982455908,245.0895494954851
484.2455145163607,79.17492213650068,529.3535602355103,285.83783377907207
219.15076634359747,103.06933392260476,718.8157646719538,178.27542924677843
417.8258322663699,108.53009887129544,265.8602401718462,224.36301607412673
284.1453258151338,73.89895150069047,659.1258956783242,176.84141752955972
348.79961218621776,70.99552214225466,722.2989267745039,242.8603595211684
434.13601638268415,189.17760978061887,267.19558858007474,212.82228849585056
431.36706626493935,179.92680057561338,774.735628910091,274.2107572867869
206.30623494348637,93.87563058765339,498.1510835518493,119.6238186596321
313.02193503615536,181.70447691274614,797.4909444941529,203.0218145158407
353.18627790178925,119.09906024682519,417.88503534204835,188.58905248307582
246.60177486088622,109.02574327125554,633.3328689853589,166.3491614777665
208.92558023596837,67.00065864521895,700.6315244946367,151.11926065114548
437.58146409747667,75.6741244759166,460.50356080585635,249.97724047773312
481.7923459672216,173.8109114766665,525.9017262754703,246.4910672116868
475.10950891657376,195.75792491679286,781.006716783087,266.20490237639734
145.45619830862137,177.07669943939788,669.7618183819634,120.95781529556396
223.82416641514737,141.39459197523223,375.96673402839417,134.75245806678146
244.19704376699784,77.33869701069288,586.2066766926628,158.71411286046427
342.1014715832358,165.60036947644795,705.9413959508338,194.06115852181483
113.02590782570823,193.09340483015288,586.6239511544956,86.1499618057692
492.40180494630584,144.7370380897831,494.63184014180905,244.59699169428498
408.7549210272999,120.675815094413,426.62150409692686,219.96042549927472
183.32835656223307,164.07116780242228,524.2567639274428,119.93015760571033
243.41766664658473,198.1042561811876,315.8436064000809,97.75173015934456
312.65714718648746,89.23510804420337,678.8878352682414,218.37431006460343
195.1255005971463,105.09814248712055,592.8846448383126,128.61689681958225
207.45595564336378,133.05665889990394,685.4719411829615,134.69698375339564
309.6863648379793,171.81133344372893,303.89327397781665,157.8779178232139
301.40437509506387,88.04627240851775,786.1310443500212,202.38034259089082
265.07654114937213,146.3306728659182,292.62884271033886,106.68771266491581
321.0515891939941,83.3828313542254,495.5771603949454,179.38966463603344
380.7612874973506,148.3188827833556,609.9117338216056,209.9078664713179
462.95076291078084,106.92864131906195,702.6081383466753,288.02551402909086
495.45499313750247,97.73920397137812,502.3869839491685,280.027480357983
433.00231562684354,90.39610487525462,715.8965550963147,270.5114614589822
421.498288239521,64.54829619459547,620.9098123095314,279.0194603533196
185.86508722461042,88.26878567970758,609.022424048527,140.8118392198334
446.1252360139506,92.16424014005403,406.0111124519045,243.2052564154929
273.17602129008344,102.52101708034058,542.802391939729,176.41411896059867
306.9979721610931,142.98551726496015,515.5953016173295,159.13903414526894
485.54027441659946,79.7343999775266,705.1246920055721,293.6425563962741
243.1469597295222,149.8247198144474,426.6591731751821,149.91281434951165
428.3857216710887,194.83986073088957,295.46457261449575,195.69416929143364
261.34372563916037,53.38128217683152,652.1256136167245,162.9463208561342
173.95205427349805,130.07259126443716,623.5556810750838,114.82126547743889
224.5479046407936,122.67488290748078,418.3768598523077,104.95824455391238
412.54722804560413,157.31451417825178,477.6989684379186,232.3971113874351
441.81250204236886,198.76329316329065,479.6618349597959,231.87506036961597
480.7429270295452,107.50176610748596,382.59968839182386,258.62299999205123
146.3531141554708,94.81971789326849,667.950643962509,117.33135745037161
420.1399693632297,113.33345478792266,466.86885073486565,228.02012311398184
234.37752578983267,87.41571066941674,775.2952578627452,176.99327196162062
300.36809844216293,125.46345277685865,472.40028154515534,177.01022435456292
262.1453754766296,161.2208980568364,667.8563256708474,167.36403351735936
226.4815096106139,114.81581150607276,428.70481113408124,125.43354454041517
192.52983988101602,199.61867238316975,640.1701427160428,108.40696835903766
328.84195872106375,62.74787698087511,676.1028703644927,210.5511943073664
125.04379640742704,144.96568196901512,641.0109498799732,102.05269499843328
490.5153520913143,135.74878081394877,344.3479235082443,219.85304572153612
196.1301509842457,83.51890036770058,508.7040755875808,141.39314654216696
423.4845124119499,170.9225269920557,653.356691426865,252.48222230089118
297.83007764606043,144.92044508076822,573.1307050068073,182.5668418360049
139.17499165598218,88.43642115097458,776.1469633882167,128.3970331504401
349.20977558159433,166.70321010650275,365.2789591899525,172.1734919766588
333.8935218335903,70.81526264017569,245.99144447970366,182.83789851698572
372.4354820019196,134.02509818992968,669.3834637267955,233.1791266497052
325.7751349840023,76.79566254158023,720.5550942569,212.8185769587231
464.42231909842536,109.80522910958909,306.76411389309106,235.52535579080197
203.34914161920597,105.32012057151118,306.084341318145,117.61014304888626
460.26174006095357,119.23353414139413,244.93843762481276,235.9970109071491
389.62054005639544,54.57047479204215,752.043197682111,247.9300025645444
436.95858245602494,65.59576968784091,507.0024000993285,246.239677430237
292.9561594923804,170.74505004477425,213.8067851215475,120.85726296437008
175.7160528264944,133.20625738845925,257.05768765562306,93.24598959641402
293.77212179495325,111.45217544541316,610.1014904640891,186.5702981395584
475.04498584829963,187.58459971003435,784.0217156718721,273.9887322428332
458.2525840509279,177.08401596239264,486.471695102963,233.00580815755728
152.55536515585243,148.97226460237886,529.9894638782941,100.04821216399496
158.1226962514286,131.61646520155708,685.9207241721374,131.13672003517547
332.5630644807297,152.64020769405332,304.6130230740266,137.09993920992147
484.5514100660032,104.71907859104579,229.2553865077642,234.25856007701674
226.41500667975504,68.25758360266441,501.2556281271623,155.33033803580304
471.4809883856432,50.022577558393955,663.3291267407911,275.31941600386745
451.58737426334943,177.41648823760664,543.9862982357215,255.22828466957966
445.8910065040111,104.66585162346794,485.4482215950514,256.5325682485776
470.0756138841266,175.06854424585606,422.43993945358363,236.35730337654485
396.895122459906,141.03827990315682,740.7606202518236,254.66245174926138
417.59917165824965,159.526324290013,634.0614172128589,235.23547171433705
353.4546272535779,66.02340719248193,478.265701422008,214.06339490218986
407.2378621184559,142.53643628274858,552.2951630270693,227.12942932780038
375.7315718107633,155.3920852843071,604.6694553836451,229.9083859243504
492.2181609576856,130.56770914139258,737.1033977125383,316.0206351709078
109.9433382762283,180.97089312767892,767.1627028489526,118.51409293565418
361.00410666731426,129.2912739172113,306.0024930589351,187.18124349735882
292.77250607175125,151.6689162288661,725.0481226980044,184.57836429399367
114.0351040871162,190.41050148125836,774.7171727507423,85.88614287772822
155.42498583608526,170.31606418540036,550.5991792098548,111.9106634941885
175.8092531326782,83.99552911952983,588.9722845494746,134.6917265076295
313.66492460670804,181.54997841527364,549.6019640646626,184.58188374699458
292.549487784538,111.23527478654111,371.0219814222114,134.77816682589653
148.74156128779293,99.89957478395124,320.9970496240041,65.41739648222739
255.84324475918203,182.02455519734175,769.9326557925381,162.58219201774878
372.0746786320397,69.85620929759511,415.45688650707586,212.52674128400088
266.2259588966935,107.35587086681343,648.2743142988124,195.4579796857654
264.64140903045904,197.70118694568725,742.8033947065098,177.9341265135807
301.0948345213051,50.26481266642923,284.49094551717485,173.05120522689364
201.33259474859332,143.60282740730247,484.96321152419625,133.52844123942512
261.8491039290782,128.56109188266004,425.73177394154084,141.62090997308582
369.91149684226417,189.980147504482,345.35608251482324,182.58973702688945
106.44164770623559,171.55228211227876,453.70167070908906,63.98026852474239
282.71610333891505,152.77062505467353,676.3143567593058,159.29642874169232
346.1065316828947,106.24767269827319,658.1096861713831,218.38142216472642
462.72265077955126,65.3515175155657,748.5979440027268,287.33318128210055
449.3377133654491,51.33519365820642,434.59164597432493,276.6087500463367
210.95416954293626,192.71193875022442,492.49986056681956,103.6859531710755
237.79396667170585,177.27608818885975,359.2876604030382,111.07238463710227
443.7008106895712,163.69223269223934,564.6711232374751,233.47729553274814
184.12427164660036,108.02459516024828,409.318610325829,114.95912761255964
218.50139428530122,168.72062099094722,714.9778819661254,150.68615469863275
329.79504661942724,88.45961125528929,620.2209818620943,206.24407238543478
154.34214306853616,159.04925416844577,421.96622490856754,100.47575170400364
420.37938401182066,89.78820299933233,643.9527253477077,253.00549176191137
238.08322406965678,85.69475153370615,618.7656482985697,165.88494936980032
343.93373100381075,139.1924403158134,649.3414655348678,203.37747814294906
226.59393135237315,90.80498898573043,391.12239722902405,119.80563833156165
132.68619399530354,192.6427195291319,242.40281448315392,58.425772202833244
468.88646307791396,184.38738902672875,422.08993788497014,216.87083499618748
270.3390338215957,152.6142449221123,580.5610905667811,156.03573476562786
368.78316306204096,126.6254077007489,680.1695456654111,224.08885121871182
159.5387029995226,155.45561310864696,699.8643249463602,98.35987983445293
318.67246625247043,173.61076562017757,472.1066670883432,173.45517534101552
418.80712501757716,62.402347677657914,374.75661301481017,244.85773434810585
396.4056469927603,121.37000721612704,640.6356041643862,241.50693341333644
178.45203067824423,170.70857197754572,415.9205417666102,94.7921453583846
304.9726088383253,172.40814472628577,545.9388327830736,182.65071585992357
124.1946494170818,84.06730400641109,779.7200445095948,123.97244692367306
347.3014988933902,124.08456939725326,440.2653193598229,209.26843434993475
460.0514505675038,106.10438676270655,606.516344635118,270.4658580643455
460.6295817025173,167.96996244439754,566.9542197809033,254.97153463976176
499.9272718515738,99.34507327229119,595.5125858701684,285.2683483613939
436.2271131001824,179.98205203595924,295.43797974047754,202.72369911857731
257.705618795409,124.17089876352367,589.1108033625006,154.2484380439763
456.962582843549,194.1146970830308,363.74024969997765,225.84250538678407
274.7674014604571,185.52658638265348,606.3772918529147,172.27571509218947
101.77856884856955,125.82087637840395,482.22971005877497,70.14894066935761
215.83447780872436,123.38644766545087,542.836347360861,130.90651345357844
223.95288243495082,172.36248722129886,330.4121804663847,107.6890001865406
308.4258860612207,72.62570608835595,569.0114078460865,197.82021757737084
356.2061321570731,59.299832192525606,754.3993367599114,245.04365505703169
424.39499770944826,183.20381550545684,278.40529042563975,210.61314855259388
115.84323854313409,86.56823364056324,343.70074644529745,90.23094352750144
465.93143011366357,117.38216209981847,402.84862592548893,235.75138189111317
393.11142363789685,79.30097209254293,206.33044036001843,210.7236551151876
412.53280626176377,126.45539745276311,215.64604637510166,195.6485768970406
322.4161283073487,120.4072020561259,629.8820356771735,205.28767338346483
308.89787013028274,125.74601001288738,613.8356449445303,187.32133493431974
493.3233756251959,195.60789265012147,238.3867469768623,229.55090756464315
349.932790942584,176.26312742291074,681.8771734948401,210.9737372796984
211.597888188667,114.88406199254692,219.73165919961073,102.68426455804538
469.3984785540981,50.760924805896366,509.24952012911297,297.43327680266543
113.04383914123757,108.39873677600065,399.02186437830403,57.32278953737157
254.2937265534729,142.38301416517317,594.2206026592107,154.59174030643885
180.48917355294168,80.21922866684756,732.7853356119401,160.1471949653514
262.43211306994505,151.1389812455318,604.4958577122416,160.3525305459842
340.23872300603534,123.21537531423672,438.7435533816785,182.90736869021376
259.8867555184701,156.47080521587714,307.6036799829354,116.38436243768535
428.6983208920819,143.482916147865,767.7633664744344,261.90895932761015
469.83315680965154,93.209924713749,619.5481673042293,278.40056860315974
289.7917513611274,70.933510706925,324.72567033078315,163.6917370915647
254.91968225155372,147.06314455997176,249.90262355357902,125.41582238784704
460.8929115923543,155.94563416777913,698.8231652052048,277.1083260633072
455.6791657143545,162.42865765316532,447.76506005080876,237.96243024937542
187.2374523080985,153.11412426692928,343.26583676879113,98.86192506765008
185.61475574517496,161.34171064483505,520.3045397349127,108.95603214255806
310.86609680188053,102.6162259470396,459.91176986234217,184.11221222960415
375.8552245761975,107.47442712435982,474.06818169750636,220.59131960359238
378.0189496262621,87.04331452283853,301.6281188316804,187.0004977286568
460.3611733532468,157.2160272962087,413.2463534015319,250.42774590436076
429.174798706731,156.33038720685846,589.4472999904974,251.08449241946533
342.55308669437864,87.8472675080188,552.1316166505378,206.97259107653872
481.32700036066393,142.78914053138578,356.1764579167291,244.91920397417434
254.39519390476036,194.41466807399397,715.9268542069254,150.95771674936435
380.91256805882034,52.78933021230162,735.7976900164448,253.0556438847995
322.51235443352857,76.13625873837577,219.2943908316522,188.28129442784956
437.0692837471601,91.29493575697109,419.52407273706444,230.14587418701336
285.94013101071863,105.99370079209513,411.50564978163266,153.81451658124263
466.53045102821056,69.71120394503173,783.3071440672247,299.6581634408648
298.3511060033537,93.0663021382108,738.4676396857676,196.39023892784854
257.32318703158535,177.7866950422091,427.13865312335736,131.20254328680886
143.43893631566846,149.50433039171884,550.4777511453801,82.12691247409899
392.37194809643375,198.0566151101019,794.7209497449569,230.29140398395913
207.94473063344697,152.18617243339173,588.4021511907329,128.5643363800624
270.28066076341486,126.00916682261808,591.6196392330116,180.22276582039734
433.7959063437245,83.039098979665,409.6166220843534,232.76160148475435
397.81538881179574,163.4481751686734,216.16971078139727,173.96612648836668
110.32845626926249,195.49082955316172,460.97433973745945,61.39902018613742
243.04775611736758,86.91468622878294,501.96052354755204,148.56014382314686
326.69789168261343,76.26277285866874,535.876755247342,194.43542619364177
124.00502030892828,80.13600831095866,538.7304121027994,85.45542350549107
308.450119989938,111.20259258235365,574.9255115572862,188.95751408459148
447.69827850000416,97.43887730519376,776.8095929844046,276.44255344771807
164.40682589416895,158.4163671238729,310.12666772735525,82.75478605555898
393.8713739417444,63.20601471366822,477.71016825042307,217.21044350435963
428.84667641307885,69.7797490803527,571.69843434027,256.93683799283536
368.79961879301834,76.1862249049847,773.9819157310246,267.16227069124216
323.2671300833788,101.9143857754188,669.0461066319538,209.24831081974563
389.3356399496281,100.41864569709156,588.213603441214,230.06595970757027
216.09370504824528,65.16613314728887,702.7376761482348,159.94181737893243
300.28585660284057,187.1167961714003,245.98130502525646,133.4006048878081
401.3944906971578,181.81110508338065,612.5860843183161,227.87665893700765
374.5478990494244,177.2165275435441,576.775318591903,210.17184449881634
472.14107684207477,67.49153383387826,236.54501742572387,244.32733627004185
277.05635755392115,152.51994420741977,681.779979114144,187.68900280970269
490.65725158778145,155.49382231979624,219.46276141623292,231.3814102857554
275.533704878172,100.24164298503456,336.1841455130867,158.88359708776582
479.66029591363946,53.32994512334613,341.22128167603296,265.1583811568704
485.9125678066104,123.66609865169073,757.3828117270873,288.97487116685886
335.2682005410179,76.08803550221631,440.87446408219944,192.51411591327096
350.974820557578,152.4409476150184,581.8911976051595,206.3406724557651
440.11450837663165,161.5758134770613,348.1488882011735,225.2062494041354
155.4359501283816,190.2953104154927,689.0432748931048,108.5559545034335
143.32124605454425,118.1075510002895,630.8050469389945,129.97175761882872
235.45814645688444,50.32901267193334,725.4799677589328,177.50158157681997
117.13144245643102,136.40944959439295,365.6535408490847,57.18583777472608
188.03340889679998,125.18782553444008,474.9889080002105,115.50071791577676
122.67541596607296,174.7275896777558,531.4893817116817,93.6731349770696
369.6358496571236,187.80870548322568,759.200347741228,230.35746565102636
247.49411632058087,70.68897055397653,581.6925951923944,176.87402662365628
322.4564882304195,178.23451826378775,712.0345003032545,190.78295967018894
109.20864975073927,93.70367327322612,465.5768524397447,95.26105813679224
364.0035547275021,85.08818205830264,390.4298817442414,199.13588139378703
379.9595501913425,139.74682708678733,317.56504461657306,181.38423711984424
108.24877586532114,120.79853860483753,410.4196232591074,62.667442617144566
411.66127935215735,181.91539471250115,795.2541877865789,265.25277202948865
109.08617213299969,133.73649956211437,202.09376192493082,39.49858108817851
315.3321305685462,188.38046753767526,427.64892109212076,156.84765271619855
171.86919046637843,56.210363246872966,205.97804289061224,91.80534953113212
372.54202349010217,162.06491549284397,442.62042790718834,222.24454255237112
279.70540224691956,51.47060114200896,794.6095919895473,205.5196017891389
193.94903717139482,110.76913084258734,264.98074059435754,107.74057062167827
173.43386661426896,119.24729214949689,660.3890432992325,131.77152841612903
363.65167043082096,113.88064342059263,581.8057504928937,223.2665853767315
260.98141560959505,94.90429038975704,718.2011533827705,182.6650575423357
397.261759343385,190.7719709265946,760.892069569463,252.52804809828828
233.77322417154093,68.41891231699836,701.3157703681748,175.4280594909922
325.59642390452615,87.68121307162139,345.2890658136589,183.19249140068612
355.3269749649521,184.1666540278899,595.806951883485,219.95362188066804
424.6574434522666,107.67914147473186,723.4347916325055,250.82849836027378
305.98555780241065,156.91633739416676,239.5390154303786,165.73981017090222
462.2984155495955,79.19113908554797,731.1104903113926,303.5795633306573
425.54929868005104,86.64952634644033,758.3015089064969,271.5021728369144
292.8659670713504,104.5632286653219,673.6069321626587,188.24144266287627
241.39775833803023,92.70701102941905,612.8362238329563,180.60000526151683
230.5783236086163,86.09960096887139,780.3822626837707,188.24009824761168
235.73302640411976,70.15699816450129,659.1756710436716,178.3182268169677
217.92974879066452,82.46529106233086,355.7903529191376,129.58018943069376
143.84175693357014,112.21365287826723,464.0461584854577,78.96400833749199
267.6211797823577,50.970314749743345,767.9137992820828,211.8134187042598
282.61893254231353,172.4538760052435,699.6154855153611,166.3085276242135
424.5181522683205,108.97888062075711,358.6141041779845,227.70608308444642
146.29278487193997,175.33662767600242,399.840509948196,86.06261196587857
230.0487202350188,143.50209548190273,499.42609367538853,134.1153055875235
428.2354074253649,174.86600891638176,370.86176610291443,221.32652015408706
205.55494190263963,159.4786764268718,221.572474127809,92.44056313162966
335.85759260637644,84.42014875511498,528.2637807062681,195.32864852801134
131.3996288393207,144.11473123961818,725.1231103078962,119.45060444946238
494.1037493508724,70.22814545863304,259.69228973630277,245.32758951138857
311.12767674641907,149.12977686154665,383.58262924722453,167.94400100667818
172.47418078891252,185.32900157762253,578.0015198407223,109.95139635350797
137.1435447900042,183.32141829582199,738.3173148630915,108.0710604762701
234.07500307646276,54.54013113961372,442.8429215209004,142.76254048504788
201.97843660228062,77.90024554064183,270.5542049776858,96.67821913470401
179.42456960152194,107.94479553763892,797.8801623127074,134.15805282830993
494.4449679378832,117.65480958050983,576.0149796343203,270.52985357046833
269.3313555949304,137.35373099109756,773.6260185082456,189.48898010717411
222.34012122834315,153.71349915603332,389.2697734401503,110.90204601651294
223.87201709166473,174.4401751635965,658.770012996026,151.07954324773084
436.59796689704893,64.13703238238881,369.36052754981904,230.19462009286298
365.257075400129,67.62866619903254,358.41225403964614,207.2610827760633
122.0976843513419,196.94973183893066,411.89863085232844,56.69842503323136
161.20240823803084,76.577147684782,445.8115827043123,112.81222221448529
489.83433871823803,162.09981517486057,258.96112637128783,232.98044951826787
216.19959494806258,59.40471930163071,519.9984042541397,145.08444217678212
236.93017621840457,117.68092041166541,431.03574766755753,117.86997863673241
124.0590663464797,193.64680607856099,588.4550103740304,97.91234834083897
411.30376379402304,175.4813299618888,707.9912062598645,234.74804852817962
174.28391158732293,104.13235205508515,415.260338637039,109.77343538439442
467.1217850518731,91.35534175213394,393.3098318314645,254.06002912342726
280.04219783830683,193.4988591178335,445.4799888843051,145.3903564117892
190.49902348774816,64.69323396666685,712.7191354275906,162.46358906462513
493.2309372340734,191.3005477309396,257.19832250127536,229.87218930489362
455.19249320375906,179.88367687363208,375.64749540765285,228.7926022989996
443.27675887712036,159.99679347569807,683.1425839296602,247.48697153577126
314.19614677092784,105.19379700050378,559.0858747974153,195.18158777808398
210.2617549640007,55.21218122215054,252.2458933483208,120.31625854353268
423.3704125609696,119.77905419813587,660.8961166585946,260.73674145450315
137.71319834552443,76.9121363317498,388.04019683804586,93.7237395299129
464.7480507091485,149.8017017877491,403.07806905657253,253.293623266867
320.7546743169703,186.37397151837456,512.6779926264604,183.03341597483592
350.21596211990317,111.6376708431484,410.3231219360774,196.09280279933242
261.25983304326616,194.7624520072571,639.8437378194697,148.38741061239563
296.95699919054385,158.53520322755912,645.8215295030253,170.50194214782974
353.07794778361324,94.0928727536392,337.82872468212724,200.70070646469603
248.1772391546089,105.1712706436536,323.4592060829503,135.7085177661193
102.80608788317522,192.4631444424472,246.6499423120804,20.64607799254666
326.02139589331335,175.8022202871102,326.26541487298533,162.1394238921446
181.28240111269605,128.0396978822407,479.12918567287306,109.77532136916548
142.6468075995511,153.3971517240871,453.06117962726375,92.437711559355
312.3825029323062,60.6752336862355,369.6585384494043,174.74466818639613
253.64069078090813,111.35550116624424,553.494616810975,166.56660771281997
162.49453461704775,104.3943952708606,759.3362287208919,132.8842300251761
156.35381250041277,159.11823679767224,620.7869738662308,120.3920066857543
148.23485179714683,129.49453472366855,663.4161569427758,114.82060274853131
488.7590640691438,120.24805176496996,537.9560328894838,272.6306812322486
288.769081537014,153.08762755734347,494.7075212689392,165.316815163064
422.37463841711735,143.33585030414665,575.8282136282243,247.4684195278418
339.2342517807325,56.942927916051495,732.3829505156511,231.86119159927915
419.63724230122637,187.9227544242305,302.2232953725263,199.70090224891527
403.7135439436411,100.85520592103367,440.1531034244993,221.95243596740218
423.3141085082254,101.34561745659872,537.020466310908,246.28416491484464
480.24885424398457,191.71642483597893,547.0335811861544,258.4324942213661
138.83843896965678,53.3373477882593,779.908610233495,153.15669380446937
213.13444339727778,178.52867195148755,261.70369504880694,82.2974152339363
150.82204043130986,52.315714716984125,404.26837285897784,100.04273687662106
461.36666519470094,114.84671053682892,477.1563535444644,255.10295698598736
283.748530686022,179.5338527545205,503.5445050849881,160.75101134313618
229.93279841255435,152.96959441877496,693.8837983591,158.61615934529226
194.8088363542298,135.62478397610164,514.509520277587,117.29712207894717
313.7726271914158,113.1519087782525,237.3289609992178,157.94784329221656
261.9021463752896,169.31925870264413,351.92009244303426,129.6853634317104
333.6041933475633,76.14428829701265,435.2324525214307,187.03878558726603
223.41215724891063,141.3157072654251,653.7184733581523,145.56999097852886
135.5220750197133,180.5935630940281,668.4955585071282,99.71101065300608
201.4667143587485,118.14488148305374,797.7103961861111,150.67287556454707
277.4543170143264,77.77263365062176,282.67013547048157,161.54680343240634
368.50787838679315,141.97616878995052,377.16794592411406,206.47670298462165
443.9730952889018,126.32563386728475,495.34689660923766,225.80551762415413
174.72455510053788,52.03339163584313,383.3564930007452,113.1007594935015
323.8175310697728,78.44478775940885,253.4552063997712,163.74778975817463
263.9681762854515,127.24390017577198,384.7735557320068,148.91107713325968
487.2070173646116,150.3802503677927,400.915407210906,259.9399622224583
303.50018004932684,176.50125809795077,399.76434273108526,159.17092430758373
464.3241027489238,131.78717477344583,767.381981464334,258.05527971338614
131.1439710897786,122.34194381509997,561.8040060238058,112.07455415917676
218.38411294590793,99.6506368891122,636.3911794796843,151.73766689254515
168.48864526673376,90.52999794258972,251.1399539985455,90.63726218661225
101.93983033479208,166.52127325273545,318.7990791132298,59.54369815202271
209.09235057657494,135.2772057707627,306.280115375233,113.84428581396638
381.64891336840907,100.08571402476048,671.7932857358826,232.21871760273956
367.8860241697816,112.62543643964264,287.60888134089026,177.25644107410918
495.48107812286503,157.62409960808105,711.7345508619335,281.96879298771705
373.14289493967027,180.6715649285032,292.0736533619294,209.1500421443354
321.696540235241,193.8475808317502,579.7099238053823,197.30615189640872
363.1062068849395,52.89473970751996,371.60119978797957,200.26218798531033
489.8121014738709,88.63196930128294,434.525486905487,274.2371562246682
357.1542685953851,187.71083855902387,602.261645147923,198.44246645946353
302.90979309427814,68.76216842611325,291.5470787299687,167.92371785533288
263.79101255796365,157.03069524547004,518.2167164604924,144.20558753812654
304.53571191226445,52.11582892505423,678.339679041384,213.60361772707833
436.4568059980123,105.92810453726965,241.248373957507,218.45429881408805
296.41246022622704,86.47760887358325,623.6390913793078,185.54572777251332
404.2008791515074,55.941703083328626,307.5602940484856,212.60131843813602
311.4112216815962,166.03237513242595,409.54144932409406,159.32570477542998
367.4803087813167,88.42431413625692,381.1841761358377,201.01170658026717
324.3420213806431,130.790998334135,551.9981561037184,198.0405358569974
311.54005956120704,148.40556364635773,497.128974725385,178.41366048818315
385.2619664290579,126.75795568660926,462.2753775976853,219.47816865519528
126.40453542719632,134.98673655841299,544.0916555537249,69.88732379792371
152.8247882964473,63.5320300169032,738.2661654910579,142.50896707823136
291.0836639481398,148.7111746973867,482.7305010421346,165.34909794529767
115.34400097459923,77.35588979125596,508.5475502832867,99.53760789526
474.3935944690557,199.60956288125354,412.88413749671224,232.09377217704983
262.27334147435295,149.43437368246452,476.48828652110046,150.63427172191408
309.1956838398106,88.00152967461044,597.8656439876459,199.1928116558327
233.0629071913568,112.1620895809802,696.4450500172381,154.48668193723373
226.22796868774208,81.81443578007948,229.11615883909838,143.22365328269598
225.91583166442155,85.24005012702324,360.07663397257613,115.77991116861205
284.2338668602773,187.11788622121588,249.61218726055242,142.26091663945033
422.29916160315685,184.81632770224485,237.4971474850423,194.45825565966277
413.00335936493485,147.31934412571403,494.7161003403494,230.671156241946
244.15710884222756,179.26513271385738,614.6413594056921,145.46835775946627
302.95586130414495,73.96985140750846,447.2180704714519,172.03749586272045
238.20622275197678,195.94939002777267,255.84254823968297,90.26588388083252
180.87147998232575,170.6529155262886,425.89674443844444,95.09358629289535
363.02598480150647,114.92441153232662,235.77190921941894,166.7371660759643
164.85959089005289,95.70677447936845,479.5049542981895,113.9327325622077
499.0880988218857,75.9427028857011,675.5187525104012,291.4173428047736
376.4200943658833,97.79371231171223,625.1443583959983,224.24993194537447
131.23185965063402,146.83655618037176,707.6203177162214,112.99389109684259
189.83651312410484,52.86108620534291,241.81822902198076,117.70671868745548
231.14663234444325,95.88403534602656,667.2897327902413,176.89473645451417
159.76128032530883,53.34090805349523,666.6859969839138,137.30761010906713
291.7867044437533,118.17818655233567,578.4364623391576,191.67528878314548
238.5309817982459,154.35767909033947,480.8605213625137,133.13448437650615
298.4091330424275,142.59575619912064,210.54619327959207,142.13728239186847
473.54251082298236,157.01569772106052,555.6808841714969,256.891859773545
131.71697370164438,172.31776764314515,626.4024803565843,78.73513340963463
143.34966764655715,54.36777809189903,604.3154456118916,135.2447291075792
276.32258350916646,150.9240839800966,631.3466384384653,167.91856769469663
390.86102521433077,144.46534272634042,533.5508593673651,219.02298924698945
166.86865548762876,78.53979154282436,436.78820981950327,106.4852748834694
385.37632796114616,50.091731032344974,451.7981318729594,228.30399682580685
318.3247787159447,98.85791000297701,796.1647719215383,209.56468696623597
417.1011875620805,194.90675509847568,621.0797767021015,223.86844193029694
103.05246212083668,104.50752048460727,343.18878366901924,79.06605216674826
196.13225121548953,105.31919065566497,453.7176280845111,134.00242652451345
106.5199204571468,168.90707940247262,689.9447854612201,75.69076602627615
368.91755618208225,167.2631346884728,678.6831861985448,235.90946024138321
461.66816880765424,83.39203414141906,670.263193821879,307.712867718805
250.97121429086172,153.4318509330916,624.0859851727311,161.3500896006809
189.72966819938694,156.88254859915176,267.9786638940725,99.68781463999723
133.83453636521674,188.89253336172118,612.9600476961652,109.40931644625715
300.4618996438889,60.99850953611721,370.10170751863177,187.4363539454538
451.13564089358385,70.18127617459979,308.64550899569326,246.69634973715773
413.4003524936698,143.64162720993016,349.00964438257995,224.948703015227
460.54411610191914,185.5150749010792,340.0661409869882,232.5157378874072
325.68805993309036,128.67795295644694,482.6974058297701,213.2360938070959
196.50196205675638,128.54240896336609,255.58189426592992,113.44930490593737
415.6627800300206,197.69539450819462,294.81437961438803,204.74672798887428
256.3182250905396,105.13376574633728,276.36731578798054,127.95968124498096
229.13755154721093,102.33106785943454,259.6105809939835,117.50428672398462
468.0386815070882,177.65606277432693,636.3968768728112,274.6494890673814
410.7715531082212,74.08755126546417,455.176389020405,222.74108652827263
180.06244876118865,136.28763749059544,571.1710697791577,104.55394885409903
416.8940405282476,199.93771820639262,695.1897711455617,230.63072245080176
264.16661719325066,135.83250872021023,250.5543760096975,142.13601427635402
310.939990326178,62.21977813024865,745.6555356552619,206.93845568895446
231.44532420351274,169.42340685270392,317.3527719934795,119.20804627821899
264.24717901956706,197.68374989751143,760.8451297105746,158.1774194587773
492.36693620588744,68.37324412252242,276.6822519394524,260.23075344192864
400.69211661351096,162.08029436390785,393.07646971180236,221.56123886906528
302.36667437767164,117.40547428643538,498.47565548815413,169.79350390002892
379.90925021137656,131.46918426324422,669.5905775284185,222.71432308064095
105.18154440011207,57.67084287900383,708.2444769660281,116.46297621366519
468.86773176148404,144.14463498393746,772.2253954393319,306.78104939950686
323.84924167320884,119.45480087875197,511.4224497144136,192.4295705792431
302.7595013370765,79.32688112006498,376.5772922013324,172.12125723911996
191.95815734800536,160.66033738053972,523.7977176584028,115.8431273893845
479.96045234235623,73.95927955395547,582.4294321100358,270.7481623964956
302.4554175455594,105.5235768284918,295.2353063891884,140.1773214383164
115.64748820561724,106.83318215028817,774.7544650795938,92.34356783458877
255.65135294720244,87.16747300862136,664.0828512408453,178.11311536758853
332.33485751505566,62.4337813522938,765.2022984544253,247.73636517777953
159.4900446209146,143.62492726494236,679.1572014662952,103.80336854008257
371.40742893174456,175.16782312988948,651.2698532051543,215.48489412873874
334.2220016630423,75.29709834710886,288.15718199110756,176.96767120524513
258.02181203538,178.87223105156068,592.989288956475,160.41246448294825
460.7860158292447,155.47791849911175,324.49588291961226,229.13457046917404
472.2801645313885,170.78391657012395,211.08238175405995,232.62209127532708
479.047318186931,144.15493922301562,467.64587220196387,260.5065450179694
111.61868502562923,123.76646341867806,203.10131165588103,45.19575397255121
343.6161566359299,137.07046429928346,426.69694646809864,186.21686250580944
393.27962305125396,101.06898531843497,563.9251853381959,231.4997915959239
296.750979225936,130.4427289532407,652.1686028974867,184.81287900017048
187.50126440476973,60.89247272641056,770.7330502184844,162.4258406501808
100.30350263412244,138.19832413761057,271.99874354607186,58.540252412687394
186.70969143329688,151.0425289425188,228.36187288795014,96.74230025251472
316.41934226660476,66.50136261293096,313.6395873892922,186.0114566768084
365.33640001676736,142.83884462220976,474.733254994291,204.31480929948063
251.9409344398624,128.6258520120562,432.88019027696475,148.2021683518125
130.98832227168006,165.81418693283806,384.9479624124127,56.41041502167988
405.80674477601735,102.05681237879446,521.4322372139858,231.6807176066725
123.12853677683546,127.75976477133375,588.5307902123739,86.78270600447476
182.87121829298025,63.22243783460821,678.1795485940081,134.19582270017057
244.85654782513936,196.51021425270912,714.6797891425881,175.759491926263
398.9236667799199,55.86497346820969,485.8606590925436,222.62208166944058
358.9757931961932,99.05168642776371,618.8831664915324,234.29994812650926
423.12735441105616,64.73139197409058,408.95934083950533,228.56419195733332
359.1190441451726,94.14093088712475,761.9347503395314,222.76526999457909
151.66426205238017,52.558057531127766,272.15844940327236,94.39342835785648
422.09733485925796,188.05881434061905,259.65118853127836,202.74008333794512
442.77549569732145,106.71748837503004,393.076281932107,232.424444933813
362.3880913142831,75.3913761067104,564.9182538071832,221.22211682118314
132.14093602943035,153.04293774511262,625.8801646399105,95.45329873146635
339.29526603589034,168.39147161808066,248.84096041739275,146.5919845256206
251.05204611976993,131.77748651484404,573.2592556256193,168.94955179738906
245.04939766104653,169.38541753654252,691.8766008244877,147.57298592120634
311.6219771271493,165.8719845874091,496.50697867889613,170.06007247633775
355.04986977995503,75.02969049934951,212.20884320617353,175.3694266369323
277.0717245950277,68.58246794749302,504.66280414181836,178.47735796784505
250.33122879231775,151.63350516203317,522.3678021389852,155.93803364949687
294.6876092622646,104.4094580690452,267.2278391970366,148.47923692963704
486.7584710175985,193.44091874680913,511.8543641131732,250.75078028444958
190.57458370314913,97.45630526964453,597.8599575689573,141.39069806746986
162.2094168124085,131.65627220256027,532.9153078342106,110.5340206555182
273.1026857960288,65.71832298144086,768.3020899052253,222.8437456924245
476.0232911043444,171.42653828696717,578.5874373208114,247.0895666849898
214.64417169381815,199.05761258068233,298.6572412917745,100.30923485583698
274.6471241820949,64.53142007305027,586.802414393134,182.7213510389934
235.57277010578827,76.90134272325453,412.3010984717188,137.51043342267332
333.35029570759195,141.08405590010165,325.1841458455766,165.24143666673922
256.80032195860144,78.89695062101666,383.11907432379064,162.4459558798089
473.5055334360732,107.94610871916476,378.312646505455,253.90137687038538
184.92453970141267,74.96514716473672,275.8606420679346,95.90961197902816
100.29388930189258,109.47422228492158,616.1604072374377,76.76724050363201
280.22124421283286,133.0207800931929,334.23168642318996,154.49225167961015
370.7817804212288,142.86613578993348,373.5889667292596,217.89498294895225
226.97107945494955,87.6413303954125,611.7213776811802,143.29013407998977
213.58790376340036,170.98354588312182,641.1343114627758,149.47950925946014
481.63188374269834,147.90926011054984,297.67009403659915,240.19148538000024
443.20191765897835,59.05024040935095,279.5461906302596,241.01606342581096
445.9175433480706,137.64759163847663,641.6043662767277,249.48708183659033
247.2746960852303,192.17867227159275,738.032067384299,156.22632373302966
429.8370008890734,88.81386105627146,312.6283310455416,213.0477414151788
484.99934586226163,113.52140901299154,650.9294482561638,288.6391420920737
487.9821166907746,150.0758676289849,377.13259288004116,243.1820719316333
491.21554708870303,167.8991372226423,479.1437861086139,277.838145060142
419.4183120798518,53.180791820867555,741.1457836914734,281.9836271709821
418.1781947513187,164.43588843445667,530.0603060902367,218.857341390978
445.5245743137303,127.33675901753314,223.8051277776773,226.29715329347323
386.5089840682008,180.76149211501846,508.3988303748633,217.97774642189816
399.707036144159,113.78968694861092,260.34390586447887,205.29697061016768
255.9556103851568,140.77399214551994,300.554957867873,130.01513529363575
343.125585062096,154.1406161335339,277.6956694275914,160.64202658965954
447.6291014489305,131.76498234263173,770.848860826467,284.9986519370857
185.48320863507644,82.07394921909605,404.1229602564191,110.70342960972467
365.0086756383331,184.8356956600775,280.6662582913279,170.7077307740862
430.00989112772083,75.02388586530927,563.2024756524256,247.48039858289775
413.70707923297596,90.38967862922304,705.6110334973868,272.58539199464633
253.22977849449634,86.20767865384452,350.0906712632909,141.45353617792856
410.2502209537369,123.58975594305296,714.0578685143407,253.66641605444474
161.23121774428756,125.8678933717577,349.69168525628527,106.36278882384697
272.42522937942636,81.80083426364067,305.01454412889916,177.4351561106605
236.1633046966873,136.55522610729457,450.56304778660035,136.10796268296127
306.9325851182874,143.5677065234317,562.7338467663426,172.78233263642508
372.4751179280042,59.24513819459457,500.17724581933504,229.32281338086338
263.4227445778425,174.55317557243114,580.6781533900084,154.3648011692561
115.32338346761159,109.98759683305634,393.3091512822789,83.20791549321844
174.24751388499885,142.97843462322933,508.23984977924414,114.75734848508539
398.25702718955876,83.10135765367636,283.17937995514114,213.43323276063546
342.9583317085429,175.62164358305864,300.59004326888885,176.92588300884555
192.9582798905078,145.14782895470043,648.9359400547928,130.9507108777978
498.38411584665874,76.93650746038479,523.7855713161266,278.0032693511718
350.51535699513295,151.60981148447783,546.2324672701425,203.63082351446576
353.67413578046626,123.13756367425077,662.0373644139347,241.71188549053352
158.9301691412623,109.39581689725625,722.0268285499754,121.995885864051
459.79579705135995,171.54435854523263,470.69135532474695,232.00166465857814
428.7912975829583,95.68154831496904,517.5421309787981,245.562766141681
308.94710404952065,112.26157390858775,310.2705013554008,172.2820470415208
153.81049910246668,133.5167548025701,337.2700519527997,95.70022848235905
334.45917216400153,175.1608172581765,569.3219969114602,184.57250244060347
174.57789099248623,103.20805862196846,736.0488350021362,155.84967509363776
416.99441047353764,99.17030077610563,289.0173505229237,227.9932637248757
408.3709886460201,130.03064136826055,642.2042829621755,229.63880130928442
264.74188628838147,188.82027753354467,357.77484252135275,144.78680920494386
442.4870072463368,151.47046485783122,693.8164315878801,269.19148359619993
170.2652553320952,175.87616304385512,519.0677844140141,105.50450542043116
139.4271714727189,135.1120528372341,307.4796077518772,91.6702475387181
388.0644605112279,64.0842641695465,327.0141020649602,222.69812182673556
317.6540087000218,178.92707441885855,260.60152448686085,138.21423333912836
206.8556421425156,108.00157265291783,399.25527188151443,105.11653093373714
376.9371231845107,192.74409984246728,284.5815480690379,179.03852179879087
128.9091698516511,77.0971610086402,506.334457732964,99.92123966197268
148.40570698274428,105.70957738306004,238.5863039440206,79.240056801607
326.46793744773595,161.77303770297777,286.24271868672133,142.441980777684
151.25794117960936,171.19772507776955,625.0847166296013,119.23131952565255
135.83972305043557,71.23242197266339,277.842872876047,86.63818991239933
348.16434268692734,125.59027870450196,658.7585951321525,208.84795645482075
126.03659613867433,90.64749839383634,482.68024721235207,81.03945127442088
196.94298542185172,91.57745116464199,735.0705221476472,146.09306356141025
345.74436560978404,142.4140424619166,269.1602183021772,177.08576051524332
315.71561971326514,80.08241358857046,207.75260063722533,151.10426634174587
464.0023122301739,122.0754658197239,765.8754472576796,279.95554857952897
276.28920354692474,196.040732150746,601.6324644223705,168.36659565365466
393.5746686225081,114.46268223519843,556.4723502949653,231.1575556838611
354.3129796516889,160.28493393681427,477.99821278738466,188.83239705457274
393.94132893437467,126.27958667107278,395.38352300928307,235.21926567855303
434.4278550962895,196.9302834619599,652.0559929789656,235.38988454131012
392.8543456165817,158.23464507714357,282.08993956709213,196.133923766589
316.63831409563005,59.518544831560256,607.7329216346709,212.53308280174113
439.68988398581774,178.02001332690833,200.9025279219967,198.83629270896736
427.7301317747225,148.11016482813102,467.1627306519344,226.77406552628884
443.66599264579054,171.83131410985823,610.2678061080567,246.8152027239939
306.20877449249895,125.62957588444324,217.97516190092244,137.43323007870958
379.55681354823895,198.07959810365625,310.48156312976005,164.77730840167754
498.4689622323647,116.84682569155959,364.66711656622533,255.93947516157272
406.356037006582,162.0264460362872,668.2785385829184,242.13848211184416
496.3552578796033,158.28284584926348,212.60584030235853,243.04127159698317
400.25739050255254,156.48016824776613,262.6000249374568,197.4851868679438
436.4203414093803,72.4851539396528,580.0634922010518,267.21288228402403
116.4950339898069,192.50663362034481,691.9489872101435,98.70781271927365
143.3435894116289,182.67530762934084,555.6954734304677,79.68539757513717
218.24359327189052,54.9961199292582,474.929888215905,151.66285320105382
180.34582153093962,50.39114984419895,292.3007592862484,99.77791496462099
136.62007995837672,103.01916753035015,710.3455059695574,121.13303945361999
251.42970436708646,122.77920212761745,619.4957694718667,163.5083244854116
122.09559992077419,155.09244346500816,619.708203567088,90.84231049839853
219.1971667933518,161.82651148470086,464.1026374671788,114.65527650545268
321.63988614686946,177.42752250449064,311.085632466526,142.1813641497893
194.6316207585005,172.73902746067648,723.9116280280384,131.41302976555718
258.09796622227367,54.462624647701034,427.228447066886,177.2512262017496
284.1894855723624,70.36629272098388,666.8458704201055,204.0945809433809
453.2735328156356,199.68345723758935,332.48574577956197,240.54545713173127
227.7390212504754,138.17012376802813,406.23797510143356,136.27237975234533
241.5584008632218,181.34343456367355,494.8448363213761,135.1196209327574
114.45301915463628,196.56131801428282,684.9482349624282,82.34955887024735
175.68360069463262,173.38461605524446,453.38155638995704,105.87654178701167
283.22125860527444,122.60535805088429,609.0417874230875,170.36910071240368
294.83518545953865,146.00547095027156,501.58929169943826,172.918999988446
415.7356171009701,121.4773442328794,679.9614982593225,255.48239518881277
292.73140243530315,124.78540897842626,439.4504701388104,162.36833273194745
337.8333687023197,50.3323042145609,488.02865576036504,198.77892651973323
273.40406611148615,181.36773468034096,531.0028275720363,147.14938742314192
247.9575770890628,100.02365286475846,496.29582723849495,151.73379415250255
485.37639659235987,180.87325093760487,654.293488829107,270.97709746251314
189.06384397607178,199.81929221709044,374.5142227956538,84.65375052522499
100.19535868568181,78.72300874155788,297.93166075925234,50.31981541416857
224.92953066542074,138.13733862864007,217.13764595612875,121.31417969666042
352.0268575253983,147.3459926127601,501.3121169484382,193.95459392687172
267.8087771392536,147.17485456331428,248.8907164967845,135.59210430842333
384.65920662418654,123.82378091252394,239.22603827036033,201.47597515331157
331.8240251371937,97.80168089987679,229.559580799387,173.68659463782276
339.51126774495197,93.34297361733307,236.31997168697086,171.90149761539692
193.6451778087844,90.09805382038056,508.24710078273756,125.05363884100419
169.18290254377973,168.52240609779048,705.0101390665716,123.02394492712762
294.6647652615919,112.89601463165994,565.9126596688268,167.47252323149087
369.3887280248367,192.0820642598928,579.2624426573227,211.9987878195417
295.0123660084951,99.78156740934801,553.8744361106917,200.56680700849606
125.48502024640257,160.84591464594223,370.3358980684018,58.48822488513196
258.8301310573736,94.64093364738568,230.81387378108712,140.9143913878982
150.60670695157,179.75459955560774,554.2767000069153,98.731126106888
191.12937950747778,82.25266312187185,421.0138159095544,107.6774922460336
128.01870159389335,165.86361010171595,544.6733161062687,90.72227265845261
405.0187938343024,176.16720384958785,409.7491976087713,214.96806701125254
277.58195421329805,196.22223306324412,450.53908001248,151.07184899912386
481.61730109434427,80.39232505504448,729.3503660752069,299.4741209352427
357.4578775491705,73.36723212642877,619.9691568114506,206.99603945093023
478.64633311215226,199.33692642896492,369.2600643798233,248.8790486491682
405.31610880998653,137.36938343473702,690.3635154420531,245.98381634933384
269.29138063971374,144.1359302079207,668.3405793070951,173.810393404008
403.38180481033976,196.5319497746854,723.8464068318776,243.14482803163494
307.5382104582369,79.77192604934197,388.6116803609925,170.79369210584116
196.0868773596158,191.0200788616275,764.5115104894694,129.80779049802956
440.3459061210785,70.36260578985954,580.7196226756844,257.7070186028677
459.60656148087395,108.64206366975054,653.9524836891671,273.50895191186333
144.73900690256465,181.87270574084474,506.49264098840956,90.78332770609711
368.74878650262565,100.3501751399534,629.0664631426298,218.859403097034
455.09231514274353,54.65117339832477,462.4342748046185,259.76078786259137
449.741855523308,81.7095078887141,348.92351502189126,259.4292426123565
318.3176389795678,130.2627280670423,433.02191845532457,160.5130081751222
173.46309049912958,81.30494839279301,796.2075918076065,146.70316131244255
134.22869800901154,198.35492665705408,500.1202905359642,87.72423466327787
272.29301320364266,98.89281807160316,632.0897025901975,178.2888000857827
368.351148854962,51.09090024183947,424.122884271044,227.4957407945207
371.90289970423436,90.02891344255335,458.5457638346304,216.81170301449978
149.39830826287556,150.03175824045016,605.7499855109813,121.0961625124954
207.08063606468272,170.94142997893482,345.58820802650825,111.26220441952785
381.08197087701876,176.10796789766235,388.5354942898525,193.09584511391637
140.76426423114881,156.58840106673932,467.4418719982271,93.64615329021483
399.5205118236741,158.24597661942718,552.4039175545016,212.63781845126164
316.8158726334257,97.12750467929453,349.14224930512825,185.95978005032623
118.63129308170826,197.01742320964092,497.1207951465353,66.77488364427815
448.098335802472,104.3316499721032,578.9108776211219,272.12654948760354
361.13851742881906,143.15033125143572,719.5304123577672,238.3882961551978
237.1063075138204,96.9323825600978,324.6246553530586,116.50476387558157
272.944525440278,148.176899192335,453.4991955911476,152.60812612003545
141.4903315385669,76.29060612748945,259.51458697526215,70.53903877433076
264.9326681454361,148.0584169410098,328.0341099142948,131.7380785064133
487.9886211920445,140.81180336751257,445.8483431529645,278.389535558756
323.9219361944426,129.70813862635998,670.8650510610742,201.41274187600857
312.09106913546174,96.06656018125261,590.586210691025,180.8218091514539
287.5318801535209,174.10719051387724,368.9165605297852,150.35676939005157
499.679859497582,187.1603858142291,744.7173331156592,293.90391106917605
486.1308619043111,159.3114200819578,780.7675908589964,294.31790236141376
401.1844264704069,186.03570341007628,292.63234351578467,209.24585751631463
133.49565789562098,108.99503670230865,444.7048051344384,101.56501493570526
444.287895915123,95.14241197062763,638.343354381167,260.3113535171874
222.46047338204957,96.68507653629361,271.3753279247351,138.9913909730955
163.6723232331476,59.75589814086389,545.758923738953,97.34195722920681
146.91768249958085,74.82157092062077,505.83174783686854,110.65500906424114
240.64019464775362,61.898458865892195,250.56582982193316,125.37286112494009
358.1349217188384,57.97189397242305,261.40623236852116,181.30674159755094
351.4383714157568,169.3928253309894,242.34444534458964,179.2299912673065
213.25354894685114,170.12431465191403,794.5267518088436,156.43040980139233
163.22528200465564,182.98616223416474,468.19682959944424,95.5406954042963
161.49005699391068,157.193638790009,228.88918704898657,75.56664380692199
496.67180476978086,74.1563621346204,333.9284757032367,271.28657716112764
470.41059446986395,75.33563531021741,490.02811240966804,250.58716589582843
319.1148696606738,167.31661418937927,247.84133433575815,153.28902364509872
120.67774875658914,74.53063652335652,301.08973927898944,71.81511373350534
172.888166858171,150.92762518433165,358.43335559171595,85.88665405745785
477.38108196274385,85.74378978246108,449.33530759244104,288.17193636017
128.5629568780864,138.09973493689392,255.7787849406604,55.21182314367679
168.43084087916185,178.74215159162924,665.3215545376494,118.61066977068603
370.80769172492376,152.2133406779098,250.33155152153319,189.32648623585783
165.1829905633905,62.25954879826384,646.7401804507224,144.5917554120151
289.4665804182554,68.40461900507842,556.5771468370392,177.43859569150138
393.19333660072283,94.9857585464052,770.3835681236741,251.32476056078974
165.78666988658526,155.48786874091115,510.4709374972974,105.08117763694621
313.67911477721293,130.84756533621376,493.834293957967,167.74579947332933
292.8110944496892,114.4289705923423,774.2431853351351,203.31730897663994
308.62018545670105,71.5155830596194,556.852116447968,182.30975995696275
352.2277722257385,104.10325219517236,319.004881759765,187.83232923922324
138.07213942640377,97.08092997215462,381.9327497599653,107.45357854661522
495.6051188867703,178.1947152177504,324.0893547964839,234.14766282681555
183.66873526644395,76.21436760034473,661.8721878280089,149.6413594129744
419.2678082707194,109.09315030324598,510.43035219331705,237.21338454089792
385.1899155448287,74.18666529911621,569.8450496839735,224.41993514168178
227.24384946544677,138.6651650878807,374.42993140074566,134.30543925235511
112.4225859604787,182.51099142088714,263.0377300484497,66.17436834080176
249.18394482284106,113.5786906851358,324.49965034857973,151.94925284689668
451.59369156312766,170.2983579408538,500.4823038329858,242.68131676017364
336.60058620807973,190.5035538304874,724.3100351730608,182.5692912470461
201.53263941845506,94.03674220094223,308.20836716744566,126.87649734820212
211.45719194560297,59.81718173986104,401.72199030625507,130.77646328119644
354.4925032156508,174.2948442357967,773.6081912031722,211.6876183462547
304.8937884944264,171.42048763433132,761.3471590729838,196.81187008772287
205.25302786604237,119.28834134519944,552.572218277284,118.08874760569746
112.71674306973041,97.1006098869536,253.84763209861242,61.150616495545385
345.9122577648472,103.73667323353227,646.7847174799556,220.16986469327375
496.19314838190587,103.28792997958601,618.3701510141714,273.6728263688721
389.6015192253778,72.42746724546673,601.3395142376917,225.40409026454518
230.20821889561435,133.78249750645898,771.4459529573086,159.9105106963647
460.67119273210693,74.86476752324114,790.1687735800939,289.98124097574106
248.06893130576717,159.44545251919521,638.6630278061887,142.37920760813435
308.7266951177309,102.09306909771453,377.9360905805602,180.61967367684898
126.10972182596494,145.69936733395366,550.3268104058936,72.05623581972951
325.06234554894826,141.78853623360044,460.83113154223616,189.06899093518726
107.16445936029824,80.76526665833677,232.4302277908458,71.94894107908264
322.0282940059067,52.208702683162784,793.7918544178772,222.46431912907565
271.8730530074249,50.857276924873986,555.7736175907444,178.86117751997816
497.50011467204786,73.58503459239675,649.3131410908251,282.22280321277003
222.83445513345654,106.59533544064838,663.4149362930941,167.9787220695249
334.1324665778394,101.1256819411876,546.4780116238162,193.67455561630632
444.19279294762396,125.60328591879671,761.779234817787,261.8455712107901
193.44861067079657,135.0760682788022,587.3698128108463,129.63863245793206
265.76359338597877,69.28286201920963,708.753579852701,180.87128701729216
177.5967639155661,186.25405766061496,224.30193414326925,96.96840343118166
146.31395694644036,89.83295001586195,400.1154767947979,99.81786483063802
200.3765894231211,69.58093896225265,536.1155374085015,148.0498987468522
482.2631391277965,51.8875163707454,770.9308141965645,300.70895118044575
119.3953503828657,92.39625210535851,683.4049696246705,101.07607956870314
424.68663086218356,104.95613952917984,587.813359054903,262.33750568675686
193.29181223751152,153.53234331414774,368.61174984929744,102.09501233831541
332.52659566865265,102.21447842065935,538.2069039855587,203.63072863304006
340.39187147405664,174.89130084704976,222.02927850043235,158.93379118394694
154.28328693765866,193.4664071067473,396.1111572928636,68.92833898033997
150.13112928188696,58.62737195145503,251.99953412823058,103.47734518327643
269.6484705715845,127.05924775518768,792.358728501658,197.93998396808672
241.39481500199,140.7675912146038,337.42232904036746,107.61535617168732
217.19935242662322,61.73043987121454,457.3910901183043,139.83341477075592
486.7830602873174,180.91153281968113,302.4110984274258,230.04285634729038
351.7355187420847,161.85717278795676,351.52801907048894,167.59428927133658
144.01959038764628,131.5654868764325,212.07354466778463,60.22222029800635
182.61419862509888,134.40999789050204,611.3639580816946,131.84662086955322
258.52534705945425,145.55458778348128,431.1827244542559,135.40312944670396
314.7051642148633,156.61597105735345,638.6621395976848,178.86513122775926
480.48704774311227,137.53322560578334,369.03695648365,259.29246942075474
267.0457369357746,156.2889788368107,705.7992604580434,152.769977268986
406.59855224291573,80.51878376712378,403.3012818709378,220.8642512786726
124.5053901995457,181.4210139347029,314.9716133813399,71.32775187164299
485.51853407138213,129.1908666553404,638.3786943401983,282.7394518200389
278.54319551606727,141.54013121027887,278.1160067661932,141.64155904929862
351.3856865745097,149.04309511696079,391.77884971126406,179.43801521025347
487.09227976488825,100.41243431160156,472.16365667677144,275.7728791898131
350.0598276640866,126.91846180789987,687.7296973229822,205.79755398317005
357.24845183570255,158.294430640739,715.6785757616798,232.5757068415291
262.00756364308904,65.58273918530759,704.9689391289148,173.9378365341991
141.54269612137142,118.45283922548873,397.4842478365375,78.87904677992857
174.1611778211336,76.46821619562374,690.144496063032,163.20123982557465
255.370745713669,60.247586984764,473.99404734294677,149.49373377694135
109.86267973545836,160.8869819471255,642.3696619524707,99.19581784944661
358.2730955087975,133.01610181301336,230.77188228983633,181.0826602547838
401.58780448448107,138.4606961783088,500.3711168004836,233.71546155774908
237.40868723985042,127.85607447440427,587.1498222901731,141.03221165198943
168.7037599603733,187.00575857426944,700.6461791809231,122.70317351348382
177.74278048461855,82.95481272563578,284.5402797566396,115.13298551990736
147.8037144760365,107.47132098416286,716.0009253849337,124.42299362118666
232.6620746960881,185.064373128609,786.8406965134665,164.9527793904275
438.68460713469364,199.67785445985962,672.4983717756119,248.95825727934016
419.5363119175598,149.70085617769536,440.9733626085685,222.3400674548711
446.2801209826772,146.73427516685368,454.82708902399565,230.8720372836424
171.81732892650143,137.24911316994746,669.217379233877,112.93020868001092
427.74361194102994,197.49688489020537,391.1410033924145,212.11345709458072
356.79343436812553,85.11567280041356,505.08683267656875,209.82775018154135
320.57798102255026,194.8839775618396,383.1843580101555,169.49316932533077
497.109398451978,128.05784562282992,312.8934811586414,265.9083120968061
121.39175175047852,67.26939009801927,374.7453100452523,86.1143082759924
340.8910419530301,79.73462090348164,288.7756600926449,173.41618532174934
429.06254919615435,168.75555354480886,684.7007965835937,253.95865456009852
458.6263563624694,84.98898796692217,240.981562958633,254.0024587588288
245.20494794401966,162.67142667715046,486.4021491875202,140.5728681379907
230.02846065919417,106.2520363125241,767.9782226296091,157.879316180801
452.0467343788896,56.84964033414162,766.8779468843409,287.25113485441057
396.9368822632801,104.40156387917798,649.1025571469104,239.28602499808616
269.6183971779022,178.5827682695886,511.0531235214694,157.03856978157995
104.39311838060542,120.03930298046616,425.16934379568033,55.54106017910568
120.1406203131194,198.64353346457506,781.0948863100492,95.82315980610728
146.81598191752857,117.98331223340519,372.3805257334469,92.10673507072437
139.56907301444872,69.1570286131266,402.2762511288862,95.93929776600704
250.64347570571974,75.89494433072798,375.5995490169338,152.59672618344334
408.09072324227196,112.89642888892627,773.580462424394,266.89167402810165
363.3083390551492,111.89133769067851,573.0502092165277,215.90848064049135
274.62672858914243,55.38201706163729,751.7314328485996,201.73502054101584
239.09788526132388,103.72779465797379,705.9569647366977,173.16003836442167
138.46485102636964,55.793789060489516,744.1515857488927,119.62630571490556
171.45837051100963,78.67317662708787,698.7691636545608,143.69070531071125
467.9939215142769,196.53262257727064,260.6909707138235,212.0518242990466
158.60747140279403,70.98033048584948,552.8085840994436,107.00576664481589
210.85180644113723,113.93194421802622,307.3979800592617,113.8426120925885
370.86526147184094,82.3260330220134,354.7793088917149,202.56606008633818
481.1198926108246,112.84812763841207,782.3453166978707,302.1997330239143
448.45348232708074,56.74837055351192,352.12470503331144,241.95997158703213
442.7147888280948,194.83025031297856,429.2392300585519,224.6905477683327
474.376031236373,194.44639368502587,379.23310901074683,251.96060310131827
411.64922571765953,142.43226850042913,598.835605509781,249.04614526946037
381.0823308639948,86.61122516512725,791.4952996660127,243.92559037186592
477.3415516269035,175.37185933629564,325.76715316807787,238.2480752526011
108.00258659061659,191.68456035782802,668.1845714026288,83.1555978512769
452.79066595187516,95.55066099536212,202.91708519236994,207.58149094854008
446.89997866385676,188.99133224539673,533.8160191877183,253.87684476028448
328.2777633833674,99.53003901157696,558.3167088055619,214.61953663409474
453.533107735846,103.79214351055813,719.5515370758657,285.9745442383539
181.45892464832963,51.177830104298565,738.221355408003,153.24127886099586
191.3080970699931,82.57202922583002,711.0268023093731,140.53957837664234
242.8159059794671,100.0356624175487,466.9133806825197,161.7359765399212
494.0967919911185,105.33508362857185,544.1621864511312,283.8193986862881
121.77319767880257,176.66651497736257,491.59034811854315,87.00091614869403
163.65864576985268,177.6087975146272,575.9133035890288,110.57676192411516
306.93620232537705,94.33922710205454,331.3251193348102,164.48705773918454
350.0193458804858,166.46438380769382,567.4763858186012,202.56695382668525
193.8529089750955,63.02001129006251,585.4054793181245,145.75361139120156
184.42336142658093,199.08496623883374,752.6366369944344,123.44211111562781
362.721355618884,78.16331796972935,764.1558705427997,223.5839476696756
445.7033770429213,59.544918049645915,561.9686267480893,263.52012464967993
211.64482165064769,123.54314322103797,288.1421967790292,89.53271701244239
486.15431484034593,154.36142616054573,557.7906064761087,260.31783065292825
481.3521747342947,162.31786583254168,236.4492913582912,238.9370902800979
157.03858486770073,76.31410145006555,310.47819903555967,91.0781723871008
472.16213816272216,119.62822748690624,387.9758256130016,257.9835948939393
126.8400540495203,52.85161489752193,494.79010631420175,102.32355939818372
493.3423126689677,82.34625168267152,426.70345767975346,266.5865089269771
157.5679415564562,133.42285647988723,295.55464733440596,81.73620622263742
279.8118642790011,60.91396435485797,233.39677015576058,141.4238549159605
211.09812578746366,169.78875962176176,307.79946143590854,105.01680828907776
201.47111022257272,146.0019809362325,585.6506245108394,148.36188690461802
316.7762811380179,135.78256651140418,388.66822624153116,168.50596184634276
174.2501215795504,74.44148869456744,594.0046223865388,155.43169111478002
255.32853465522587,68.54396889665713,538.658504310904,173.44597093980394
219.09683414325787,130.43012996577028,239.99590541069085,106.99651514152714
370.5105194962116,65.97148312051925,617.1043338100787,243.91440705583386
124.74063531159857,66.9592421305024,510.9051748558151,92.81284700967129
447.4535662770216,106.95994870537558,545.6646829082697,262.8720124626877
319.46299996647497,180.93403741730532,339.2157306865649,165.6126734301405
144.03464814731754,72.36703143274099,654.4087633513357,124.2982715481465
267.4968749621398,57.84045036945925,212.951895237312,135.5590626039655
328.21897478320125,115.48051255659121,779.938083490491,228.05025539010202
181.048155247544,171.64704931778354,654.0729711186905,121.97215188719775
363.62353074866905,87.50489911130397,372.9914872678942,210.69340845776958
337.108621166794,154.61491261264666,492.7476366991064,194.95767514436278
144.72940673791746,106.2405894515386,686.1299500615845,123.11919421883333
122.4385522954698,170.64496853781395,377.64656742738407,57.00330957534522
257.39529890039967,191.42242969358804,266.71701584914695,115.22179630947655
471.71594625731325,99.26911545465467,726.0189501671606,265.8650048914992
321.99773772127526,53.24845910910228,736.2890712976808,217.17354927167565
420.6937519138401,58.99790077486572,541.1975339111127,268.85783242414874
338.0428385289972,104.38119218560261,528.3965107676668,209.31825302926129
107.90886816925189,150.55546227031044,673.8362162395618,91.62009531662254
490.46391394934074,76.22879723114411,342.0851344878226,268.248378681558
195.54304014905938,83.10348189771395,483.6344422451776,126.37788007110758
322.1668512759192,177.81690345650483,686.5627036078375,196.75725035152283
177.8531700063088,80.94925173154566,757.2965908068772,167.34227865350303
320.1072548406653,92.84087984944071,738.0241595960064,234.50572641469986
109.33939887081605,76.24914614983766,644.8278147511825,100.7961353520963
110.66489710645166,95.17454997260202,653.5104909012645,101.87863291388116
211.5052099476323,73.51853696352595,422.404463901804,125.7781275036992
405.3893101366489,120.76215852873366,735.752880816907,243.8623490554053
258.1277024462132,164.20285472546652,677.5598994481909,170.53376573549258
432.4968528949203,140.81138763542623,627.049143970564,241.52977701179077
468.31904723553583,159.783613608454,606.9406132689419,268.4381466520157
336.9908237101399,79.68217192510673,293.06998183523365,173.23522837428774
121.52562383526964,126.78986458839822,315.80932732688024,64.54248684313842
439.6755508219478,78.8282985755274,544.4253685696391,251.73072573671465
292.35938209409926,194.8748345279384,335.654705234622,150.4759924031467
398.9082961715138,169.12652072573783,503.50049053019575,224.1125992950791
154.2977715001234,189.6665681012383,510.3707910539542,97.00048793643955
440.41942438511234,94.02545686230556,266.6922734747719,215.4449190740256
397.1137327292528,76.07872912184045,277.86585798881237,219.20846077018706
125.1555976517663,168.03190358372456,617.3888192867012,103.02747676801026
350.35192803113216,170.7048777024703,787.8261386483318,219.31910179410525
292.775176682777,166.4006119558077,542.3001027087683,168.10067896303818
384.4258098506098,80.97729718670314,597.8326820536358,241.29689848443235
365.82507297959023,68.4595987307345,405.2601907747993,210.20146396534363
221.3023263388635,185.42970089738014,485.6643297414007,125.40574142565012
492.78553560033504,125.63059235630676,470.98389858144475,259.8317544209272
281.4661326222973,146.61077255942695,707.5637344047896,180.3195190583174
168.95129786098147,119.95146725752775,519.7641616951842,102.06974872840884
382.7987371127389,144.1694071638521,365.8968265147205,206.42749122942183
160.8815626504241,120.2046710301698,234.00035287369758,70.88817961856199
264.802838306598,130.8169433069437,212.26746131269593,153.0791727631232
201.0809041690049,175.62232098883015,330.1962586011383,127.60418166965181
476.72344162535774,161.67816221618924,348.9591557664956,226.20638323065768
272.0586988353971,122.22270137202203,465.8507319770084,156.69146319533098
349.3762854208567,183.44628242089516,407.4089221923625,180.71030270420215
126.1824320957993,51.628488989697004,375.4182464200311,88.53983898407475
451.813286671315,103.7138905135069,283.77977709247216,248.07042727092613
400.0640534900604,109.37044523469021,659.5018255549721,241.6196146255648
244.7081411963328,157.44685132482948,623.0821062845755,145.0994147352665
222.75162600004018,98.85123866105103,393.73670992796986,134.13073532103695
215.95978507908717,190.51210056533574,417.4134289977992,127.34168996206006
472.04478058297866,162.2170904972208,547.1364474109134,264.4366908690018
384.32312226569644,57.357714344981005,701.3234907302606,249.90451137901803
155.2572131826023,63.43853650616037,787.0315544565918,141.24355177525496
290.05615681135305,152.4104218905468,362.6231884563148,163.11482033082146
336.5025460227486,81.8421898011729,226.03605883753534,176.9227213263565
494.0664059559952,70.65460343272271,347.8578041366965,268.8823162515369
345.0431422866769,180.10362100246886,766.9154328785704,203.92139285335443
178.3005375351392,191.25955494722638,678.3506084953981,104.56884340895199
357.04366807995626,172.66743081169082,543.2349529518467,195.40206611264847
224.10227549778855,121.19499960630255,732.3601408422392,154.20812679475742
101.26612963597452,154.62135379021373,779.508181387759,97.74169056069022
226.4848881542402,149.13055220774206,548.4138246574173,143.6014407568031
400.7457098790094,90.73742729652358,743.9591311016696,249.6298990140834
340.0128186974126,133.48666092298728,605.4720959148054,220.99263905946253
153.7741373199756,191.5016106274574,750.9172258362784,126.7595060590591
366.5807026152958,96.02683629440531,605.8614265053178,247.8328282690704
257.3760187728433,149.37221768864873,351.832427406438,132.15532880582705
125.91548911488486,125.36922289914551,338.43831014173406,72.12364978175738
332.63468482041606,91.92873568677174,683.509284031202,223.80370760020412
315.4053475438287,56.459272069394444,404.24995182206214,190.85716393244311
178.62991298636874,194.96014021541913,499.56560972622424,97.1118439928221
196.09838180308716,191.45955809645287,566.2136956492925,111.25661912988062
244.94386196790407,111.52534693438197,265.76302576363094,130.70402834020877
312.45824721089775,112.44011813147029,409.6407775955347,159.96033550380832
243.0141389806062,140.00406246369633,768.1334644140667,169.23991553453624
387.50661461093046,87.68491633386508,724.5692106397145,230.7743641003068
481.9819128609951,72.59093860797879,683.0645691318934,295.3219978998738
327.1689872745351,172.46388373283898,479.1437426592523,173.13636499483698
273.20689803965774,142.09772842471892,427.97897819453664,163.1232228967541
249.64910704702805,89.02058818553824,275.1838211826515,124.77688755640831
483.14153615445446,127.8894342807882,531.6393446093678,264.95835515892446
416.8211047954561,173.7816558470692,485.9983931802192,233.61190183218878
350.1942864338378,178.41097159269097,449.08727050216527,183.05193547528674
202.49314312969597,79.84068821856226,758.3050472652102,136.8900475018034
410.23295314445284,186.9684424213626,247.69342378510484,195.95445977110597
260.91151201408866,110.520857816589,672.3913308707756,180.53084827445477
230.17228989435884,152.3545976115214,675.0052534619338,168.5638607178555
358.3644715849766,120.70147096740197,708.9327170023928,218.14182625812097
180.7435724880453,134.14899534086882,788.9010951469157,142.9212648518723
424.238162306561,112.68067344181287,269.6671060483213,238.3489067496614
274.27767990570794,185.30566702763838,446.24681985553536,141.4493838691408
400.38284501335914,140.4818054288591,264.98718206242927,189.49395572618604
224.2545724500486,90.03144133591866,402.06266197407956,148.64054299309285
465.35666558888363,117.05082327666821,417.12866343330455,265.430240299488
369.7031920303,127.61744206613727,635.5966301379746,211.21814409912622
423.6441358870425,92.39011112115341,431.49817130446,238.6102302740243
333.5824144037969,90.74067642706612,592.6270735154844,195.59682540194925
440.66805213433076,165.73075490434974,488.6969450122113,248.5143097352192
144.6966372737411,155.44419923302814,477.77369988033604,79.99041849655758
347.02032474951835,128.31947304441965,552.3641207207156,199.23480103028825
264.00120587999515,91.77366236291661,490.4732038078738,157.9553670444426
435.5082226433397,165.5619548139011,729.8168059654026,242.52595730875203
370.229494675957,60.452868815786594,430.913036523866,219.8073337016096
447.3932044173498,129.8677730992373,224.69337167257322,220.9778935703566
157.50492027682247,114.90565823417704,776.9724213947138,145.25585719682664
449.1187131646606,101.58495473980052,235.96143992793884,227.15456227674164
227.5098793390619,175.89588244651947,566.3774043620074,142.91345773564663
487.9650542236657,179.4916598159398,516.1379151222604,258.890413814732
240.3942841470552,50.88512719299402,625.8597906808224,191.0621414406262
221.51423616584438,143.18140305229286,310.40434575180234,113.87787384614418
285.92416309765775,179.791284219583,729.5993482660267,190.08988808718178
421.92804137114626,188.7253149275735,481.789051609438,233.34092812051645
222.26589169653164,127.79940125624738,769.1243328811183,160.18739862369338
249.4091311234617,86.9871893031859,366.2237700256736,151.04192566085035
173.2661832167616,180.65082280333854,482.568519616769,97.99066462663762
206.20949350442004,60.93615109870302,525.2823813576839,134.32751456038352
236.40463503681968,128.98281043039339,348.016331164823,122.60883427974113
283.17951362618203,75.0892314684427,571.7831396588005,186.60758780624548
270.3974623640862,167.34426694029224,717.2714692022332,179.09059202806577
215.11390493746046,178.84852604643118,664.3358724463718,157.53600934921394
250.1116354044836,50.89424884079856,548.7939358385065,170.28561201061729
287.99340442471475,116.36780187191009,675.2084890867241,186.10678341648926
312.83351679336334,186.3454661869544,617.165933809315,186.59466493639172
146.0175517289494,141.6736170097963,500.44223038503156,80.64038436222711
189.6938851316815,150.39680978772145,289.276512416692,97.33491021088227
262.08747467573676,107.1022007623429,493.87671158175186,157.7586055961889
240.1957687382064,184.03164524926657,243.86653485548132,88.21076129428732
455.9429130637906,80.57835158189177,410.17069122843156,234.23383103057927
152.57236789926773,151.75387866782546,472.57946733313355,89.19492002072187
292.56703810756017,84.53158892139652,369.0338660585669,166.2244499216021
288.28620023553754,180.8695930998048,788.9060986724397,170.34656246456342
406.6326615386952,85.7138523056266,731.6984347339899,244.45071175469803
329.5809690607732,56.92484444356457,710.7154886742323,221.7016785322499
258.1921723589478,132.19688173313318,314.55316336068137,141.496074911566
225.81853831936309,142.9417690117906,779.8977152882635,153.01204651807546
472.98459825409583,151.53419857244765,633.2138362984983,278.2196792850663
319.6141920790672,167.3589164049835,626.8676500798513,196.42686248466552
372.9539456340841,95.80255924567896,648.9883194952426,232.80493518328305
120.49158284582387,168.37445422975117,356.0508100078658,62.924265413246
246.32724025389288,141.34120715168388,280.4046230168197,113.19907831065032
190.180132662187,134.57702504650723,501.8141304833115,142.84669370314177
136.33225486076643,83.27399594959618,683.7170663128002,132.02995131675993
471.48616491854426,87.83012842129699,405.0847920652778,246.04545898573326
446.0250466745982,119.13389531112347,663.6605373001368,268.5559868785607
288.96180332134657,131.43772118064845,697.9455568920328,191.42305938521866
232.22038303941756,193.4011167621279,387.4448040683312,115.35771294196152
465.46431423534676,66.09203803284734,381.1179646917645,260.8792531193644
257.3387447808351,162.49583234709556,365.78503493994043,128.21538499905157
453.6001557921045,54.974364804024965,414.4478531922991,289.73904303833365
245.8313549693724,62.930102239071665,337.58128592344923,152.7039165212293
331.357869036692,143.55473938186617,261.19189203315693,157.08853511446011
423.5260428681777,194.89363384720707,618.4714167232926,206.02349592334906
383.968416610796,84.7264397642456,542.5285404619312,231.99765568630258
367.20329575828595,127.68442994255489,344.20303615430043,173.1690323801051
370.4557834986258,146.6742113119704,323.9646256809632,194.1099157494267
295.3447401043397,146.05076669080606,323.176356589935,159.69518634493062
305.5185508860289,93.44671057358387,644.9454766426221,195.34600313256607
424.46614975104086,126.36394595981112,629.1661039685462,234.9704767656841
186.59525518531052,102.95155198933597,200.24543391549608,95.0442986153003
336.40182831637424,70.98856741223949,463.8632486026775,207.0862207059996
168.58238047041255,167.52696282991087,782.9299626659706,143.14278806728032
203.50363814827892,136.68486130073563,334.94110730094013,124.06183666698092
353.21861047656387,176.7513098824137,398.3155871758249,187.69928544280103
304.37709177033105,112.60768611425188,793.0126291979025,214.8359497763298
195.24699091760502,97.44396702421463,321.6037307629632,130.19725263167905
230.01865161076785,82.66238778501284,550.8296196819797,151.36146375427316
262.1370180788423,122.25849100717012,419.2292136891409,156.62561118756673
246.5298484721392,128.98363281796503,605.7790612156641,170.0220998783568
308.7653535817959,172.72646698577398,640.4228540381403,170.14475865413579
251.15437201211077,130.3686060586773,692.9152974341919,156.89887727277446
201.33994120410162,160.4658403239732,761.2919564125613,125.71963046167332
352.2008171518727,53.35679289081496,546.4110663498109,236.5564173672728
115.46875264702163,131.05295791106929,694.7157793651825,112.64105882747548
124.27900024216747,132.11291811168144,307.3407547619962,55.31412914104545
110.35281440386254,51.354904048587485,516.1561082496801,96.78835130936993
127.01699685272013,146.70676706406573,763.9261485118319,117.48359536754761
315.6890073991683,93.80783505182222,734.5565133729184,193.20657134749933
133.0578971567248,150.9831850893087,607.0014106554033,88.33612887011094
123.06853384918651,181.10907767038702,571.5212828470574,82.6219976885631
197.67859072946612,150.37401472728516,712.3081944549119,121.65526248277439
248.6912059893432,102.19065050131687,374.2705577230651,168.03272743910327
183.13623553701336,50.655564031306824,595.4814948507521,137.24206721883883
422.65224277540375,92.99177717183878,690.2598026485763,259.77523990786665
357.1871061745861,144.544762560479,278.26989356480954,188.04797108970467
400.3109462458191,137.99096233271914,366.6463291241072,214.65860052779672
118.7990145152389,177.86652813073505,678.3197408438102,91.27710708058305
176.48051288473243,90.78154841756515,577.1064208166963,137.42403832860762
213.54854354078714,174.2543309100982,506.2316817896275,106.80828792107468
276.0257875648097,118.17497064160519,256.5079987254367,150.8876574319497
185.94818954469378,163.65277726278447,541.7407314209906,104.6408383555539
191.48411279157136,58.10857603218268,234.7570290900709,111.7061368911129
419.93751110855413,51.10067652958411,353.60841686334993,223.34363797821274
227.39214255659067,79.3304329666276,631.3612913305528,164.65427873385886
222.21712558944998,53.89079352345498,458.4673254930844,147.3780424321838
391.34959827936746,101.11728816180792,629.5341119188599,239.99337277605397
481.8666058150496,71.17640168532745,200.78866115742525,241.20923228872294
445.8035683860924,191.8354170978669,380.4874110634481,223.11052182371571
344.45818390929253,137.21516619364252,438.3613573537819,211.75963622708792
162.5733738683149,92.18442171437073,501.0889446169278,104.58928838654849
182.47340127093494,190.54230506888393,334.9472803041295,75.50234930911218
164.45697034439274,104.66114346637762,655.3495966419243,131.8007857981572
110.61639876235208,104.07783433114142,473.61996037295415,87.23851265037081
480.49068774911245,127.75690991504376,787.0351083027466,279.7887280888032
361.3619128008138,97.40466925180331,707.5528382963131,235.68356364883485
186.4637986898516,113.97057002115278,371.2595518670564,107.09633045257115
130.64096255845777,127.0174920919465,269.78417941431036,55.67609628019978
442.0026709341123,148.90940718823583,548.5931588989104,239.88174901425907
294.21328827375737,63.93977891945694,467.2947996369381,177.3590060334359
165.76694893552553,141.231061894713,668.8099979936454,154.04361321857408
252.2730478389129,172.19836248670427,287.16038715897935,108.22507413962623
495.0322374501639,123.79022417294127,578.5307236551004,261.92381538000456
489.03694843719876,116.10878990499602,762.7830464046028,295.61510792018106
427.08413033363786,117.05376344058187,560.9746888311174,245.9749529428911
391.97263301582996,145.12168845718986,230.6717579031031,195.94254178897052
431.7269247508769,63.223354986985285,398.3848001390994,232.26735507418428
423.229173730455,161.77529462444622,233.3754300350707,209.20607399681336
456.58784129361027,103.91672228355661,597.3460612598026,264.5306137780214
169.29326550916767,73.20335352719991,218.04459741296827,63.68367860223562
497.7756479401181,173.24927370993038,353.12975171905316,259.9368322357054
460.28946341681245,112.50797286624817,461.9026351142661,240.3046969405568
483.9665229517593,117.52262720301749,760.1323562734623,287.20087153538066
322.25689988934096,113.35071640728086,264.32261659719376,159.23629458455494
306.41386929503074,106.42723694128901,343.93835592387336,168.70067636603645
492.31472260903837,82.61339897540141,795.9518813655272,313.1281272608231
157.00924008038166,187.74291657513587,389.9842526965848,76.54287046859693
496.9384589653987,161.30602611520857,295.5719964999544,243.54193116286567
365.7521783330995,159.83885441476326,319.9981625221943,177.291012710713
105.15740777470764,118.7236972386873,217.41989602416047,49.95441499046473
291.7505925409183,129.58049943735188,377.5913979142006,157.90251796113355
124.9543434478039,196.3794218685655,296.61235890368596,51.31905057033491
238.2847502483369,114.33517995409285,604.0293732859369,169.92164610674425
499.24859478418597,73.47525422107253,506.154673779159,277.075700206014
193.41634699661427,145.51090409508515,347.54435690701064,114.01558396431618
125.82585907765792,69.39240886175807,293.237519765572,83.41854449593953
354.1774717714497,134.38846566561182,323.8947820956352,180.45290351800625
125.51395387032258,71.4576367517523,221.1449806107707,59.45659565110802
262.305467647692,152.66260893330679,264.2297788802774,141.7297093364186
396.52572809533734,57.67932049481202,546.8922446016518,229.89119996966642
227.3483760545808,106.32254734816547,745.4942270054064,153.13790172003232
378.43261613804015,104.1940064974203,477.3998404574389,202.57676691431493
282.173086996134,151.96974458188112,319.1790968202883,145.56693975423082
106.92448862890953,84.02410834421707,511.1918490047348,96.21884494601024
161.96744110112715,127.7732816419645,621.4879210158219,136.88599521560232
355.8022930315914,125.40155234971562,567.7398641443491,197.26857842141916
279.23267777109913,103.34556437879209,212.2143285229581,132.07057579441613
228.65614908776206,55.51379496276081,668.1527273268414,173.41678382969707
417.4903214093844,65.03192347420593,691.066849588557,259.4567639639079
344.90400124368193,190.5932672028574,560.7656462756404,183.04161131212655
241.37156552207318,59.899019662850364,782.323139370803,186.88611127901072
245.59285265658244,71.30841712566531,683.141927749881,166.34448326969095
103.41479028780367,118.88064811444993,310.72166114187564,57.383908971724914
367.5578910960792,72.07606715961666,511.30151911356427,210.0185935828775
326.8758500108704,81.43364062102034,235.14843190736198,154.40432470914095
173.12148738660056,193.41217896862705,646.6397430589752,127.72936687896332
464.6208975214996,94.5576587150852,301.79388089907343,248.79845683291126
227.42618738754135,111.96942130398693,744.3734201529039,169.32463038350392
172.76580200845024,101.31323033760955,688.7649038739095,127.135042172404
326.6369809261678,117.3984874164878,353.02807969875096,175.27162246990733
257.9235276303468,113.6700939065977,565.7444300047941,166.22463607101204
377.0184005497101,95.36571248722981,588.4785008408869,235.09856171309096
451.12654788124047,169.1950880938545,518.2084150727958,239.10261088608019
375.8340036585672,93.15347494734732,578.5506459643727,229.03004063957232
197.6083344239875,54.57779708457404,621.7563646974115,154.66844079368727
399.03278949258197,160.22713303657116,492.3727975879375,208.07728172831142
470.1138027337177,99.10438673306146,748.0567792020306,285.4139507101458
262.16181513572803,117.68528684761709,215.20135211277227,123.57296006349728
140.52599174696994,52.1494811555448,446.6726732225363,119.17438330935477
322.3204259312181,172.60251406665364,727.016304143654,187.0195738548214
493.91651710862345,134.54256965333877,299.8424087770842,258.900253011016
361.2691209584703,99.94362673685191,530.074153988664,208.94163994396246
461.97149599718944,139.96428237076827,766.2813377888407,250.321623300705
336.36034774709435,180.14677604930029,695.945936945969,194.12150773275633
372.71859295357046,139.2046475230118,715.5277197114196,226.43598010781423
335.3619513802973,118.99033193959855,390.0505490260796,190.2814806878436
262.00218626214587,62.39031615803347,709.515979887066,187.75650669802545
214.67367777923312,192.90040467708297,429.3203209226085,113.48380389458087
495.2493402055128,185.85793740729707,376.61239853420625,244.27789290098912
216.29121061891414,86.22507622623587,629.675200144678,157.56950503145077
389.6081595915226,184.84286846413877,380.67678489069533,199.53489748350827
109.58991936890268,176.61501991782725,613.2858280420487,87.90286638723346
254.88038756485793,105.67266605011986,790.3894172859586,182.21004230588838
176.67222988174808,144.98435173096556,522.4139401228095,112.41731951722947
241.3612052456271,140.86827484942833,679.7931353002741,166.66251716344937
174.08031594242144,116.2770357613922,398.96377648274546,100.69368294895276
358.6897123631193,102.73118212456416,798.8117115202571,246.30257400200583
195.70378442500575,107.90361427297792,769.8445059766236,154.7090845635809
403.2956638169239,142.72081245024788,611.7160942897001,244.7355277894129
497.37968161958827,120.95357137727777,553.2911496612944,288.2528312579006
350.645589104441,152.94304812582817,606.2252480909931,202.7144141567879
186.33606955940382,197.8099515225013,313.8604765460859,87.58025463954891
264.23880222245026,159.0191471736469,293.82749690826597,121.83043456442563
331.70821973875167,151.839955366347,437.81490468917036,174.48406314741533
224.839581775049,92.24170574545501,633.7266839912477,151.99455400146448
278.66906176067255,188.30609189272624,589.5014869913304,152.3764816079565
330.13675496162165,193.79908313182153,272.08381694181935,171.97270956860098
111.06953659342862,69.69379790510693,256.8058583544532,72.82883957865849
137.60996619895153,180.62187014077335,623.2092496193264,85.89081888180017
160.71079427958787,154.30227378335502,570.2636201572111,105.95852406605097
122.38181105170099,158.30645902650423,349.2192927320274,35.54525746176763
303.41749287963717,192.21545906300386,716.6937576436287,194.67051238200696
145.6003793517672,185.7082785640041,409.1724090655664,65.12325382023715
235.83258335246825,90.31314250967137,344.9668219597852,133.06894064511715
163.82731109329228,199.18974863392006,317.1354644239083,77.47833908132405
451.27841890011535,105.1332229168745,361.9083517754775,240.9531643068372
231.83535951620792,140.45969797293216,253.07106789464166,116.02927182795482
396.89197337960337,120.71948607904866,419.0665355416882,230.71515466783669
306.26525181807415,107.23821052536162,561.9013376070643,195.57257667760535
116.58709127097713,156.10883297518308,255.717104994351,53.45825179332537
400.0970342140858,98.83062269950548,484.7881563565595,240.70451160255385
352.41638707928695,151.39970493713713,394.5957479481586,190.9258186077168
196.49644578718733,154.8862523641485,411.6826227618468,118.16689375246148
111.19244857472883,195.72712093470972,527.2280222591467,64.48958213640704
176.22662898822617,84.90883121554795,654.159692246775,116.00690308384317
143.1245404836963,174.21616049591273,668.0246198286823,114.51684430874553
392.9079226672953,72.68110198801025,675.3690300351188,238.17296334241652
402.40005239423795,168.47777750403358,489.9027543769115,202.08880531841268
490.2774284697957,119.80543179585013,249.13501738576565,237.77954735316013
307.0696367312595,118.40014518108983,727.4042860055065,204.1295308196312
110.65724667413939,152.88824791289392,573.2040654764646,89.18078464453012
323.98223729442356,88.59305591811528,207.27183642419885,179.48538588599615
478.3366965839821,92.13067664168102,475.4960878287323,264.29509594453936
446.32036571126304,61.33384518416689,748.1634310153714,277.586921077285
292.215931175993,88.61316310921464,761.4830609870166,201.56548323094182
489.30490758694407,135.39682792407885,493.25351921603254,289.44419995538794
104.36335034184414,110.6144210503466,456.26384508755353,80.80657610195388
243.15090591392473,94.94162907620219,641.490466160516,164.07370933591775
389.3873516877982,114.8728192798268,433.1875722947765,211.54732653344777
401.3741028544918,71.87532664314001,465.4730543248042,231.93993555427159
398.9955441161509,175.06850994398482,579.0821294823429,237.10419622150073
431.52229113212275,141.3306043298835,558.6693769573928,232.57535001991903
371.6152242501389,50.36522143234928,536.6416073891396,231.9039428790991
239.96228964433985,67.09894878077964,317.3499582875171,144.02158503865803
374.51640902580743,196.73933227259303,415.11992034618527,211.19802697364588
345.7758457491542,81.33155922303588,591.4446150532831,203.14721977228322
168.37295311933798,83.71083786675868,402.20507275515035,97.12614068732223
202.26544709521818,119.84361414469537,320.25811570205127,111.57613426236163
448.1724264942258,73.99865764624548,688.3593434792704,284.9831613984908
320.8278580943096,167.2456532820166,608.4053142630344,179.45018688129676
234.6247851118259,124.25424994850917,537.2845634799314,148.66880898307647
306.3442745084809,123.21528137619268,377.88631474559037,155.2822612071406
424.9508222894278,67.65443415900587,417.2928271928072,242.07492153219246
403.9688646271189,145.92412718320986,669.131660998712,235.83204634135785
171.10499247058036,135.0393755113494,793.8274328182068,142.3801234829064
389.23829810484733,108.18712903526844,774.9814529818145,260.6491674151806
430.63846614715203,161.56989046761373,403.7142904720167,237.73465565636357
434.48203368707374,167.26960972399758,350.1533231141803,234.72385254913573
363.3556925197418,168.51008433097218,743.7668791342993,242.7719625797563
191.12698607236408,71.51910304831276,306.78720210054894,110.88936544404297
338.3188123782641,86.7044451082171,615.0648274689935,210.1630216242969
420.2812358204177,163.58769824617187,206.73745203250186,193.3275608670031
487.48942319646005,162.5675852296292,798.8967357792357,280.182899228253
174.48267717884454,88.43443279479771,317.47451975063035,93.25876766799445
257.7495259892026,117.12111633947694,424.0858739756951,147.8867208144863
465.8186426310443,160.8064955145906,333.9900458983386,238.27310771081633
495.81294327520146,88.15371311655348,633.319527562222,305.2223195361597
479.1847148945438,139.8283946883227,327.3461697329447,238.13011845473505
160.2832720861041,168.53798699173578,361.62915868121274,72.95460785867677
414.2766947315667,61.66755364910697,393.9101462222623,233.82203159270395
459.0542594084001,53.699133231210816,487.0751354765508,267.97786702551593
108.23917122321119,101.79648478273553,443.5617948457236,77.49084948990559
231.16435562260688,170.68123902700393,298.86169727732647,141.96368344602917
374.1372849267615,158.67325520618255,246.1666019716335,185.37078260568526
390.8926875911909,131.2272142649549,624.8368859062501,235.68872255620246
250.45685462640654,130.21752892321172,380.4707392834076,146.35665065515371
254.0898973406394,66.4769298961127,291.82061311565985,160.68226807262823
344.41831547496685,179.4604881519505,524.2884516127624,179.80073889600368
421.14756022316425,54.53625323305112,710.8323681024041,267.5585195830346
139.37020892058985,163.83665634188333,607.5288626278086,88.20315027163122
306.69331143335705,163.75240172770236,396.7320757584396,149.1254043763525
476.20604277128785,52.23582561906084,641.6096091627794,319.5611083053314
101.72696659033261,167.82954399896124,522.5528156159035,79.23103016470458
330.1163449997058,114.48069786938443,701.7991024150749,207.3690152816037
425.96927749150666,122.92798190785744,734.7364090319703,255.07007224253965
411.03179745859086,136.46771325497005,445.7815962047372,214.7338323308717
373.07396940505487,115.02445327159967,574.6552890149225,213.23301602798492
436.2866092008918,63.911100664784286,327.1663033280052,225.05596951193905
319.2824522753882,88.29026312938069,222.40840199007428,154.78312278048006
288.38976708347514,175.3062339592399,605.9113193885303,165.32637358848586
393.72172201857893,104.00937066516464,734.1169446517617,252.69817298342426
330.39645772107383,113.49752970269932,629.7294950735102,207.9216169311965
351.907429794289,52.48987965259713,445.2193436218133,213.03107616664235
147.1135604373299,66.54238196717235,701.1147556931128,124.26577969949102
386.0082222273652,56.90389643307188,643.1313244277525,251.72883604429074
153.4572563299196,71.17476056291348,206.5244307399347,102.2029955775582
432.96984095906765,176.1908099298808,574.7507952609071,249.44667599656097
343.5337551200135,184.0461657354716,762.9503177383779,195.31741304839292
187.41458977403963,143.17776749012643,721.027888546632,129.52430015442866
404.5249512313953,113.76926764369443,505.9765095467148,233.4836103148246
376.2152947911149,103.68287648246474,614.6776580606462,225.554752849859
149.02529980251384,133.4280370257606,638.8656897529033,92.89275945971535
323.83328385618006,197.28806430729082,375.5531610662581,172.64464551125903
358.40601590275,176.43986520703308,790.9178708191112,229.5479750263378
470.8116844305144,142.53897700333386,692.5290905749994,287.3294833906425
471.3482788368951,91.1171584912912,379.6652505278969,250.38084343590765
316.339009919657,65.10684690016502,200.24010031419678,175.29192049191175
466.5005791926915,73.05710579466069,217.4358396175065,233.46896999504798
282.8107239553777,183.35638188394498,364.7452480314907,123.1282635634146
362.37717442221214,190.622779531956,399.97289117506216,171.51422558072673
286.06716745039694,99.4599808493522,713.8674966088364,201.81832998416957
455.52047596554274,114.76126163391339,614.8740025244364,263.53507914173935
325.84056153610953,131.41474828347793,396.22825724537984,172.61372797362168
442.71513693525566,133.41487369205856,217.60014973835564,206.7935147726875
184.13292878292128,135.36531105486716,640.0622517509349,132.14687367443003
103.87934233542721,165.50900048756478,352.0358378048186,53.52104461988805
431.32178761877924,160.8219843642491,350.544869382985,229.77804945851992
121.06752701291614,56.34725619113121,549.8843091539488,100.55575086299758
126.66419244379878,188.05919669512488,499.53009037185114,71.48217592698775
183.4895743058424,134.87867514005376,386.026241207565,93.31275991332906
124.65678157169901,103.2160663599661,621.002194259472,81.31706993829556
484.93578529610585,117.5434979795699,346.5724526026018,258.00455030700755
329.50007964532665,155.5348830685677,447.96669687618373,151.1119332932634
337.0943675528298,128.12500609039736,766.3503524692625,209.10130202872438
192.39577433347384,197.7275359742205,413.9303210285136,98.29606271240237
314.7881924832059,68.83801261545045,681.4564551237418,210.3890047273655
355.19037490350104,161.73004434045862,654.4647781609724,223.93489047669556
271.2936999393329,158.94094836566396,373.8363786871373,136.40235949156602
198.30100707650135,181.3830293887348,758.0793535355376,126.01212304190952
455.73150433760804,92.9102969934396,653.1082256506427,251.29695939086827
318.01186670260984,94.62798989376364,240.42780948193126,158.0521018068363
422.40465398576134,119.3120426093574,633.226440694461,242.10109253517197
363.54629469389045,122.85454039281805,432.7823207263201,190.1409309183808
413.01450397012104,103.2115347054791,567.1851764470565,248.68658484232694
246.68355027296425,158.99064086791395,799.1455507222827,163.63758146888176
109.82701149829319,56.53603374335889,230.45608584421768,78.00274220354089
474.1927004659048,136.80917469913527,604.4863972270867,281.8395035341528
301.3500144557692,166.66213023434244,589.7281212295006,178.34448978686623
143.59912647476023,168.49963614334507,774.8780677695164,113.55248070473073
195.0129229615698,172.4246455972154,785.6905158202898,139.3868489451324
346.87720361567733,91.89544930570821,427.09408658247065,201.69408267730736
272.80941318408,147.58924487192118,261.15903224692863,129.73570998936094
215.10488125518793,112.69579669968059,718.7833294698399,142.90787691094536
195.0798752427021,185.20019492945949,770.2877660433852,132.68394542198632
285.2852883594352,161.57072156865644,343.04436367864,158.95136588856215
318.0251818234299,146.06582646000822,386.31526308722187,167.7239696927117
470.0385821825303,114.13139797410332,671.0254934356537,278.4630734141788
352.2464494999424,126.14701405249666,365.8484391851671,198.66556631073735
219.12117817020908,53.79393458212331,697.2024954587991,187.32568915498447
268.73724234810766,152.59386970997622,750.5349507954636,182.62327259003695
114.78459639490586,85.93471784429528,706.7670277491802,95.42901738759707
224.67408209356483,177.8370542499331,337.9497290166124,101.2729920716207
256.0660028503104,176.40880650685045,616.4461318362125,152.24205056101826
481.9700706581775,188.07863402669952,755.357205616964,268.4376365549395
251.01492006464787,125.82835003700384,253.11438289608535,138.18743225522454
324.80930781804403,174.42312440511597,278.14447140250934,149.46538659951193
464.5101915341935,198.7741709882697,357.2046178341941,230.75566492050473
155.78372033229687,152.111800625493,732.7717698258408,108.60253707910765
198.6755169741255,198.40763708889975,656.7051783405069,132.48624073943895
469.66231280254584,154.96869903241083,726.643283460385,287.7760738305298
444.0209889538422,134.30766516380112,205.94630958484902,220.38908857759375
417.5108945670649,127.26449578375963,435.59298600965036,234.21568891996608
485.08189036313576,181.73452667045828,747.468793673708,273.69663943035357
138.71655283513036,118.72392148265175,676.5323456330805,113.50513377473848
445.79367425635854,95.3480035221757,418.7575156244783,254.0717252881198
128.6655992600671,100.30945374816898,339.79176862904603,67.51440184558162
178.5027158314552,190.91471914771031,248.79682552215422,90.55027297908595
106.67136920747086,164.15619641321413,634.7784198562847,71.2103620935143
375.9446626626369,154.45136520883628,484.0686550800748,203.837511647474
384.0450956290177,111.87731804955891,659.3240985083429,233.26937018084615
408.2237148308867,152.95758237542532,500.7610380198706,217.10961635804532
369.48166218846296,151.6587152609572,385.08443943581324,204.11709968809768
131.43547063382596,76.61861134700911,451.161489277583,84.52999855363907
272.3562418683542,80.24011569409313,680.5655758397778,207.60706784513866
136.30190532223932,183.366360518591,567.8392011221687,85.71715008148551
115.06458749097885,142.59053909829268,242.85715030671034,45.228614410455016
173.87029676016303,133.0126084825016,536.5160482338398,115.29847411170424
211.29548631169655,170.5105185776081,256.30960641570243,76.6443964967675
248.5116983066606,71.76340614469007,604.3948465359357,164.90986989271053
493.5132191400146,100.51184244417972,635.289986195897,289.72589795948215
293.9565384033041,85.8214043934874,382.08837633095465,162.50305754266893
190.78678573421053,125.8936118670517,772.4283834489331,164.76176051671544
128.1548456489518,190.74508139791837,679.3635387088312,91.56869780504292
189.06885077898318,196.80821898492394,776.7305245037263,143.46251744905535
141.2494351874259,190.63825924318078,333.7401399653433,75.63056599873771
283.4421776853718,57.752768581855605,405.6304119922269,172.76422352187504
450.1801847596704,51.24640871699482,759.690447600628,293.3501884131921
488.8021408320927,108.71973507979376,424.3107200159907,269.516762445636
474.44974046154255,136.90545459577626,221.9385434612284,229.06261019324072
425.42114306637575,179.8499998288049,334.64899835369204,226.32592392584456
438.28252025758894,132.24094575799126,367.6651424883577,224.6774778094379
178.29023337038845,140.58679506777275,334.870750430205,99.19170802471842
422.7104205070503,118.90824545240078,320.1744113306197,218.79652052898086
320.8116626255083,87.5541755641294,449.02549238671406,196.62313378485078
215.39937900633913,182.27029921834094,272.2362509689413,100.25624767387407
354.0960232267895,145.7197564774866,247.68759870902147,170.22449305574656
382.9202037048907,64.4381643443232,462.2784530229061,239.3834479715577
449.50903355814216,118.96642916852089,412.64625954188375,231.6798066408507
132.56275899800065,92.13014002859104,433.107089461316,95.68260400036864
135.71984914630227,179.4055865224136,354.3607622900205,67.97471623825948
246.1954128986848,72.7757979535557,264.13240280413345,126.3901241142738
129.38569604851114,111.36885948852616,463.3143879426821,80.46818223519236
380.99878362385255,123.73790997798517,546.2175335071302,229.3872658853643
117.12734190708701,142.068398508261,370.7348831765797,77.0148926027633
138.58991544329675,166.53103273330578,677.8217646467363,95.0466174943585
462.18728879202916,96.55622842531243,469.919159681466,261.11998574493987
324.3636041273934,86.30054685291059,473.103261490617,181.4549054416262
243.3043926625517,103.54720199089266,466.7425507938956,153.05653695997032
389.152743647826,198.12498725688042,724.366343602406,233.73746451713384
344.3228199790565,82.11777131003885,410.29357910851564,178.50274946133027
267.6593818837834,157.02896760333354,744.3228866967305,177.2344765281965
149.1268951572668,125.62304673262146,435.6561397456403,109.28746960198251
165.85091806069727,69.57242469811494,421.5599317486806,93.31580794615726
106.91025358311185,81.80811474928718,423.6515056452953,76.59255562701696
399.28396045644183,126.06297547107893,271.31371180422934,205.30291701708373
125.38585288596909,61.117916662356926,313.37161209696285,91.99030255051947
193.75361142661404,111.6456719342136,532.5910794939333,116.48891565745964
151.0111720394849,167.90930656892243,438.1156472934189,97.07608400543887
354.0216315752981,51.01451566753201,392.67083073703253,204.12025403454248
413.89891977526946,151.82059291581555,392.7271114356861,217.98670210339176
341.29782308179324,133.22347076727624,370.7713023690719,164.26775828440532
304.2636742586674,156.77852204142764,211.42714540177568,145.3448182725287
296.6125735938051,81.7554554110092,590.2478945024646,189.6868211216408
334.2910077052701,179.67592358967931,386.9164370873411,173.92059424050717
235.29726828866552,191.04601346857825,382.2317458879321,122.81498363911766
309.7081065154916,159.04928390265744,214.40962002883148,132.7263563735591
217.63590409456137,174.5860561623631,576.1771122294056,138.9958400478381
453.2627265422952,95.42839765673,614.3745809911213,273.21093691663555
223.56754095667492,152.56614996179553,716.5297224266897,171.32548424082665
418.9482787539988,178.27156448055067,633.4901029758842,246.51986562292944
322.09709563196475,76.12100659873524,367.31422578189813,183.08921573969437
132.93236935084613,64.24146299838526,697.4745939616288,132.92641971517
329.8977332299635,120.70163233118095,698.6850099604023,212.10530128546887
214.8804517494468,81.3188405465108,563.0957889998526,143.0296537104057
266.2393493736023,187.74595157508548,311.32145648163623,139.8999344628978
183.44113431411446,128.5508525067977,434.09322269856557,89.51504185451455
299.59621675340634,142.4809682113135,664.5168093073664,183.83340312778773
446.5319996261224,186.12469132002622,652.9715665351207,249.34148068308392
476.69938453774506,88.47761362044677,216.8252455099153,231.6911511654845
438.64339766252795,58.22055195352445,245.8703321090139,230.36897779158144
449.4527430683816,125.9549650155542,593.2765716040078,269.5620931017222
277.1077684565049,96.03209389882117,492.462540076337,156.9282328996659
184.64271630419654,69.43563121280809,322.3598492072912,121.77165297889141
402.3351350654349,195.5306190097227,770.4659956955213,237.31396896778037
410.42720135887436,53.05057128330935,381.9137828037075,243.1725639599119
454.82968028590307,146.32357066399626,491.686245630553,251.85957092696694
196.19752030142905,50.87974068305181,240.3809052046956,97.55801995185217
438.7311711315207,186.39469342996617,692.1126983422901,250.8254444228386
357.04634914350515,183.79859250308866,768.9963700152953,220.8929460364446
224.43776370442123,161.6884952944829,512.792761014932,123.81941449882846
137.06667652167832,128.50420045188633,551.3741662498378,95.32461447321276
486.909581818722,164.7665895464438,590.1917915616325,253.51211065773413
495.4619357322594,134.08064051699984,783.0377492268434,304.6526815555042
126.0573627515821,104.61209126719231,241.7933634897709,90.10864634801196
371.9982258509216,134.42017621296608,724.4038397116096,234.91046571963307
251.66181316999806,139.42981927424466,590.3659332440495,171.282595465836
335.80892078566285,139.99041684486298,461.3403124766934,179.6913768853255
354.3427985637066,149.45487209532592,632.9814477273039,202.28863662779045
159.62663299661494,115.70653751274914,535.5206389243413,116.74262572792345
323.89478962196966,52.74698784518541,779.5153055471666,241.57252930511336
141.79702084087907,166.92146980152606,225.87110964616056,48.71324873480524
362.60861305934975,64.53962107282764,200.56207403451535,181.27258093127747
145.73803613052007,178.55536972719202,319.58828556082096,61.34747146412432
222.58337367325402,89.9200793835557,219.4475301210882,107.81595778516356
361.01230158295266,66.3280325946572,632.3129885084682,222.43444086731157
110.11870915077635,97.01723505930741,686.7193076108057,107.27263684829035
169.51798355811695,75.5617588108486,590.4509755374229,123.10486834143146
395.0914166115383,143.73087386486088,278.8182291054982,191.9830269996363
351.70956743219836,167.12646772465126,425.96050696419115,175.61885378882934
343.7510295368512,125.43415521770007,344.60023987071145,195.01787875000127
486.6749873433734,151.4735335970629,479.674186064243,249.9366315087553
409.9681374029165,187.76639614542214,465.20104132011585,203.468112882007
483.97717872641095,94.81424146889763,369.7257062503479,255.2271366236062
267.9763674671923,67.3480982297512,369.59995073133297,148.42380815402208
269.38947161148565,169.66434537298272,721.366742994781,177.84844684922223
348.2453978081305,90.79481878927092,282.85459054197645,171.44792753216106
300.84450527918744,71.87474602735631,525.175668733443,183.4415823243022
370.18500272554826,101.39313698553948,392.68893270574335,239.84977259265003
184.9576808409414,162.57497346677235,548.7539808923239,111.72309969430135
314.78458815669296,98.46996951906306,490.48795850784813,201.2840551430951
298.79404971008023,83.56735400140028,379.5385054539454,181.2939544702828
208.99434242320734,145.43260579068362,431.803138509571,112.0964611976112
259.74373381645603,114.19245598955072,560.3975527039352,171.64304527003557
359.4621245079932,148.08533584043863,450.9326213551828,202.0192032253959
313.94949149587444,170.47663923581666,647.0678600576341,190.7719168406304
363.4126489662393,195.42491503103926,213.45751376140677,160.1217680887867
234.29011957356408,116.74912676127332,281.0693866109544,126.50984028717201
340.5065558037911,199.57161693626367,256.1309855462075,170.02478069704662
255.49510341421725,152.5824143392813,605.4030715632258,152.53732671889222
490.7804698141452,166.5601117592508,336.27685644839414,262.01304286349614
257.7897232423096,59.42846376894321,596.571611281554,177.95741974491054
244.7056468735357,88.14114356766726,533.8092242521102,160.4772033312841
318.5686292146315,102.0472516071331,460.8955934405038,182.76074843191887
445.2496453645037,151.79586737001534,266.29920248559586,234.71555103285615
209.69491462723727,166.22104871244375,335.37123881903426,101.28417591434759
325.76565389014456,137.9206468427116,269.8319847590923,166.52979651339095
378.6291869118593,113.68857500890641,328.56761776491567,194.79933952583156
445.53080510081776,134.11369739290183,434.7358939839863,227.6965231281578
422.09350294615365,87.68370221882853,494.782932432412,231.11394560368942
445.43735665998224,89.54149133006656,400.53870430891084,274.3882440810787
404.7382743415612,105.78959061507076,514.775629328514,220.0231759011634
202.8065298826897,191.2662305627988,757.4315208498031,126.09555094280924
234.19698661287728,104.80112108145161,428.03413386118024,140.5437704441853
148.6169091634978,75.83786333107952,691.8857022537063,142.44776838839778
179.28172631253955,89.91827882934709,212.20415687073108,92.82152350121636
182.47328860549248,84.89467116321029,669.2496296561319,139.57857359609332
322.9474904824825,191.00731850237221,673.9586434137117,169.36513746165883
249.2537291874846,162.3733496668695,231.0183986618024,117.49315348748628
107.15284258231534,124.02815938961209,381.0052606165266,66.3741536013464
488.493878610118,59.83821337602743,207.94051494656972,243.1535558554077
168.5447231833729,69.5696248853556,645.2078152432889,126.28254949560062
443.94208730952755,197.66492306688426,771.64606490359,263.8284355967976
192.7925972223423,162.48472068101822,791.0928849436663,158.97813798327476
191.11540216371526,123.69066704798975,595.2424702578512,119.9109930286233
101.18892870901473,184.86740009350007,799.3197935484,104.87674028183204
496.0930891291325,123.10864891235396,266.20101068637297,239.31392737965302
444.22559823819637,80.33494438411877,644.4392336468761,261.1853855851114
228.8670278074311,104.65312117329194,396.51041870749384,152.17235194433607
201.21211651745875,169.07142463922557,537.9533153642958,100.91682668453078
298.24763702161675,159.00973933514433,295.4946518412711,140.65457887619993
244.43208775302904,152.1922846721157,556.2188177235626,149.45461483492147
198.54459905184032,183.2826742112543,385.3198347286524,103.27199138140713
396.7773924989243,148.60956151198832,719.1656775532894,250.1872401303432
299.97706730412904,173.03656174131436,648.3100151204789,165.8255587960989
351.4412241565134,195.104172284752,301.7378925121794,153.18601173098867
176.18291567565603,195.98883871404567,316.6629030835327,70.80923080767109
160.42033681516497,143.07417329096364,758.076088788959,142.3448059650753
285.78197131772424,69.62465006527381,532.7390403108841,184.09717562711802
438.48929449825437,124.79242738438738,381.7063001775112,225.54559750754117
139.07067620764354,130.86386722340188,237.75386314374862,55.15086343111436
299.49315969038764,197.33143417978746,667.7230053824436,185.1496301421888
203.60807429313903,166.85412832143106,245.387582155323,92.24022585884222
339.0203657168903,125.75924391984259,405.8201415881343,197.97209278503922
236.31040031784147,174.29182465419638,265.7576256809893,111.66646474495398
267.22509481408406,144.48941836904447,387.62391148513996,143.5460675756858
405.82956306441486,175.82523647835419,326.58409554050337,210.36500337641016
344.4362490054623,97.25058602295695,482.86077978049155,182.65443842316103
385.2414306654694,189.10824836674468,307.92141709041437,183.1440688013013
328.2782479205582,89.39144510182152,417.5284901558127,193.4489458484363
223.1481854753576,168.6282964817604,375.41826039225964,111.70449782324694
336.7579001214307,69.41872594468941,245.71257456142934,171.20978610864506
121.12382574754088,191.03475100370463,794.7949188006127,110.81145716083348
250.5106810833788,115.11864209910502,505.8319521113466,149.9334473742158
347.07319894502587,103.16815426635353,223.3764839873186,163.40125010079072
398.3044297887507,138.00703911801628,606.9995034959171,214.1543553518526
417.9792573782916,88.77787640889993,566.0593769548284,241.5985472326578
423.31728835567543,63.27183824796179,297.3240832223306,230.43691125227275
486.67388569165774,103.24232322117594,367.76347455228034,254.26841918100786
367.0879957983712,165.9059991113866,469.33936370973106,227.26450418800454
277.385883005849,138.6714574449276,553.0264595751785,166.6455510755241
157.025028577949,194.29243509256142,427.40239414269075,86.15689877843135
196.31149942704909,94.1782881178138,689.0673069890986,149.70576185990802
302.3307466149804,163.34205070821034,742.1794620301372,195.65525869578096
414.9015103155563,98.47012917725658,314.48009693635936,234.08242434194187
450.00871476325347,144.85040310090494,700.9910729520199,274.5637851308127
391.262542934515,145.8828107699963,679.3931289901395,236.27024711566153
239.01562958931808,74.28803188920904,687.2027564172805,182.88531753554565
200.50758542293678,95.8486064591309,255.53217376395293,98.82318840185462
416.27375070872364,151.2292396110573,236.4726831048315,190.70376625853675
451.4216146971242,186.4886458707395,500.4413276465565,255.51585476219302
121.12855835395733,182.56045404861882,763.5878053581781,103.31179401436454
278.8369969837538,148.21471288329946,491.58384858106183,154.96457824784193
351.9449919898707,190.61793256072684,470.9764255441376,180.7985590055601
385.3881154881834,153.20338640315634,535.8250808559887,212.17447716539152
385.240838236281,196.22430616863693,755.891928761528,207.37704203489636
286.3358709188277,129.9718983225054,763.6796911968695,200.28439821243563
311.3361326070915,63.938935140213616,548.060174715843,186.7422785790035
116.53937464399075,195.79328013537793,644.6303221802667,93.94215384714259
194.50287113183623,105.08412207905499,565.4196295896556,127.98543785601206
478.1863437348352,95.8698553525748,641.5483883953269,291.6989186342647
441.0539923055114,149.74669944758682,409.8877966702066,243.56814948885543
336.21017044240057,183.23952118372128,493.0236521574845,185.3601403526248
175.4740748321527,159.46983289666673,621.9013674780881,132.01168761558628
116.99415623171978,199.7812711715646,649.3809145868443,101.67512309507364
272.8149392939756,196.9534703779633,761.026542205317,185.41379897660318
281.3419795670135,190.20608586343056,460.8178747436997,145.06861476345384
282.56484140395713,57.184598695465304,463.2019645623164,173.98762537592117
248.0564007449683,192.27707379095494,777.0488237031783,172.4412501448074
325.37446673708087,170.39113096726976,697.0179714487952,202.96108438145325
303.1698162644033,57.940820398947004,369.90969603481676,172.09820470588966
152.00207415531992,148.35194525183562,748.5535266593768,115.15162667422321
204.93480829374232,88.0533759983894,792.0811940849169,169.29346481079176
297.078663936134,180.93437209373712,529.8551843186717,145.2224445001098
410.1272465009299,129.10091722385724,288.1510978954743,208.87972635092572
429.4576507127493,143.01062075687753,742.5360295370516,254.30680414414726
300.25727205055017,190.63776996106157,753.4706163685913,194.52566428257282
149.29178910001454,127.71885322412726,799.7483618154907,133.6171374871332
174.5761682220803,110.11858685114427,343.1034687374339,121.54342538075085
388.68311094429265,140.6673674389583,345.4726693157014,205.10767799845036
478.64959376882445,167.23545351104747,279.7994365404485,242.41835143213905
265.74234681264875,110.26151758840476,430.5264365095504,159.62638737658065
448.04935078637425,140.3154882611908,643.6357835166798,260.17847930771114
129.17891605947887,168.18402958626643,475.5587540128892,75.76331459687191
435.7929443854165,76.29837872777222,412.2139361572514,244.13294827711792
158.47270186690406,146.61188225743695,443.5549537301876,84.0472551149794
340.44843063833343,154.56779261894602,599.3739001755672,209.0070889791152
186.77991164141605,65.70983726722712,751.7101454521186,156.2448870648092
123.03412444248099,159.25109007653953,450.36859842762044,75.32823914397251
209.41876713840037,106.79729012664576,769.9849963112912,135.00971673312807
373.827167428268,159.68151609013324,303.70301784009854,168.43068731941446
143.12992403189332,60.8360617815991,739.6663036513793,116.11629341580038
302.3609732888615,107.27791034948251,397.5767744696472,167.5264835109203
431.59141698825033,183.57706516929298,602.0653762487492,248.95885327324024
231.3950922875692,140.1814892974742,440.3020280360606,136.11134275374098
127.6653181853348,111.33282542816427,670.8263419382803,91.96423113346174
444.8755147220322,178.93480150550096,590.6716151954865,238.13125002205396
298.6551397245945,80.84133688544755,448.2932658556266,176.33160915608912
237.2634509497583,58.390534678532056,550.4185655387151,165.72364488016677
418.15000590926763,51.23057085829903,342.45892623552845,244.87063931691858
297.3841226098403,108.50358484633438,271.0559056628769,176.2553470129412
144.4351765432975,164.31234099406333,780.5994938519125,103.77219920465845
147.60694708225685,148.53953338965937,579.2889445242355,105.54582300260068
497.7758581556349,69.0520046917539,693.435110725165,293.9247740873432
193.1546472764951,145.37364817573206,797.5809239669817,147.00748256979392
192.37065786743653,73.04277122017852,682.9141924216399,141.51873564632774
495.61411389885797,65.6302374017426,639.3282053295195,291.91482965581605
310.0295989175114,77.65845140549445,672.6411579713387,215.85100817440946
222.21180920306676,102.55834639658141,588.3653324150314,165.77318070721995
125.13946500708614,82.35226967178664,489.65001855810783,90.19883402303945
414.8454031948587,89.99466493438453,345.8099857512181,209.59451376124454
391.86965675516234,63.285617008095436,749.6980000884511,265.59184593287665
192.1036925237749,161.6911409028902,553.365608057577,118.34420931641012
198.6218510601093,181.22346476562663,507.86623522754024,112.88638294303178
219.24196583944564,148.76379163270738,652.6446540659113,148.383758424223
298.0923942551034,165.52503597321362,660.3404909424277,181.23904498036686
224.41058064826257,183.41566382929506,758.3050053602287,141.28225122060812
214.7407901530667,116.9034895385046,229.93357088884392,108.88121963196593
151.2041254300812,65.27071159036706,633.5197844392511,133.5831556534308
196.29683131871806,65.17897798973935,771.4882394634363,165.7693081396107
306.09038316997464,99.52029226688003,350.2969387440623,133.9713589845246
211.3708563673475,116.92417032798761,688.6400179252457,149.67813741028772
472.8465488835889,121.98312388949438,334.0088240678191,241.01368669026698
197.00119820600253,132.07510807809592,641.3520523679543,119.37793270287607
405.87436310202764,109.98396365093757,566.907809679906,236.50227870171238
189.61661063908477,82.79793059704883,648.7127150345199,138.7832112191486
246.00858380070827,167.88056527987092,360.4522457866764,119.45005570328262
401.0436848592744,145.9197353694767,613.0013537961474,220.71689444291255
360.6395977136762,181.07573818722943,740.2065087996976,217.099237379658
343.46765301712094,112.14413634042819,702.1487340031246,233.17465503350667
281.2789701983236,120.82893336087895,239.0378934292021,160.44875807735136
436.3398492448181,173.42952475431707,223.1586528345661,197.8985634892764
446.9097427590615,104.64718220104683,314.74864018593996,231.58455525972082
342.094766161163,113.73165422062652,477.3186229862694,202.38741129491686
453.12318161079804,56.637282435950475,324.0536592069494,262.83986248692105
165.80386586527754,65.5834674619681,735.0768531986384,155.88594764499905
149.34825820049693,173.31571456300475,264.15382033231515,59.40329865472514
398.1097388439849,51.69255671373226,694.8601708278507,250.97180464412793
269.9545945324149,125.92577004284779,458.14332004022907,169.51710373487435
424.80975800390064,142.47482428414838,587.4425340474827,243.53327424575795
244.59525810695465,93.21832738675981,772.3692866652266,173.4625971760926
405.024008894181,85.71501666564643,724.187571179715,277.53943417027983
337.465410650217,192.93830478715267,403.6438960409341,158.29691393413546
133.4760790948946,158.64140295396962,504.74604330580763,76.0957439072768
186.54790226555104,59.280625378176524,371.92718829069094,119.08736027774906
367.2210927569791,160.52695764775473,614.0743135451928,219.5087202403718
274.46819418899054,172.80407756328833,392.712757737042,138.55546427537928
142.74416306839396,169.64174329986992,426.57120874373925,62.18537453559574
368.95518426155303,144.6010136916762,705.9400953306108,212.55807101270022
309.55781366236306,78.31064933490028,535.0412741550615,171.45188346632713
468.19601980729624,90.97699060412425,665.4946741059539,293.0391786415138
215.74416771337712,57.45005671015017,718.5078433263375,160.32174950581987
335.4779988664303,57.57975183538501,649.640001396901,221.25607211284043
174.28612192338773,123.12823050078339,499.9402139887507,114.69918540819226
372.3444369085376,60.46574743660214,329.81495345163466,221.86601085415955
400.59883923806774,121.48991817483618,797.8558089003074,248.96227764528726
178.40695671729662,169.50817560664933,408.02441693964084,100.44321582161972
169.09103237103182,173.8046865399673,625.2217368721393,115.65075079991887
110.13512279340252,63.257781297593574,706.8216838976374,122.24565816583248
384.98488717398607,132.3353012962917,212.67989916037595,187.9989835619719
124.7088319650115,187.54505441242796,470.52389847662255,73.18226933025188
156.0853067817142,88.80017763860414,349.79261606275065,92.8124641023689
353.74980991382455,101.57278085519485,465.9434026333461,209.94266594145964
464.0518053399947,95.3228824227404,369.085902058403,263.9524118082712
438.0688870549666,157.99800539847251,260.7438955372031,199.86205257133338
151.67885804491826,181.36324939407388,558.7863186056828,116.29432481968225
222.52530851827896,193.5293650315466,409.46544899489425,95.44587385051086
392.0529433534399,137.94069123361066,448.87276355762583,222.63980145086418
173.80594025866327,101.5697347414642,517.9062091916169,122.53885947270868
377.509887411987,71.54626387782824,783.4338089759133,273.75506617991283
116.03325827045077,51.86077939258415,674.9205587370282,126.90990245346583
157.6743167031266,67.09413115800601,781.560834824659,150.04728808287962
360.66138131896975,54.46486657329985,398.0505840900897,216.7271437625385
375.0710137072648,138.7145030454026,576.1905061453627,223.1939114750724
223.86463070981063,103.87421880540955,244.14958399642714,103.8829144744335
174.5405643727877,121.15716541885753,350.28387455411564,63.90759347460743
191.70857074314975,131.9302302352075,666.9709415917303,138.6729314692182
128.22386136128546,118.14330549432867,398.22901648508616,95.85263873815623
244.51769239493686,68.53643822420874,517.5728200577494,159.70208023065925
121.57200868917016,96.34313240125326,624.8199226402373,98.34067836327009
143.85197860728948,120.7301373134165,693.0440324574356,127.086838943264
206.832977429521,64.28461770860962,604.5125971368174,154.66923584270583
313.4584240748095,67.86955431657617,282.7728887508972,186.88636416457464
309.15562420802473,191.2628046574749,289.74025871347783,143.34746474722087
491.30713977760195,102.02073928660195,358.35376472631856,257.4444131752882
203.9757345703007,198.681966048039,384.1052370127302,102.40586509041697
415.2171908705592,123.28158702119784,443.42210409593173,238.56234858030675
413.36035545623633,152.6944516015413,673.218051711279,238.54968502874024
163.40738383733787,114.8439686862135,356.68714095651933,106.48515999341684
299.94050638287666,184.91072831383525,355.4402038227761,136.34302397955435
277.5801226966622,81.56807364099636,782.0869589894837,186.1873380880099
212.50593779895274,183.66309452456446,327.2735376848497,109.25955213001723
316.76074934133186,122.38466308103159,457.09057795758747,170.44295145049142
122.92131865872781,148.11191386921826,721.6420034810272,98.70003894971484
201.44473062837514,130.45262718645336,739.3522035930143,160.08415099145572
156.28904015860672,182.33033165311272,233.42824648765878,73.19508185133427
496.179034737266,162.85551924981317,235.74313808533958,238.5645215655937
215.9028796302949,98.84896564524162,210.5639492890619,86.34696110066882
485.1564109945795,58.361946376109096,376.94523051871874,255.8020436561039
123.92591508901099,84.74415587041764,541.2761908263069,87.68658985088553
455.787799716668,57.12082630339327,448.4497889430472,268.60636535776916
346.5912645588136,51.870460111768914,690.3152924995154,235.9712758859723
383.9810306170496,194.01579661424893,250.29406361999443,180.731816667576
466.72091101155246,138.89440123321518,240.2093949669587,238.23807012590217
489.08256011116947,51.48130567606394,294.9559974230163,275.19381136145097
291.5974040971382,113.86374101245852,578.1915320574875,177.53754832967923
215.15944799213167,78.13531174002964,316.99142142383073,129.2433433801961
198.5129413516729,89.27167963119189,641.7524722615547,142.98631301641362
239.48562025072926,184.5267463241226,574.9150374280161,133.5053824481082
363.87043430343635,149.66597501589743,708.5828576655814,218.62373804298164
329.43691111106614,179.02767103689183,613.1087348456518,182.1826553848885
271.046722047903,193.942633085271,447.6629469082033,156.43769183862375
277.5879743947278,170.35100825453446,525.1797103321003,182.2617244359582
479.02598511333065,87.04989041024777,384.11008784247304,277.7400751585791
278.5274947614383,184.08321882358686,620.9037639546532,176.9432634899388
403.5964087384791,119.2770332478439,403.07707521764803,220.57113592758697
377.15081122696034,100.21256143310478,323.0398103678988,203.84171984668058
276.8182397718509,139.66484417364825,283.7356283796471,137.57599371730223
372.3644102683345,178.85827164865438,759.6658840509205,228.24512639794884
425.4314819981488,187.2604537574192,692.726030075592,240.7230797659089
131.7787581026908,135.47219799160965,294.74411705617274,70.78899018310729
157.18196671757698,99.99064299450026,746.2160333639944,133.55769144712212
263.7639220548824,136.9351672201499,586.3676551953101,179.55249603203438
405.8932744725355,153.90433496411805,489.7596221607658,236.91061809019183
454.17106042935,77.38694070575357,511.8426876753529,269.8530843911113
474.3580800684991,50.29568937111051,526.6745731938911,264.974291911013
111.96451170616801,56.35840360597829,411.386497290776,91.07086454639423
338.5348785674106,160.14347119963958,500.15137075787493,182.47036208051892
300.9005191945679,164.1257058030306,337.7230919708042,157.12937749404736
202.90790107315775,54.2932250442631,318.75099157217846,112.52977982232083
314.9780480453139,197.2513570738579,230.67700138277976,156.54074508984897
365.971296281981,63.103820687157906,744.6727460757161,239.11440410215266
124.19840831473259,100.79474233470754,707.9974549844901,109.70783881728717
368.76741309970413,165.8481259871868,354.97137477331563,181.99202704733085
108.68707964015987,167.5455441889295,582.1933604609233,94.53424378453603
387.3771781258078,175.61008014982616,655.319848514751,236.72934105794587
161.42772826744215,174.34660828697977,365.8486763743749,70.36289331234956
367.7181403554519,171.89186938509474,397.94330280217923,197.24897220258003
268.0534010151161,58.77198456956277,436.1072218327275,166.41797514837634
383.9483800436955,199.01323270250222,748.4024241998849,230.4882074574288
280.5632525205767,130.58963669103582,371.98544210250753,153.92765536628062
251.18159987209427,156.52838149250567,239.473274581655,124.7111238562266
466.88959037400883,77.65860517264476,621.989204934981,267.759800817196
208.383588460535,65.81667749587895,669.302947440274,151.59621232913554
442.99352253326657,174.74689358118678,202.12181723976616,202.52463571447205
100.12341728610603,121.09455651693386,295.567269778238,47.58576729208881
137.11222767840204,139.00981496065157,745.9728710365393,110.49895605557015
372.1176661149664,161.60836345266944,702.3078536470828,229.41892147779467
135.33393022096382,63.52157733554234,660.4251023356516,116.98278522778168
404.28557100011,174.70235526225662,251.6439889989452,182.09165712997728
244.59926622600085,162.5500072269436,375.82018040244077,128.21406844782538
485.04150236267776,96.79491884011658,217.66494021132422,266.3374462011682
206.51594961048917,150.20566673682987,572.2155955528091,140.86208704179649
261.71460450494516,61.45354847498249,452.24269765465107,156.9796506654952
116.67543429693126,167.23428242865072,652.5875804295051,76.68463916788876
214.59444699831968,102.29143420214135,482.7133885498619,146.31418646788435
278.2810009096358,175.34510616559254,353.00616385435865,149.8737588868271
326.3123317610432,94.33555817760156,429.802242173546,196.3950284375166
482.7783362684714,73.05751072985537,586.9087880693646,288.9414194922507
119.99597636472305,116.28900764228463,626.0305536260781,99.0596523556227
481.06882937022203,146.1465525954425,571.3440961661457,261.71813708007465
188.95639282830314,127.92065502234585,681.0254603921769,113.78215121688015
123.43034684075889,175.77853353187993,471.2591175493764,76.80548448549021
360.78691903032217,197.92798947283458,709.3059784334282,216.74405005341507
152.05738163600162,53.998485514211794,239.3204933104575,92.28710117304182
483.8711827600817,188.61917709254652,377.7259316510869,239.2999743156825
490.7585323983279,124.84368740815971,454.1065250016507,265.3597650112527
144.07266915831954,95.6706600998752,780.9402913824562,146.6307507426008
459.3820773886791,144.1905807757877,533.1662619292853,257.91729866026793
160.0573207655089,63.075030435279686,755.7490277209771,133.92077323301368
184.4553372560278,53.08881603028884,574.2554266158177,140.31636034446475
199.90116371971575,165.27928543781726,676.2140507683218,147.08274813260587
287.60760808723364,120.66066362814587,210.2567748013302,136.73794071899013
206.97959054595682,173.77542265217585,574.5497703019869,117.05402784206267
360.22589776644975,167.91597049191913,750.5578291180503,229.36107881131954
498.27200493370214,173.84071933868051,282.8615675221456,242.81782846547316
265.87917559347886,135.13811921921638,749.5530468784059,190.8893877713476
257.8030196491476,71.89075171584085,212.51820503307906,148.200741942075
494.7739932318793,191.00035768446972,573.0095160379667,277.3801839066192
436.6107518668605,99.61272490375461,373.1317352901789,256.00179325371295
353.72591076236233,103.17368406146196,481.9906950841339,208.88109439116278
440.9491442225184,179.72761141406804,515.6100841256896,249.29962168872476
126.09470549043205,163.44991399742588,442.5349711944353,74.47065404011727
127.19757522125073,88.80132048032007,745.1547117995594,128.86561558069914
350.91143989032264,186.31254118308436,337.96569866932487,159.89777526715807
188.51738375959587,95.61921588146923,634.8812800174719,144.8670227285343
383.70986368835526,181.3609088847512,677.2893012878126,219.35800280826507
178.44922096663083,130.0078554667856,424.0138960783851,112.48591785547706
261.13694093294544,116.30325267349416,240.2402210899469,130.05718811781813
155.79066693466604,190.4900480014041,478.9158349113607,85.27447582778301
242.21137157231652,130.24432006901054,767.1568524895658,164.2190610722688
136.42555255971996,187.83010575157908,271.05651834037775,56.009358207976895
225.59664558571927,117.13746507205501,250.5730361573505,115.75121067640896
250.65436211722815,148.05473645192131,550.5277780807293,136.527083645058
210.82579404717058,127.70825842060114,488.37875540490825,136.1990917791777
390.60329616731315,103.03249844671288,472.41377166696543,210.51063308457634
335.9747550239103,147.8756435375032,342.15381742768335,181.87579250947357
127.01357142049324,149.9181803413465,602.7806779207405,84.58518538914196
183.978482210587,62.587229610311304,219.1698480901292,117.91875394609133
337.6288194829357,142.85765018110317,456.87969021237126,173.9167118106545
125.20773135144424,184.4854885586334,454.20005050401767,84.05719880607094
425.92427397794245,151.27554592608266,502.9451433086444,248.1837057382492
152.97149765752778,193.61240712395423,767.153224086322,119.9939761788213
256.727783898792,146.38135410987945,320.7124221138027,133.27586958320083
229.96500277934757,175.88215605213236,729.0692623474607,135.9446760686534
471.20048931024303,72.97070367684822,411.1464443456982,247.6026339745042
402.214050037459,88.612794207979,515.1300713897552,240.42280280949444
265.17895164788865,95.21106971568204,358.62194678233755,147.31508651437835
160.80668234178978,65.70131364789682,520.3232667863699,153.7377962218576
188.60044172742693,184.93011567150305,562.4098541016949,98.89650822285897
494.4106369064957,64.91490603805022,454.7523925884241,291.29799767498343
104.59267015965477,53.00675267367293,284.4503669526591,69.07211758714114
431.2587797911904,119.5116983935919,574.494758393847,272.4315652377933
411.78090745649587,166.45703031335287,667.529665766721,237.25090619216354
141.60877552515183,182.2186948130847,572.913226328322,81.26152642597597
139.6801348085118,61.26075621424956,342.13806553217375,87.23651392043948
104.83262014943007,98.0967980901761,761.5579771971828,109.41173883749647
459.84669288760006,57.85024492042702,321.74040927409044,237.96299409386654
340.9632912698176,143.70206417849016,445.8944711082304,191.58911628604568
387.591686038035,194.99270196483855,666.3557100794894,221.88289405344293
424.866091605357,179.38641024129362,686.4066285548001,249.9687136957048
342.20656293658067,82.92714345882123,415.2451621629645,200.8367774249855
268.1786960934094,104.72980884134071,521.8758026483533,181.2521383920374
379.9930827554622,124.8320052049721,474.8687800417768,208.87828232149755
258.7660319176339,77.85091353752246,794.8284586119277,198.47912563701863
427.63809091918097,144.92164438976124,659.4128784506682,263.41733256113565
118.13734219667941,84.04986805944904,693.835130679469,107.85019449378566
373.9635525710891,113.37463462472365,788.4027757323337,264.09868323213976
244.392893001723,56.8814981937563,746.0202754020214,182.79588652718525
124.66559120760917,82.26640121170942,751.1849017391729,126.10017543301308
159.86091372000283,52.41980081235602,591.1196708338066,143.5840645832568
242.7816535480087,55.59028525203634,709.426847338656,185.29940699687185
413.0202547556607,131.05403836540808,638.3253252323884,235.106290710799
492.3802999799397,153.2033611253448,653.8326809457654,277.13909552860355
406.2887099747061,78.15227271970323,291.1521379589437,223.33979944864495
367.0617421744656,61.54881099807013,703.7811412395334,238.44844957662826
454.72416811391577,55.91955919192862,437.33955931206265,253.63293630954817
134.1146845560433,198.85462001362575,388.8097874483585,78.2698968945078
285.55744310393317,71.86545978761501,319.39948752888733,165.11354691957104
112.99071066085928,149.45694465021444,539.979296189803,92.06647613451457
456.6178753620204,170.00573477743112,590.3880931454498,263.056516834561
344.2593862621309,171.3059673832917,295.5145651465296,172.46466086805538
297.0319125129581,188.00364681807423,380.9215341721851,151.89836331479478
427.37748122846733,187.22552811545154,615.3806188899903,229.35575565056016
208.16748654197133,109.07996540443864,213.4118151300382,92.97771956526819
335.5677767978834,69.61707828419554,740.3160759145608,230.74085854382216
387.1968954739005,99.05474805226191,373.00284087395295,204.36094600212556
155.9258146146306,117.90889715626365,208.08577226675882,70.58167850575704
341.4218184544169,81.04563102929139,401.01576888975444,185.55036510259146
473.64657363683773,153.16060995709137,418.2144337639985,238.30967631366016
407.0337115080858,192.87060982328498,705.9875933014043,249.58971981175125
199.93822169057682,73.88537582249886,406.70798450738425,121.94955321645169
343.57092134202423,145.53602938651466,462.2462318937362,192.3827467849985
225.20022865157813,102.2811324590345,744.8524537414916,177.0412853059524
290.069591081069,100.6699736058653,303.38915936116035,153.24693345115176
291.3585498316626,77.23828131915363,454.71624569378685,172.3634326027469
308.53718993518254,140.19764946083595,286.57174077887214,160.03628236486387
320.61376910482693,156.48596448263595,601.9987498952198,182.57783464298703
273.26754452847865,74.3307644526994,671.4350651073914,180.5157089003382
232.98570468648813,177.43832921849037,552.4779115592493,142.96441461887392
437.7491510707461,67.56160092268382,599.1486139700633,260.9582325721911
410.282501638527,55.07323940077906,239.70171610397196,217.00383543851638
217.7474523949512,191.62572994573682,794.9221055790406,145.50724884647838
142.55826474064776,198.31578580474985,399.7853950966479,77.67477363150468
315.7219937327416,158.3362269537387,672.1982526520227,198.30481838284953
446.71929136845154,86.23110798654656,500.25546016430695,274.3809811624485
199.0805195849342,173.65572301878706,776.9768417267767,142.5538659983629
416.63553619947106,99.9740624788788,553.891290132372,239.83607342635554
251.95403849505286,55.543366416343495,635.8179237718498,162.36692303368667
313.8259037481475,194.004868913638,256.61693726288416,147.89787004618714
476.6507069849339,101.75227194281939,295.79185944986637,262.85841619699596
210.4323609235833,153.89134005556832,263.2030203866824,100.01939406617295
222.9639272565812,99.19912930117923,791.5729250499425,165.06503149839406
475.6752962253537,105.0618988866833,242.59545192945893,246.76765337831534
403.58019995581714,166.96094313397882,672.3446013711596,222.06255890305488
220.95533918490406,185.70313915593147,217.5474354998302,93.68964820161405
195.8283036145683,139.64855623946298,580.2267309401516,140.73924992524238
181.3102678032704,131.19693639574336,482.98994524818465,102.13513525622342
202.8393159215007,127.75785795201033,475.1765809401675,130.92012956954767
427.5638908773137,122.947929095236,362.24610928962585,212.37058616550104
308.85688660103375,170.12169296152018,620.6189842961023,200.07162488349755
355.5502388143801,79.43402263976843,325.9115787608658,188.27225449500162
126.92919807752668,70.25831819122907,621.6515663284204,89.85779320179402
304.7140260371949,57.38005184172583,360.7902383007786,165.94691558743298
186.4869641843087,116.58787423098632,497.3769489308838,133.86663607049272
129.0570809177474,144.86420263897088,224.03092779004962,67.97668427590938
205.74585304979382,98.01863970717834,521.1107035243899,143.22403271821315
129.59420752301259,73.53915595003193,650.6865232642965,126.83383680016077
478.26697749192317,92.20388825176155,209.44771047381585,253.79731548939992
402.71893696581935,71.36157176899479,625.2459591931676,235.8812244710113
337.71012983788694,160.58944203961252,589.7316715282614,202.1355492149546
118.93979000885233,68.0604121034025,528.1370490495239,101.0489663933733
115.88124413841135,187.99252992844518,339.075514664671,72.49668885178511
471.8849428115555,59.88687460127182,382.0428801768145,273.9752974908252
416.6567422855844,89.08998935158803,326.54200059735075,225.4903148468024
376.33066813004376,132.85519915556864,344.5575306129417,196.29095295746026
487.9684920205238,93.6445335584005,619.7786179033111,292.4009973378499
197.5476853692303,108.20620862103641,745.2751945740995,153.0481031961628
169.4514305572455,161.97669236237078,705.7555160994518,119.19717858181365
347.67320154400136,179.89345322384992,505.83391617062495,198.8656856256816
107.77337433398841,53.71854360989411,623.4571949770177,102.97660586048644
279.98341221906526,106.07999434384413,668.532708568267,184.41299989867474
243.32811931782703,100.85023399226496,710.356934703566,157.38028365641392
152.8377213073139,50.24807067484156,465.8351335175366,98.62968333329094
464.16698083210554,134.36007760905642,630.803126870703,284.6522192743839
259.84669100667816,122.63202230609267,385.38282063304723,149.85394977862416
112.18057230172236,92.9689385044367,408.6474127843079,77.96779627415826
397.4015141168945,170.09322304337948,699.2057256898536,239.30555736625374
297.1888817838482,82.21016993287225,591.3375651840252,195.52735991724387
134.47495972519079,74.84347516732183,655.841771815376,103.51027628603818
439.1459363893754,119.78430075765698,221.03846127094425,216.69721367207495
192.84221363722304,183.60917415452025,799.0162269904463,130.87706745953923
465.83321102278074,127.38688646398774,374.6425956068597,241.72511944648002
371.5863574096345,187.80481701780184,563.6927834976811,182.92253873847935
321.3984206346106,91.85797520372097,547.8497333636647,206.7719606385189
152.4106715140725,90.05899189906486,671.6671213108823,123.62334652673505
106.11839108434987,75.32937471667262,351.15751226149223,73.49882190596192
238.72655252977245,145.89907371810813,465.0325777642807,142.26760670789966
480.5032676918396,135.01855505713797,695.195530741448,293.33890963179476
255.06806006498297,99.04549651573743,747.7105548469775,187.69546434371324
410.1070507539172,85.33027680094663,349.03691515757305,209.0998624362562
446.18869054466677,68.64132874427773,797.698970416946,292.88575578265016
148.50010017660446,117.98469463073509,612.6497029712497,93.8586623872171
141.1285219424372,90.8839776221718,241.51306531332267,78.2744794436768
399.7573671809806,77.70937122294345,651.789524355961,259.6645376278567
183.77192144838168,170.7011582902378,647.7054532799085,133.49156850456933
130.29876386064484,187.11884051862953,208.4306572409985,60.08215493804348
103.05769553139422,174.8765375889124,737.8239841044867,83.19123733163886
263.14478850035175,65.26188868933741,654.478121850889,176.03645679410224
229.86732121583137,134.29113086918736,511.70768460736235,129.97328048933957
284.8285190057066,136.23270264477827,464.5929736645789,139.91198569828862
371.91860923031237,182.21257242089078,737.1964579161651,226.33409675522628
396.00391388627014,127.63662033036896,386.81869064739396,214.4125875319987
292.7796267543483,87.42457124770115,269.92803561871233,158.32353690872344
470.5984669999579,139.6397742797878,450.62789202538164,247.8514823472836
471.8543663273762,164.56214576109178,720.9176149956661,263.2810646393395
437.2702450199623,55.50775747890161,714.5511953606195,288.3626269648978
402.11389747870413,69.99723457282187,316.5870792387159,212.19795124386494
469.36876939449616,135.73960888366713,261.0339124502607,231.8915760066086
132.47778970231457,106.78872372506677,400.21929126807424,74.86744007682013
359.9629793935697,119.11520880676989,232.04129319131368,173.57969763964658
383.10965652358846,125.60508855285154,744.766509559983,248.0706241808985
115.06949545401115,179.78316934656212,237.9940655259038,33.79505544691713
310.47795153341895,105.29971276347128,363.15489290498135,156.76828623414116
225.87237060134544,69.74055514912675,359.5750249832652,122.01332634770135
172.8130404942199,114.78639561312194,715.3167628258534,150.13394102442192
206.21104512980406,159.02301053433067,441.5497342818164,120.0026221223991
272.30331894275827,199.07202897284148,254.96655034132456,116.5515453302915
175.32862090451192,114.51913880226525,551.8635003272168,120.17394175592283
421.9387375738339,127.17811589329048,437.1622191812106,218.54478388486484
173.6790863041535,169.68932804607653,392.53593223969114,86.57770618750456
106.2765487806729,144.3393293494453,380.2523378576698,59.96718626018066
247.04362144033462,159.5635808142365,229.213662792343,131.54770219767195
337.91822782247016,192.53776973744436,360.70032095717045,157.66321564450234
312.238069799997,113.10501525462882,656.2818733957399,196.8418050540365
218.5482980307801,120.77880635446363,306.97302622512086,118.20010666322081
408.33866983236226,149.95794610303898,352.1377256432985,227.4478439164473
468.8378264337077,124.04231210067012,796.3095553883771,273.0365296408935
259.7492051089383,90.90429566815084,320.80316499558626,147.68891339755493
303.5919224868893,79.03414336428932,679.8405935439497,199.16633630916772
469.1320589825519,93.83597829469409,536.9312126845387,256.3181200407963
376.3547949721636,54.34959982727432,295.3522705338304,206.22940014862982
493.9428101166274,175.36515114382507,557.609185014383,250.29278476413867
284.4145382821424,96.87292974506293,435.76517734959344,165.1837608724225
177.58201635430618,87.3110661079671,551.1487754956862,142.99518189681964
237.0971037559753,72.12746855445913,757.6924831377103,181.87769565965095
452.7917666490532,167.45567052027346,620.3656201405622,254.45645806462528
346.72210293082355,73.94290218071603,721.0717710511539,232.90237520222752
348.328595305562,64.86456656506778,386.6274810186689,185.87438219981664
301.71535803970465,136.65034690564596,624.497418950925,177.543879346035
467.38057870688345,147.99717263327517,200.68425732273062,223.41304168812908
425.4786346351028,133.0729740655002,397.3552811176149,226.31336534206193
384.5883176490069,171.74708165652714,377.2547446506477,207.96570062254506
442.6412369817089,126.96399241427804,354.5821936851808,216.68176667879985
279.6123473523553,161.80436414623688,730.7782646440787,180.01621960342678
150.3002141984814,110.83483145101003,252.86758332815774,94.49671604605594
436.5437997842009,111.0503896657943,538.9448376324854,248.37638515207018
193.6197974729775,139.7724440338826,500.77745045514393,129.4297320447157
381.90214678517236,131.4837794032124,722.9470216637404,224.82707599927826
113.00450724269129,60.38963235779033,545.4553004216455,95.02299270874833
111.98263743603705,184.8105568715048,677.1201114840737,94.90647091349757
375.1076130465164,163.02948270068202,416.6985293250043,198.5393087699903
312.2769996160882,68.67712344202894,340.06773076955835,183.0975707214978
382.2730562547646,197.60699828145522,475.14407876820337,197.81969702492157
241.448348181438,169.82201751691483,767.2253308008973,167.62175340096644
417.3299476305845,123.96695657615672,537.0566838060977,218.39060204095554
323.9020454507729,182.93008849169135,253.01544359573472,132.73860075541904
247.87612107545866,78.59339840090396,783.1842992366606,186.87486653913672
414.70093711589436,184.05014832761003,378.3221555429069,209.03246053799467
467.76101320348704,136.06513525882397,414.88915457338175,261.2974903768127
247.7021599838798,125.73594998249729,252.3660377733709,109.61930031199626
424.89989186840285,115.13085959526843,540.1810417788428,247.18030895583485
142.09195753634165,128.5541035814843,790.1276312687374,127.04269514901443
352.2673157728066,120.8922549579072,763.457021581069,224.7318830810453
232.40000599484904,66.79404194068314,603.1670099433736,155.97386617401827
174.46430523811793,51.20285569017463,269.90097460983577,93.51487037230346
288.23948532181623,144.7981106182006,285.670369151631,132.9730143314775
109.56518792772458,192.13147912249863,364.98539882108616,63.916702093570805
272.49371376839395,179.33985671249607,287.6526828995581,128.4979305753134
218.56338955699223,76.1974962671368,760.5992672862963,166.4245518949591
158.21193607798293,94.0261157609788,450.943218820694,93.81158151379064
207.72170366417666,100.96452515045571,365.109414870627,114.54075072241433
454.70603138521034,155.65387487282507,690.8857859453708,268.3771933197931
285.07364059607903,100.41998761532359,644.8344687668445,174.15641884475872
421.33823816569554,120.23206572317001,782.5595286521666,257.94663715468585
256.85371090264067,143.08114862975572,432.93053619513495,147.9072418044108
405.73829434594603,176.94771233216957,413.13031230260833,222.13902518598556
425.2045644368927,192.2589885922949,706.1449403192244,261.8642732378041
257.82616773529605,116.00287124933008,424.0063941588004,146.73005330211095
241.5651139235542,126.69653012213601,238.95559231344515,111.20150511418755
215.8394303501707,108.81197137100565,255.89430116203113,100.6406433275901
358.74287300606045,130.9171539126181,515.6398549881102,175.3157417441826
255.63952979668497,138.19687141073467,651.2986081668496,180.56004055205176
344.9650833796163,84.35698123543109,441.6033850058195,206.62222263398888
270.1519448747513,77.08966293937061,747.7078749094263,183.91318189287813
179.3228585755444,81.24379618235776,310.7694544487695,124.2591646828873
344.7095376828753,148.72002580535832,764.371577327115,227.75121763360133
189.93200618667086,69.63114562513535,344.7973050441676,110.87207018533474
413.445521366621,116.31180713452827,364.66668129536555,225.19274082550842
351.7121053915701,64.31005831969156,394.58596502014126,211.60572384285206
490.95997940871786,195.94244624853306,346.80541931839264,234.37466339920422
209.39831038061433,54.58721819482184,503.8776445946434,156.5146414608318
429.4529132548512,168.1144773564306,413.580007371947,234.5973683809217
460.00350300377164,169.3414794051718,786.8939044174787,250.91432242639098
176.69947929606184,187.15251321066688,756.7351238074652,133.5467508269401
348.33246188916064,163.1581499787223,760.069587060054,240.20350275191032
355.8413588422002,154.79981491093076,561.8045544218069,193.15589671769524
345.6794890222816,113.88473411957047,311.03101439425683,160.0609472540088
315.5566659504975,77.3670930652041,248.68144191742158,186.41016596870006
192.93562800132148,68.79079029835434,445.66114973013975,132.56300337604372
498.6564302871089,144.12758950554343,713.2498162097984,285.5637388621436
112.21646384770301,187.50208959189845,391.94609841983913,60.9098923940594
258.983648325386,167.57863293859805,642.624158320589,174.7079451805232
440.60165271760036,115.41709810773399,277.81098053346363,238.35590219309233
376.03180404721013,89.88661458456048,720.2642111076024,238.5203388950342
387.9990720664007,154.02376747452274,265.3840588545926,199.0626951791813
387.5730202964849,93.15658492762071,359.672509285532,209.17791579304478
161.0919421464236,141.99170274252288,200.90723886044805,94.92670171673315
327.5013128133442,198.63624241176163,730.6231210588876,209.94137226262364
265.9860984538677,75.29443112375306,294.7414507518257,164.30069477645668
441.35128302777355,60.947770323570104,397.2567005363029,284.8495389673703
466.7033644251811,158.5918533178958,749.970343451155,265.73561697294565
418.45162443842514,101.28925902352755,565.0921982222337,253.14779665051103
100.17576575436226,69.97773541905318,228.15777341771621,79.82930233315312
264.2195442452337,56.36371185737668,423.32241063393417,152.25478667987525
291.5781500675052,166.94567524880765,483.65485568524855,170.48797180641282
231.18735503005863,146.24781040446436,328.8274812069728,129.39717514143635
295.3872525607528,122.59497034209943,668.7840101952629,192.61400866869172
464.1995572619212,113.21205449563351,509.90782389760216,262.1519451230733
294.1288075894021,65.67465382308986,252.0435320887187,162.9167527088002
134.82686567636168,150.9221663875784,421.6374653513324,83.06304490234037
364.7093090545381,64.99293446194828,499.5252435841261,225.68259658156902
297.38934354003163,69.54267175293636,525.7614489724098,188.03340687776569
413.27438864751616,178.5115562189812,293.11645576457187,221.00588867562408
172.0008237302671,186.92270835859068,524.2349635011018,104.74940345800489
372.9561331226077,80.0627755694152,587.49999298019,243.89138828065526
338.27919440380566,52.06583292421816,550.4769461321307,198.17333090712478
398.9655751550719,152.34165779502803,309.41013221621324,199.93316353483632
125.10422639647953,109.97642620907679,729.6971244971887,110.22667975055218
365.6827994628914,56.324574651734295,417.3585090432135,215.9989558401684
437.46102703879325,131.07374604842522,600.1316352036916,258.642097512108
277.61110786636914,120.34757107021484,280.36767551237676,148.90202093154102
429.75421491828644,68.76113096071121,705.6776946824325,267.3099960787142
280.55625178031835,89.59276364200932,494.1018890398403,153.82267310255358
176.1145895639561,172.64756190127943,425.38068235001595,94.68543298298417
492.7830241911456,159.94806045622968,434.1747033166038,256.9485362676649
254.98589583996062,92.05362278974555,664.2627347687369,191.5633832627406
392.4229615899334,184.8332771081067,667.8319596371907,215.15597114595374
313.56174793768594,154.27307819343042,498.56783996533056,156.8488369621926
122.08657867139729,125.05200002684265,211.10060656793985,57.3110926105231
464.5536457388,145.97871057104922,762.3900082851695,283.1946924633324
214.25231422443866,92.97188071527958,303.0310966109257,108.94995013886212
405.6561521823226,93.54734922735919,434.1862843206827,249.01463316327352
177.94512763135674,87.08887029720638,762.9534254073458,138.69699547292956
177.57051103539015,97.0343765891523,240.28571802264653,104.35441447853253
192.9276948746146,176.7208941724171,359.7412970817569,101.19755539604586
449.8883626841917,86.59724534248203,762.9615487480478,280.9407507377716
115.81129601122409,147.46018057867514,434.1634070513798,73.16464848353881
241.0246442498531,150.72156977872453,294.7163999169291,144.24893722362714
320.5276615948335,73.30056779737653,490.15242496652075,179.679686305315
414.9268934700871,118.38468303395992,529.1399851556748,238.56119581131256
462.1113390769826,172.2357354921483,420.4479045053783,235.40977859121895
134.33827694391115,139.71808838627345,691.3225594601057,110.56186794482785
162.0747381462468,99.4852037822022,224.38947924931347,74.9864238178596
213.95784729227347,109.8425043085021,727.683224835417,163.34207645795325
318.7579739031968,56.7841729939015,580.3815119898559,208.42230559683676
498.9529579819874,71.18120339699598,601.3628210323636,304.40951742151526
225.26831544630767,199.32176524365363,281.993768060867,99.40689721223872
101.77425983267926,80.24008206954477,292.4374228228087,48.85409420370401
282.8879089018471,73.13404001610392,355.1755752189929,171.0343493908861
447.6383981138031,91.41048494265863,623.6294084619416,258.14820303545855
212.65722747403362,138.5352065766935,296.86498234026965,83.52682786328239
130.16400725256557,161.45765035900178,381.1375103188227,61.95459337135588
100.93079295175129,92.98128661143716,588.9299929813881,105.12711540063972
303.99238310995395,96.5155696898374,641.0586457281479,221.933429127342
386.40405494911425,192.78809989362924,298.23207546354445,172.09279586124444
130.8204267905134,54.65325258216559,584.6236223745024,100.3732706322597
347.50611292379097,135.25220437552161,277.86773713766905,166.69491071934848
246.22474878334327,164.35405484057628,359.54014301995596,118.87771841280293
412.7666170513628,143.6517189276851,652.7960899000352,244.50860995997954
163.41100145902163,192.5718555494458,525.3304735689187,74.7892953571257
364.78355229351894,107.44328518446827,388.83481008303477,190.47593885577146
189.98422950386924,62.02514415117734,634.4486959106522,144.40206988361282
298.0471787662223,50.936393485340545,224.23874840778447,153.71371296575322
