cement,water,curing_time,quality_pass
493.3353321866127,194.59595965544634,15.28360041185542,0
358.9062933442852,146.97479515325844,23.631829387034735,0
178.7099625115983,141.56139454447973,23.89751465023634,0
458.44394209763857,167.2549853970217,27.576497676833323,1
124.38187626425407,129.15356933982355,1.555740371523266,0
108.95522711670766,156.03087418146578,5.7127426205529295,0
107.29292258844687,125.38641245112633,18.709519100035163,0
347.90080841158976,66.56096879195947,19.182817914016727,1
138.44611926058428,119.87511425479926,11.668101977113949,0
282.34894960737086,60.46449696792324,8.543219283156422,1
292.16482289574253,72.97316846864106,13.49764962549285,1
128.84020006302012,97.06084480325623,28.777429807333196,0
272.42006860045643,153.02235202783368,3.039380008485384,0
331.25662005028494,142.80647421810696,23.55726739322576,0
233.77484866407107,52.66814904181495,9.388334686781478,0
381.36585928471743,57.791985923743276,10.836099286384103,1
127.35870754674812,86.74675074618555,10.896149070281519,0
426.12278411371256,78.49866157273092,1.6243205348077592,1
491.52939819014085,146.8738769146505,22.65385511786801,1
133.82120885526228,183.98412047523766,15.145485815696503,0
442.2852681027732,115.23094460728053,28.353343010368295,1
390.8611297928002,110.75128952807479,15.591239560073795,1
296.82299915750525,120.60664222002457,11.928956591092739,0
236.29683391950377,162.56428789322734,9.907003126059777,0
217.92718840081676,186.910109244687,7.372214865771078,0
271.87495474835714,155.7188277985431,7.002139351793009,0
326.79897212415506,131.5446403568609,28.71927842799348,1
481.80633845298996,178.97917499107743,22.491158550685046,1
424.86623450617765,109.08917562315594,19.95771396075173,1
158.0568362031911,119.68615349361227,2.283697327794913,0
465.7402364942437,185.81438598503806,5.730633422465786,0
499.7724008438098,132.61382541785912,10.432163024025199,1
476.93278632782625,136.27087132060896,14.567026454684681,1
303.3422614079397,181.11872744461434,23.14714827440975,0
217.64152840750154,198.59566650757247,19.231132613004768,0
407.698234960329,101.14145689260596,14.868862961103346,1
298.76214439401105,127.56006380225534,22.882836220809168,0
263.5763830123411,116.0399258983945,9.753765122281797,0
219.46928162813867,52.93186044596979,17.276350936955975,0
116.36318184749013,63.0942989994947,25.19221999753485,0
146.0593605028581,90.57134521966293,8.458660431146864,0
158.07679514529065,137.38190534308603,29.593214014050982,0
190.54748646911474,96.98338596237278,24.416987391348687,0
260.93139150446893,133.83667713854345,12.615133570218566,0
335.9839753001998,64.9330473329092,4.637500965293712,1
380.5160466685013,141.22250709335475,25.929275229549496,1
498.2750905834527,150.239555109133,3.5131098961111236,1
345.0976635665784,123.61452325872128,20.548725805127667,1
211.07455461861434,197.66400467906976,7.365131486249088,0
105.19089301954203,77.16196427767917,1.4573879513702332,0
244.3050547364208,150.08678421986977,13.160073418877776,0
423.34435141816306,161.22579142822383,11.386850667084259,0
393.52690892644364,150.27150469206975,28.279127572751232,1
459.67894149398194,163.86910433773573,27.932250703890606,1
435.3259617529915,127.77274924335185,23.720284194281145,1
186.68477722128324,156.944335826324,28.372241036040716,0
322.08690890134534,111.14904208802847,18.883136799941163,0
408.31340642917775,107.85394745005249,27.696543651432027,1
449.49773440024484,138.28758074375355,18.92001791105851,1
112.37648447734352,115.34555277431434,3.736735032333328,0
305.7819944854968,77.74764703201126,10.648128566810488,1
257.62791735064616,150.65739338874334,11.331778003591142,0
369.17570238067555,80.1486419590583,22.049504608255567,1
255.22941430764573,152.69095382858384,10.766940518096167,0
278.5130232812002,105.16863712134557,26.914596790502312,1
257.2593743214834,190.6764671490122,14.339234261665784,0
485.45686699281936,56.44601291492734,27.41730882752308,1
386.22136985855235,192.28769309305082,25.782327182732594,0
263.6829588696428,178.7472495354637,13.20445314857726,0
365.57450451227015,55.52883589450734,5.815486388742325,1
365.1277248010978,175.45933301565287,1.5742033604135317,0
213.15793006857183,166.81361066380765,4.713359538837995,0
261.99044707683254,137.36917010861654,27.270738727871333,0
457.31279340553147,56.80763256586387,15.723570452119143,1
222.10297860789592,196.74076113572903,16.082911679758883,0
227.03521941930632,91.28033453636723,28.11910536343126,0
495.49127334600524,126.70402866010507,8.152095556625726,1
465.12189741606244,54.400560861546886,26.119414369672445,1
351.335797437554,146.93979166964607,9.406461057118316,0
164.19993623161528,190.46695436138927,23.183448458625936,0
430.85929806015656,80.97632352757785,13.767760792837892,1
200.61919099576713,133.38979972286532,17.792936629511843,0
399.6200156670944,142.067978647926,19.00626391391895,1
188.83256741497982,105.11460896482075,9.678827415496764,0
252.66006817870513,54.32880514613147,1.1716919004436965,0
289.10559661735135,137.20165383802498,22.30216856339638,0
247.47997578299277,158.08856550568004,17.654087526134326,0
140.32008857505912,75.44909118225544,14.424497912943242,0
175.48710586284577,70.62688357290881,17.848890142688184,0
333.4286002091484,72.11009141192147,19.43051408845867,1
245.46876233624025,180.67414651849379,4.165705786891258,0
428.2028541892701,133.00586808482907,2.2896853376281356,0
354.9428204334547,161.83307367664574,19.417608528567506,0
141.21689241693934,175.53005281155822,13.925413592285658,0
268.62535670919146,63.769934690480326,10.60821072008112,0
242.86213815021247,91.12711205877176,8.67915357554337,0
354.02627752407466,68.01313745313368,24.73004562472074,1
329.64850196832856,79.63378874571946,10.551279485084898,1
201.22498245141702,165.85294483839718,28.22842785234769,0
106.51316207309395,183.8061306537625,6.74168284463745,0
113.81767183094111,122.25096023934896,24.545468740923404,0
301.21522399076673,53.525469550699086,20.362071059273536,1
460.4265240666467,142.09372796374834,9.135842715414253,1
119.95742764187102,70.59714532476858,19.565296757098544,0
345.8688772196094,194.03135933073358,25.42752744232544,0
323.2620509624204,194.93906007615584,19.233063495278003,0
402.2629224227037,164.599487067952,10.082348429621414,0
260.04870369101644,60.43229645649248,13.229952092915493,1
220.8838336780904,154.21146477773425,23.956303782453293,0
124.40540795020868,85.52548206780912,8.001383357519757,0
304.7444193874261,134.4233022378141,29.253355437712628,0
287.84794298309424,118.830166312428,3.882766533633406,0
495.9512266500339,131.09909919877327,17.351309299134993,1
390.91334823810803,171.80373008775896,5.401322151549719,0
203.94214571377378,158.3988535682194,5.9231954028860265,0
466.73122491210444,64.01334780446294,14.820961398541025,1
289.02949894018667,91.96402201637915,13.22546384292918,0
366.3284263064548,86.174110505833,14.995380478228247,1
106.60930639461893,169.68374830360472,11.883223585722048,0
300.47246009967535,189.75395920492036,10.737698544480436,0
341.6857237564093,146.45169375750646,13.589509361567005,0
117.7627458761846,107.39742384539164,12.009392393529037,0
211.38558469743086,190.90187918087938,29.27258543694407,0
367.2399019233703,62.04118207901088,7.633070008423777,1
398.2143918657188,161.20505171509296,18.61952899000218,0
424.7812679870706,123.53459318621356,12.836896385347506,1
332.67663993621477,174.56082687433917,26.700773999427003,0
134.9153909125174,181.95365829154719,16.193837621457902,0
270.79349296048497,182.58825304990367,13.436958693864568,0
220.79628267387238,174.01664069126784,21.163377074807585,0
164.04734121389578,126.89435804821414,12.020248324402372,0
320.628349317888,114.03284814015946,26.798489643099348,1
446.35882975848966,178.28132080575637,4.121814478643862,0
456.9688279408722,62.26881672408583,5.983968518767264,1
329.4721632700952,76.20630497560775,6.860619026756801,1
125.23867167456274,82.00310396292323,15.769396573056495,0
228.95651988055423,159.61897923971867,23.973223244094456,0
320.4705890216592,50.92927741761582,10.423974289068184,1
148.89342926406735,177.17978586149937,19.51847308892195,0
455.80405006837873,195.77099442791436,23.062521942417867,0
445.0003806604095,121.72522745104952,7.573172184308759,1
322.60527060858226,132.05675444170203,26.802230117933064,0
458.3300746720683,115.39902633993296,4.384396406444964,1
390.158420130633,51.11959280261187,28.862976677634645,1
293.30496634203416,135.05880965771394,29.531762867366638,0
335.89591722427156,192.56209091011237,20.28307775506046,0
442.29277029883787,184.138111845263,19.179594112626866,0
354.28448981427596,66.92982881007238,6.971851903859541,1
262.8958991332529,101.28271891489969,4.761715405280398,0
291.4875025465417,85.62892068475222,7.429114919157637,0
492.18547244015133,150.84914233173265,3.619673695321971,1
360.0191637214143,197.38576580664113,12.569101849280724,0
484.2774710693637,128.66057497387348,8.2550166896693,1
139.703119222626,147.04461728635545,2.2828035131113555,0
177.1907249917913,127.97854650419892,19.950984117157212,0
185.28029251665342,170.44194471394025,26.30182255955321,0
217.13992946275286,65.21061515912301,10.052543265797677,0
452.3252450201541,81.30903175369262,9.502983085282168,1
229.18158952277054,83.10147993787001,2.760206990054339,0
396.96197811825834,199.54179590649775,12.246925555528826,0
392.67673240305396,191.3473603543254,18.623465533598164,0
336.5493208313698,59.47937995780495,22.578170725451507,1
336.03574285018914,96.05330264441129,28.1082237808509,1
298.19396215808,50.27756112116325,22.359164337348954,1
111.51501084744883,107.89734819479102,27.432700401226317,0
335.456013684454,136.19892710126544,10.49717128903109,0
109.6965827902987,55.595932215832775,1.7515657277554553,0
276.80892071811843,103.26554739830729,3.444546131424474,0
378.440446859376,55.76930614932238,20.002473114798722,1
224.53385091520826,147.2669543923124,11.69848260663762,0
470.9736958339571,94.15972688663538,22.945325054005767,1
275.5931269570639,95.25408987005311,14.337887994017903,0
338.8772263445288,131.96000336030204,26.29901851285178,1
354.2241246254294,102.49606754636515,11.37292190161976,1
310.120208173751,135.7613162814175,2.1090366948325414,0
167.73539986366484,178.7637605446933,28.12037823045468,0
240.43962439179808,166.05384463566375,4.6380141790328455,0
286.286769544384,55.737263965938155,3.7378018355794453,0
493.40506627887993,77.52182600407657,19.521399409251252,1
301.70590564317433,170.52526627118647,23.212136206585622,0
175.39040543357487,126.16100006603176,7.0489997893816545,0
355.4403808632759,155.82767066396957,2.2282577641994035,0
178.226764393825,157.56645900665785,12.96401796548441,0
379.6007953376386,88.11124927090664,18.04430179792945,1
209.2741096252105,189.56809768254936,23.940906531349043,0
163.94662159314578,142.8669854564875,15.617834224379296,0
203.52773635716161,190.55267095834918,27.45485403563364,0
268.96988054513656,81.79862534007279,11.159152487221167,0
225.04037638717347,50.77677436591584,7.323940393190925,0
213.40601096871586,143.15166329521372,6.819625917585463,0
385.2023960665714,140.43119867335378,29.749851516627782,1
186.12226264293983,157.67123873769557,18.76253212464111,0
293.29189399487507,64.60092462619592,26.403430706058842,1
156.46006446213576,110.02462135106403,10.567337340814557,0
310.4622580259139,144.0745715096399,21.838405266157704,0
333.3786712366449,92.76033310349378,20.168323595504724,1
494.9645551200771,191.84926271086968,11.490004094915742,0
193.82374204459438,194.45232523564843,10.061858082079299,0
251.85936457991298,66.27776495704154,11.129832868965753,0
430.6753907017598,84.20835362988987,2.9154867728820175,1
216.41279025081505,84.77134024032785,16.069327688666284,0
259.721645328922,54.68652433949513,3.9433972132372235,0
461.35042604101125,143.31575408750268,16.655158072025525,1
133.77716794853214,51.52548291531585,7.049429812729154,0
149.8655405377068,89.01139258251256,6.037945082431876,0
332.6760646598957,171.59163960532123,11.507386887005651,0
364.7383486396319,158.8333318058855,13.049606694410159,0
290.56448252090945,99.42411515964373,29.15612946004539,1
101.91345746774867,87.409265673276,12.67438817205373,0
379.94286992722215,70.38619151075113,13.519673290836987,1
278.2793450357225,88.8141809983745,19.271724951069725,0
290.5219278158992,191.7359637897991,20.48690697244637,0
167.35105416666474,180.25013773242094,12.9769721096844,0
217.42155567641788,63.430851501133155,21.862730199424103,0
469.8353625166043,198.42703787829805,12.738907210461495,0
267.0319168699067,112.15526191612219,17.59625484576208,0
411.70418527494894,69.38983531375887,12.276219387205524,1
180.4044186999553,92.63901914039856,22.476808087440116,0
379.9369712558974,133.4814288161341,23.377915112015405,1
328.4231491613882,192.1821358986288,8.911764050088792,0
451.7524652049691,112.79200706080225,1.4308713572012532,1
245.0874559092664,163.09855320587604,15.551308517081743,0
186.72565090825776,153.84564492823247,10.257587349986823,0
447.16457777416196,174.30360099740318,19.555369893894568,0
317.0810253756398,69.3830274420815,7.655922901578529,1
161.16729943207457,140.3114460867301,3.2146908974579422,0
438.23004590952735,173.56116449004858,26.042364619918835,1
219.08359569849205,62.478715223045995,10.415427115106574,0
354.31495160162103,158.06071625553835,15.088960118321003,0
103.87721072785503,102.58085841583409,3.685878651662459,0
423.72049593379177,160.93486113581412,12.028355362913477,0
219.60716595364232,107.73539977864023,21.453022807713246,0
369.58444593254217,67.05240043808539,19.41069484716134,1
120.97644720309498,118.27878614142317,2.8534401427634384,0
140.1648332655117,74.94703405162639,17.328543174609937,0
154.2453832243222,94.33385207859197,1.3053398075850609,0
385.870635416917,114.22272846367505,11.646046875135873,1
101.81543443138632,72.72944945891186,24.579421793101996,0
469.53071986091163,101.28131784780608,7.134549445210418,1
259.69686901534305,154.54837458003453,27.544544101463117,0
415.9630245662989,191.4096847438452,10.470368376779877,0
189.28856877832203,75.63317939831062,11.503385592563708,0
312.8753665443374,70.0882379531661,19.157982498003495,1
308.1268570790654,168.2611972871196,5.763095901533155,0
336.053006051053,119.60045291179868,16.29847890189498,0
205.10658979770002,76.49325177212654,15.909870610818427,0
356.7172343142962,90.30726794340995,12.469850257512665,1
130.9015819511504,99.21449808165976,2.2623521019328,0
201.2365033920413,135.28533064100293,2.6835211038457536,0
256.4403482100105,189.86396806496282,25.960213648060062,0
377.61086196603264,141.97591653881406,1.9760976579074103,0
211.50507074405664,191.5925080921667,2.9922983285061666,0
208.0346038990407,176.9768682228064,18.5053142976869,0
485.07924659628014,56.54971254528115,14.046013694717677,1
447.87936646886277,99.82317111839626,19.57649099686881,1
204.63909292511863,191.25537768876842,27.71582661411638,0
346.1865164313532,194.1311371008158,2.4286860929862653,0
388.38948998816176,125.42413053953301,18.46214092671834,1
222.29118556458891,139.3474076849526,5.143229085128549,0
239.61285940873745,199.43117338913072,13.225685045174474,0
201.55531618165708,71.34345904573766,5.627099705257666,0
414.7925546837449,122.80161959803752,12.31605449417099,1
251.04431098617113,194.13528806094558,25.512722896246565,0
358.9626738668166,172.36318534178216,1.9274019025751712,0
248.70628616109295,187.4658572755149,21.862956150660278,0
147.76706862166384,72.61597268397323,14.994451366381165,0
212.3185656063755,77.90349310086131,13.0330488163089,0
333.79653039093637,123.38775093096937,6.6190126726122935,0
217.38606432881005,116.60508553929483,20.82050505237921,0
138.0382583031867,196.2735112935927,7.176133450879468,0
472.02162628428124,138.77402521380986,29.732087788655154,1
371.64426318265913,67.02598629745958,13.833151777730102,1
370.33048966473075,186.59628507736602,25.06871095568849,0
387.5062462136894,57.99483422346004,1.0100046278721198,1
249.63785057607254,120.11758749931029,8.495759429424279,0
275.95316013076047,55.60854076988424,3.745194604433726,0
275.3489601980468,147.32103142467264,12.944087898424746,0
368.1836852715451,174.78217808056382,4.554423053489151,0
421.32489964225704,178.32678166722476,18.810112696115116,0
284.3157391238391,70.43419178037581,9.111681213290268,0
265.92872661764085,114.11115205911052,18.001970447505244,0
373.5533367818173,96.53311005400978,13.437893407630893,1
226.60534359692502,122.77039620842986,15.531899053344858,0
312.7958529935121,195.3361581445263,23.463979697420612,0
224.99897427992482,100.68973280071296,25.7844609075454,0
428.5093985351466,68.09462491830566,5.506780110524774,1
203.6636118426831,66.73908297580519,12.503557848268676,0
383.3894678243755,50.89024765101641,1.3950234992702335,1
301.542241950639,137.78717454086998,12.009530438320015,0
248.81834677856324,136.94648384152168,3.6990242705394882,0
273.8184077403768,50.239396654908134,5.23675194294519,0
411.9782547455126,193.07376115756614,5.599771063959322,0
134.59439383127463,136.18949285291725,22.797154434489396,0
349.7844914194933,162.5030966607962,11.222223061098571,0
395.8002037806226,166.83256132738293,23.09105488885109,0
384.3676845006802,191.3042964032168,20.879791152867327,0
496.8713931037067,178.60918305552894,12.388513007948978,1
126.75541157833035,57.594426665002516,12.649458910272537,0
396.98559146691673,195.97786429845848,26.45476752953552,0
163.98473514842524,63.89548083313848,15.283384032018887,0
322.1762289918531,93.06322298305065,29.485546435018286,1
215.32105894585078,62.588792031447746,7.856462901586507,0
276.7879578640266,62.351709482751374,1.002261785047058,0
375.6949262680576,181.41121214319205,16.384342550817088,0
125.73117767541527,84.67416615986792,29.153610253919236,0
450.39673685475833,71.10104684397324,14.307714078672584,1
136.00240947545234,151.6811123031147,8.27728702166684,0
407.5142329566612,175.80749016184694,25.367067019213163,0
308.5849161665906,191.27694949182845,20.281192499174576,0
413.3753825632872,115.67959213519296,10.376716929872673,1
388.64523941413836,179.65596078817498,4.8671161622282035,0
146.87221794956247,61.260625750014114,24.24672693159891,0
356.32572780465824,117.2580006974088,1.020104371043267,0
256.55005164151055,82.16031227314878,3.228864255311496,0
135.45938975871175,194.1044183018304,12.210216361178967,0
116.40382084963008,81.0709922779892,14.936352094728148,0
101.08679205966334,183.11978432731524,25.90283532032907,0
394.64474987291055,119.58817008464227,9.500761091411123,1
247.61543991291865,96.22063061476987,13.941377521606313,0
186.81503317685807,69.22980437438311,5.251217031859332,0
208.19423961134933,128.6127852207149,23.19123612117791,0
492.92697103835224,101.89890846621486,7.8145381293810425,1
273.7285748160515,187.48374695882302,12.24416210265,0
429.37033758144156,163.9618403446804,1.3057157773349313,0
293.6272482071878,177.30270842453888,14.888277475233863,0
361.40385014013157,69.02579467455108,25.298972011536456,1
338.5895089691131,71.65431871483386,21.694510430636413,1
226.22661256911334,143.90605903501375,24.33586481331769,0
459.6063190187746,171.40673496385693,9.928185288730207,0
381.94446775397523,189.06095294187813,28.793176614796774,0
415.5653221700719,152.20443392731767,19.08651066888791,1
232.46200348236158,162.99884595789882,29.08012109099218,0
252.91287711249896,65.11929858649474,8.87741383467187,0
291.3184221081891,100.17860221136789,23.759375487753836,1
216.84646704445765,132.39069439309185,25.069655906822614,0
285.23706657732555,122.60199499784098,24.275849578353462,0
475.6070272322593,151.6342686946783,19.225499428681715,1
414.921969987691,190.83660885882892,2.588729788574306,0
223.0946213025879,96.1904193636867,8.549106958939731,0
400.55168955570923,154.9301395064511,4.501383259113574,0
256.0005524563169,159.49080577232954,24.677710279541696,0
360.2361551632351,136.99845254620539,1.448444573353423,0
105.18514683934197,56.714982197551464,16.098499944656268,0
158.7652583370537,181.62544445014106,19.485093796284108,0
494.2664473976189,117.3271215232488,19.45827142873875,1
111.91212104181774,172.73205478633082,2.119736687482491,0
335.8969534583839,122.36804198342311,3.5507067341671696,0
149.3689186284663,190.56405756916422,21.748167408767213,0
112.83694176365344,189.7378900519424,18.33269320179336,0
352.14954936083836,127.930303536786,13.930635882015563,0
386.27208196242447,117.5018897492355,7.269164653026719,0
280.4632559357259,191.55140229834115,13.634544789829794,0
382.70021642348377,107.00355347970338,26.681941992887364,1
107.83327590525671,181.77660107392586,18.20952547703983,0
423.1329159775861,101.05215388861035,15.827455592992944,1
215.68893675196125,190.07531760418587,14.259756659287145,0
360.95547234667447,72.64375077462864,8.109154936233889,1
455.5950511782591,114.47219475693169,16.64887762344163,1
213.2068746414896,60.98984704659368,21.11057017276599,0
199.16744998991183,53.574748542862295,14.963843938950886,0
109.45889643283762,110.8014582175161,18.854887208631474,0
482.73214495782383,87.87174198685814,15.202179229464864,1
284.0950169151896,127.81614464440193,3.431701162875325,0
444.41975261513267,74.64732793643667,2.2327365946390056,1
258.69631584294876,116.60013652315504,6.17762181917962,0
127.39464123642388,74.73047428575444,6.435900851918956,0
439.4940383055345,147.55209465792322,16.753941993532983,1
418.3094899128464,59.66389151516633,17.12128959930273,1
237.3106229868403,108.35152161942823,20.148552962135415,0
414.65678625217146,83.38554690312206,20.577786790660056,1
304.94990100711925,180.7626424534918,29.37538902158052,0
225.28476930339227,89.71606464956727,22.241645492111086,0
456.7784452589725,165.9330346791937,5.501599404223587,0
434.0371890275409,148.08815727401526,5.5891324200469,0
164.57806252582085,118.72090844806337,10.618611936649227,0
393.0737045770095,148.1567605890114,20.72037298668774,1
347.4019003758085,95.25605531335272,18.882322818298583,1
369.4965409982601,98.26734846425981,8.497796084750153,1
275.11254244996735,74.21944616003151,22.747986059561033,1
245.05012728451564,189.95298838312345,19.17740485920994,0
267.17956021474754,92.34573987127888,9.368022695502944,0
202.67781993761406,156.972524304447,9.450661245837455,0
469.15231808032945,69.56512143513908,3.462567110899995,1
380.53278134886125,77.37858899643487,14.59890826850121,1
328.12746502138987,70.05371707662428,28.64845673305765,1
277.44576308428503,191.9639202709408,3.2528899124140827,0
141.7473986499267,114.62600212753085,28.018405890213135,0
315.62214303245656,151.72586388600234,19.46222926937576,0
374.53219508420585,97.72038947639325,10.991952903382792,1
375.25655991884264,134.64064351216552,26.74221945394687,1
205.2052356339834,165.19334094327462,2.5041386317927143,0
247.42557640506155,190.97757191826773,9.970482724346281,0
179.2358935569082,100.173601140703,26.73300138030324,0
408.556032728235,115.34069351534808,6.100004026918224,1
246.61428497354487,121.73222408243588,28.53432433913395,0
373.5693057297913,104.27131773912305,18.742456156503856,1
415.779401482479,144.99229760038307,12.429165391740824,0
258.7331782007855,82.54910343179696,7.013251138588471,0
370.75698709342765,68.70050619400737,12.085363484399718,1
350.8760168037061,124.04588116622,14.28362676711484,0
226.90230841177265,197.3466163521581,3.549894095878716,0
285.30542706153454,155.66616973047925,22.013126411984523,0
266.3953227185052,192.31824502694585,3.9056333885054544,0
452.3910161752435,156.2915969878744,28.270707730677927,1
322.4547195149305,115.09857800645668,13.218214210965515,0
373.0338988396439,162.76988027684615,24.147698193854758,0
285.3387580856205,99.83605406478429,2.3855913320828877,0
251.77716176589357,138.9317226536043,10.55519372652373,0
205.29465295317362,123.29182437907401,3.1177137098241876,0
269.0065076330643,120.07146432772299,5.527360601964476,0
102.64914792192137,160.14748714135814,25.671443455732867,0
152.78453101147994,144.07244543060193,18.926056133035274,0
319.0508053850869,134.66252099905068,27.6862105953475,0
247.17977174559113,87.96550417457388,6.058745654170721,0
438.1340326246998,69.2769631952719,13.533680182962469,1
208.43870350232456,81.37623780012167,13.628444451356176,0
271.34053883358774,134.70720860113056,4.4009566430672304,0
173.3280218063178,167.88680841667252,7.975577914910394,0
129.64565364303837,50.28223934151947,5.411522248992293,0
280.61037256299016,183.29077291866597,17.768668501152657,0
152.04317466194067,136.10517314065157,12.657687882566703,0
312.11298610758064,109.03840760640958,5.2072056035032155,0
105.97917752919108,92.1965252089177,1.2733329784582486,0
195.4028836501363,133.15503947233864,3.8724605458009287,0
492.5665298507788,83.32498373707975,25.254086803551953,1
109.80801277854835,54.51065547406646,23.287115508143227,0
111.68867359281762,95.05551356905005,9.752377797553157,0
371.6682709784277,95.91723993219018,20.541453138765732,1
109.37703950719518,134.02516390273757,28.44589358199454,0
213.53103972245583,141.27265968041803,21.916628394764583,0
239.76508691439324,69.78685239447582,2.7497105601412217,0
453.8677428389649,98.79061273210282,22.23765194036961,1
342.38355450944687,175.45890452233743,8.871529929767027,0
463.75507586528,66.63411953883303,3.6778373969266314,1
368.6438753968454,150.34924732491828,15.369533709747135,0
336.33033774657025,189.73765850318753,9.627680432216724,0
270.3383410804182,96.69882948636416,26.677850661175952,1
497.8060348170916,199.879528232772,15.130931971059209,0
357.1711503176998,124.07840284133009,14.777677318116467,0
498.5167616511546,76.33190605099819,19.29509405074044,1
443.11280015001046,92.65570540735176,21.12382701111962,1
285.71849572144765,160.2768022998874,26.309261257305298,0
290.018128364419,129.86903150679316,29.369903987218155,0
298.16700419678756,112.05191950817357,22.406540646458605,0
462.65893417473563,53.94586296596145,2.565603786131967,1
352.56453731219017,96.31877486259614,8.615305139557192,1
204.99598354349789,83.87076695269369,5.517614460724717,0
444.8575190149426,103.58781845451578,11.21488876135446,1
389.4304219963671,125.49666264066433,4.375763909743995,0
158.71798248090124,147.70681149414474,25.20797083435486,0
244.55221523143754,187.17051766917461,1.2605464650209866,0
498.86095844812746,192.90912264366523,28.171500498665285,1
191.60618820857786,143.34110418769896,19.414608142490028,0
402.4644586571768,64.1604421980118,2.2764273868597624,1
493.1891441311451,182.11164619573768,1.504290560869809,0
397.6154233455131,170.49350304425207,18.952620142898855,0
322.2552523962959,124.92682257396491,2.2300797411283164,0
438.04802029793285,185.54613644124785,5.602455196820943,0
202.2709914452369,189.90239537854512,1.4398230525351288,0
223.01221563791648,129.16545678566212,5.5555118874975475,0
125.12370823580014,133.13321175144353,7.135920514443716,0
495.982457179306,166.62089078554396,7.167003255796162,0
318.23767246125215,96.14657364686019,21.44092728548817,1
492.2468987676507,124.25826062169227,5.648543567926459,1
414.60278047939283,73.145355256313,5.391426062648343,1
371.04728111414187,90.71929908342277,29.573301667742815,1
394.5405026700441,189.35201484669997,27.210748482570544,0
320.92537047442784,101.05138236825923,10.719137741362296,0
180.135506955307,157.4204976060671,29.010286682427033,0
492.97498256248167,167.4103558158374,25.126112246337655,1
495.98115628145416,96.3224885298095,28.029089310504563,1
344.01732265356986,90.07302187415058,27.665746053600184,1
151.3900836291067,165.67789507901452,7.880598130324166,0
250.98798472404246,62.31432029035855,8.83343284582121,0
119.09652127820553,109.55490359711209,2.5896009941108797,0
350.06451617892463,190.21477891220172,14.717493928851935,0
350.3944507161985,175.37423368269376,23.16422935371865,0
344.7413783496732,145.61148581812265,17.051966353950085,0
261.74435324683975,144.58744117854027,14.040363465099514,0
313.5315278047649,68.5453593964257,24.73161166627753,1
272.0660155075875,181.68465260721112,23.87477539758831,0
471.84509540303765,54.4189164527124,26.273649721141084,1
134.65439050557274,160.78824347164868,16.26351751967872,0
407.3761151134309,194.7507170059277,25.153860949325846,0
281.15722301483777,69.0532147998212,17.013854375268654,1
377.36336444257887,73.982037522272,11.343598401655386,1
222.17920291142372,61.82592225660077,29.01336576326766,1
228.66250116473617,73.6847069032707,7.796481220923904,0
321.8689766204665,160.3688986579327,23.837204002922547,0
442.9134750112651,182.0638206470789,17.02140108718371,0
181.49579437885177,150.93057790983266,16.514864367045007,0
349.40239618930485,120.76889544633234,1.4855143280141112,0
278.1518596865559,173.39895505333806,22.291029691131993,0
316.6962806046794,157.21137506421073,13.923238652798089,0
136.9447228707541,162.3116742755247,12.528834059838205,0
184.25362888865482,128.86505196818786,11.784122374693943,0
274.39514401865216,145.95050220302608,6.552163336540306,0
453.5162945611406,163.21592480503762,22.619865712757495,1
286.75821744942243,149.76691755793425,8.227947906359269,0
269.3619042680331,171.630186088267,6.041976874667691,0
190.33293176364836,157.2137530832494,4.060578299672725,0
482.7823988867989,97.8064820214862,12.226907025338237,1
129.59893214146652,105.43381215898305,28.67279213011075,0
157.93603491484532,142.6854216607013,20.43757067267204,0
444.0196464797156,170.48025896649108,9.001842071945065,0
355.543575018571,79.7086404131754,16.40778947958539,1
219.90868165562736,95.11992754280138,29.396764972691138,0
272.9072355093392,110.98418672221862,4.5368611166333785,0
151.78008437661595,61.41722086120653,27.26464909789963,0
220.24158109813555,110.54507279811222,14.829733473685872,0
238.84522339570586,94.04577162020755,16.923698490382947,0
120.00232245644504,190.31345886115116,5.131569080639732,0
453.2655480994357,82.70322256395946,19.281639632684897,1
384.5729569977068,158.31623977260872,13.695268892836014,0
162.32306223880767,129.88826144238885,26.405085215922394,0
398.76532972641337,120.69433547127184,27.963377066688338,1
473.95978559285646,142.37549441880836,14.445952982332697,1
475.9877602640271,81.8341566793473,10.35173676835843,1
302.35075354201507,193.3951330939702,11.167851183706825,0
129.82640786103966,197.63841161803884,27.72841042160391,0
174.4128015075082,83.60516814211641,12.498212521962781,0
336.7772101186474,179.84498802360324,16.059058228904387,0
359.8856407120176,50.566023361887304,24.69482593194412,1
370.4468991788461,84.24694633459174,13.866309722367918,1
301.29739913028595,144.8150508224229,3.7980924944888863,0
498.0426217371776,147.45689537299046,26.412310317122703,1
255.53278373266247,82.14891328537311,7.67843140967274,0
132.56681258313475,106.23716623344109,22.09804460257623,0
320.90533601625157,172.5795054937712,21.466581978475737,0
446.6211811321266,77.16967790262851,27.468626584032656,1
102.71653536401888,92.36787054394583,1.2136090981658922,0
153.12431503680588,164.38467288843796,24.095837749790554,0
307.3909402450315,169.07575879343347,17.61736521857091,0
188.70253518087966,133.7816433825767,22.939255220970075,0
371.94631265614777,158.943969126998,6.765276420244281,0
357.81872631801156,164.68138212845287,4.876898078597292,0
355.96281391092066,157.7985951404143,6.906621611719583,0
259.4420903354521,142.1602738707872,13.315905886231631,0
364.93811519035614,190.25025950016112,7.848513389650383,0
351.09204419493517,95.48858401622022,23.95849079364051,1
386.3484639413519,60.23669943355057,17.31621487856337,1
339.9079689157013,62.47166720342975,11.728730496380496,1
246.5554641994313,187.03666337105042,1.2656378930459518,0
156.19922341768913,59.47459910232245,24.7716663041949,0
368.8310751022592,70.89180363771224,13.178653034644592,1
218.7042088134579,195.39590241683317,8.34884695325286,0
178.3005062350465,195.9207332246122,4.517266143446841,0
328.18239866041154,75.33987412177338,23.237276462636874,1
292.58169412646066,181.40156584897068,7.854979173556837,0
390.137505609299,153.43334969332602,23.118203270034236,0
280.2321380446134,128.61673148245188,28.781717134496212,0
299.36224155389846,198.03847601648803,3.7562415949040324,0
297.06424820007544,117.56687337779843,12.643504771797959,0
227.8317937733127,111.66490114664015,18.463386847719878,0
177.58293290284456,80.27899636512662,14.816399731526788,0
232.00963648543205,67.90516163568469,15.465479341044265,0
369.8231163531244,82.49158468787851,27.65005589666952,1
126.5491659841945,165.13517018707088,16.569843739263888,0
411.59628271210477,138.54213168619688,25.419751425760925,1
445.18323949601404,158.18829271049583,3.973499087367663,0
317.29134774778305,127.11352110260253,17.10381275743854,0
312.4226170624688,139.0967330056671,9.723464042461423,0
119.67682174058768,160.66757048853418,29.39455722564855,0
317.1303041853997,184.82394709245585,3.3013017998110805,0
412.4233505313706,89.50052537888836,25.625948046219616,1
294.3770801407478,156.12605822143553,13.80281480793183,0
285.0561643829967,108.81417903959769,14.71480720980028,0
216.5816798255044,104.97385231284616,11.685095381315488,0
320.82780404534435,196.41892471581951,24.38820574598395,0
335.3548653440183,120.60012893757408,19.419238366308143,0
355.4685699296258,179.38231700251913,21.44535892681546,0
154.6239347697657,91.75049953842219,6.5557699779404945,0
209.24908316289614,74.38733359046118,26.52782736776778,0
498.2140126361878,116.5632873788568,2.3424904604082437,1
342.1812405530468,155.4429351946635,3.0050904733335573,0
159.41158036803148,195.15523436352623,5.376534933190501,0
206.21994300435506,106.85014686976152,8.017930552588975,0
229.12338426736451,135.13676871470193,16.20697906790147,0
341.29295523094413,121.60798996945017,1.8727655632856877,0
119.20745356183096,92.97450423787528,1.7064350226445586,0
392.01828127631285,162.55097740797447,28.319484204810248,1
443.52327431359475,122.36726820870169,7.89630543180201,1
425.316612194208,81.15207874974888,6.654150565594716,1
212.8971807062707,113.48994215066867,23.169228199829345,0
193.88336257102037,197.9665102509587,19.571924241734095,0
314.34858114530016,185.19757663471668,5.861665657721756,0
237.0879854766818,169.0550875753991,17.834050065935518,0
139.84006361182293,102.14906430643603,21.833992324944628,0
109.76565564530438,145.07442115314444,23.03787547262305,0
292.30864839863045,168.1514463091316,28.77223953131684,0
294.3096175332782,193.6531998069688,3.781467506804897,0
243.1230091852026,95.54738927654171,14.61746582696366,0
422.4410657751419,169.1482553274001,18.743433751728485,0
329.7665352056755,78.97105733395888,29.128777758106974,1
123.13475340209848,99.12355101224679,29.98842861176488,0
373.75761171536413,160.89260826948947,11.511369918479575,0
154.00540661403252,150.09936667097554,13.656706061265206,0
399.9276228305646,59.41496800376024,12.146294020441571,1
378.3392544734648,83.47693327097981,16.140593498534848,1
371.40502530252303,120.70097124550891,17.777844480843047,1
390.2993444978713,136.46054917223944,23.26173902409138,1
478.6489260857584,129.8816437717055,18.186455367228856,1
354.53015565781664,111.52055024483052,9.960234607186528,0
134.54144917109025,102.90013057414865,21.605208983038455,0
112.8054979782938,117.39839060220437,18.038781204885666,0
139.3675013963965,183.71046147770625,4.336047299153435,0
336.4453231038212,117.36750084230097,12.827178144847736,0
446.0248058485441,108.89114736678718,17.969338519864728,1
184.3440424923449,81.29129106236257,21.994077973728874,0
394.8261815250828,82.72054395211323,28.224643339642963,1
131.3380703173385,168.44073525187974,6.321370691720208,0
476.31781752549216,160.34684795373528,7.779044975671032,0
124.69012547156893,118.95790468888289,14.92048751624077,0
256.03840841971106,118.12806539893809,16.13962472806212,0
114.93517096271555,92.48436889075441,6.408415541952637,0
399.4064342822106,184.33851975140144,6.645816030457909,0
250.07872365525418,143.53182565560118,7.571670094847631,0
258.33989913239077,58.354928872990044,19.00559205123298,1
376.24421205927246,145.12232137640808,20.537514285367706,0
176.84076549951246,192.87581570806668,2.3261471290115185,0
378.0289399918575,80.99988718320344,18.17359289899201,1
180.2215483234892,150.27026177696024,23.84836246117934,0
484.65563973758145,62.02469319599477,7.508278672731166,1
218.78329798997686,136.73117077202636,1.0962165198171836,0
206.6650888278951,105.68947985608236,20.883111213786794,0
296.8390554160264,70.05006478318788,8.51215026268719,0
379.6577109789986,99.95508233162172,14.247353726973,1
186.89319500883641,160.8556737757205,29.051795175620086,0
302.6724520687617,152.83012434884895,14.72384576926936,0
281.47759581081107,133.25849875648498,14.85496214037213,0
328.59780278110964,170.98838173382651,16.98202547124756,0
422.57638982476055,107.54752469271625,26.461442843031325,1
359.155879366564,106.80343399978322,15.619883636377129,1
319.6350411418148,119.27387469791904,8.943626919153994,0
352.18669304513276,148.58192354854268,17.738132396027904,0
236.30952119946994,87.2314407269831,24.166989885975575,0
447.08809183017644,153.46825765559825,14.33652957949689,1
157.9429929394196,71.24865823869756,28.750173983325347,0
158.31194703158226,168.19223513495461,7.175826983902822,0
235.21841228461716,105.92500867423277,17.983828666695043,0
103.02152379309248,79.57091894236841,6.547427924558358,0
428.94846702934785,183.87615202761654,3.35236069338599,0
243.2876970621262,72.52906674871606,4.977766043299739,0
439.85343731389816,131.64869607541294,8.930043648204675,1
111.13385291346378,128.29460891349697,11.373213694130849,0
123.40472912982348,96.42804897289409,28.25121935799462,0
426.1090906165288,189.97323338570146,16.68426502110073,0
237.8896004787234,107.07676439534725,7.520321204286986,0
255.4341374007708,157.971375643816,8.71617071945723,0
271.50596411468825,197.31942428507244,16.004420083774622,0
419.123697124431,78.06199970060092,28.989747599975235,1
455.6906150572247,97.44354395646795,15.04218230119606,1
158.70032197911908,182.36411730796658,11.170776149884261,0
179.6991441807088,175.71047976091484,28.331949701497543,0
187.570167853089,79.09989240535768,20.163217284380107,0
240.63232826979032,83.84439523076259,1.2543996557485513,0
495.5182180016965,173.4525817936322,12.508418845669611,1
450.598910346525,181.19846698804596,25.11148002876728,1
327.0888353554993,163.85114832646317,25.295093965793992,0
420.10833257866227,127.24681391220786,11.78167502399269,1
163.42221289857744,162.88446507909623,17.080503141522303,0
307.1588585599892,86.62132379182086,15.92938773031468,1
156.33092897574502,109.64957623400815,6.21109072273972,0
285.3164415354788,85.3513606622854,20.22618958403478,1
331.2408488914221,135.811740032401,10.245385869686526,0
394.0743816433633,109.90200163265449,6.483263725468371,1
178.80181884135726,145.23604649867008,23.200159303136665,0
388.63969653036065,96.39219003205658,18.504307280991654,1
176.20943833770664,127.960702689656,11.821750371444212,0
360.6760062683953,157.52539808666654,15.141869623592646,0
320.68476027710625,149.58811992342288,18.28205340209688,0
409.8267112288561,198.3647136456322,1.4467299919211827,0
108.26147265059288,136.669208411459,22.455089631803034,0
484.95097207622,105.77713430045819,3.205834379237765,1
236.73021060387674,51.084833382912585,19.08329012060549,1
185.0869268067775,140.7359263889605,20.995081932873052,0
180.75849206978285,173.57572859290036,17.413269323520545,0
215.4358303863874,199.8916808744249,5.477000308584269,0
366.5876540097073,151.7575470873905,18.13051262808474,0
318.190101710722,146.04185467223144,14.311466287218286,0
215.08720564265946,154.10025987834,22.879557868806103,0
141.27100324723824,127.46253624145952,15.387084770803742,0
401.0251707052179,75.54017646130372,15.576940251138607,1
282.4979551116394,52.35640125656477,7.525644257439546,1
139.28258987917542,141.16531409017264,11.030786517176299,0
486.2169060740288,138.92811294100127,22.002456117077017,1
105.2407048978771,58.264004455819645,7.274794504719927,0
191.1481218771287,118.24770455547814,21.990756480276797,0
150.02091408162536,169.32681566671852,16.602880015302922,0
133.29900930912652,182.41068822943083,12.71393275070181,0
390.9317481575228,140.68937650383913,4.158920040669046,0
121.74096702056704,127.50815951541713,12.881708320452685,0
465.1143779687628,144.98037773252764,9.204745359779952,1
308.0625083372412,137.41132458459055,5.712185465107339,0
447.14072345266993,133.62819624756878,21.4847589930653,1
376.13498655270814,69.44721926214483,19.901139527061353,1
234.2477564334068,54.434943546661756,4.006757316422062,0
415.04984907209496,132.53009233283012,23.865343043435303,1
333.56222842409045,158.52022548246077,11.703202150393844,0
215.4680080477911,90.16586323211712,18.87586133346867,0
399.28648940764486,170.02602649551807,22.855793712872494,0
300.89925479725116,182.53499797282137,25.671189102871857,0
260.9072814973957,89.49590446957157,21.93597906967665,0
179.51772518214864,98.59337486480547,15.358464301276355,0
312.58816674876016,62.989806052160375,7.092953784202274,1
296.16570073447724,102.14298755069768,25.570609615726852,1
499.92899146792894,170.63010685737174,14.038485072106042,1
451.74868437670926,185.46343729154412,4.17447500847646,0
383.9530865720696,66.1615645994565,9.442191196356452,1
253.795203715374,110.61779371360615,28.976044492900712,0
276.284109045854,103.27929038408752,19.3434252259294,0
474.9130933533285,197.1768640347918,22.374799352895444,0
362.8028210454734,86.8280752721433,5.519567649590764,1
393.3061643092418,52.2974279926258,10.671456611669061,1
322.3038420602302,99.79829891880794,26.46209061780955,1
183.35309789825436,158.48602675285986,10.594951180633627,0
173.4206367981817,170.37441251076484,25.522122732926775,0
168.2610311208731,131.37703970775593,18.31563801750359,0
460.7643593280462,181.97587814679144,9.66549345353604,0
328.03128254282586,150.21783363677082,4.6679559854427675,0
431.2373106264249,149.96872816312987,19.19478302010906,1
150.2851423981729,59.437337177674955,17.11863345965235,0
455.87143215479637,95.76816762829887,15.570513812126642,1
463.58131097801805,91.64478467147244,29.317332134951833,1
348.73557334705026,151.6752581338024,6.973922949834479,0
311.2734989306549,188.28720422999487,23.269240865284512,0
388.1337705468337,117.72763643736599,29.712830267567384,1
448.21347247944254,194.95599546428042,28.3645877430486,1
189.14316057654827,143.7360817905135,11.222644830143242,0
441.68545821614765,194.4681913079292,5.40446365711043,0
454.4929274754309,184.30232942191972,12.852607414512015,0
218.03892566205946,143.09267251712265,26.357838596972943,0
223.9320538951748,199.0147819942019,1.0480243528974653,0
327.6015800847974,85.40165267990238,26.3180934729862,1
133.79403294877295,130.15408893958966,19.79721183602317,0
385.72780020179266,73.65759111643139,19.359527978816676,1
368.04579953345865,188.51537118797313,24.29356375983805,0
345.7025997796412,114.1599923002409,9.55596817373985,0
135.64293247299028,109.42909279635366,8.935931935991748,0
432.85367005655735,92.57965591731258,20.51746526296339,1
343.7617671942117,102.6668607574608,6.836823800791487,0
148.35640238190675,121.60665369797618,3.120213485445735,0
164.79216115246066,130.25954173479676,2.953698559350458,0
296.08488698021534,176.89652033008406,26.60762082323368,0
278.34453255439325,162.03344261821172,20.72783224266649,0
491.9430012038224,57.14469353116012,12.314705615284929,1
153.1306984331277,106.85757015227,4.044920158383709,0
210.3004166129458,71.43654746562419,1.2839248301105712,0
249.4048517105056,67.16893991086602,6.844345014685783,0
260.6688723863284,122.60671813981314,25.470097444323876,0
434.6336373015506,119.49578412746898,12.53674094553339,1
214.83618052368914,198.2362318854058,22.48140927174724,0
351.19810622812156,178.48779820778668,8.933418798192225,0
393.9813421945955,132.69756272044572,21.31793919576872,1
315.44493234334817,77.57326274119174,28.994463525270028,1
448.63568283284206,81.6058016679169,24.149688980493426,1
378.50227114801635,139.55631047805298,26.632418624213138,1
244.16022103731513,168.1953766784971,18.619470282209043,0
263.7433201285723,92.75651421505717,3.5752247207498846,0
170.384521410451,105.37592065808548,3.767024233957122,0
275.72623082399224,88.38786908006955,27.81260218181944,1
288.9018144193869,84.80035474041603,29.36538398363996,1
425.54919439222203,83.31820060297972,4.417055876942114,1
449.6109267539224,68.15491737144566,10.894399282300094,1
306.70724795742626,86.26996816425002,5.8616667897494095,0
315.0272132571383,98.04274854230454,25.73701970975799,1
269.4820788362125,58.67825770878784,22.607635949004518,1
422.07056748257475,82.13277097777004,18.25239084144465,1
144.78861974736782,61.8650622780807,9.284558384526918,0
324.49569193157674,56.14245522696557,11.870844977680516,1
262.8542600028302,88.39538756389749,27.302735163377225,1
358.6102854918795,69.35137010837137,1.144889967383882,1
126.28323938482882,142.76760438577745,8.118588325281522,0
239.38255880187484,76.19703998161789,22.71249359957404,1
243.2442718895104,62.71349545671204,26.311178341195824,1
439.23284796867523,161.98032914966984,2.3735664661196934,0
393.5080861395684,168.15942717144026,13.52658719303095,0
441.53564022622356,198.20884998596017,26.687584091207842,0
118.43795368900473,97.49967470853923,29.766462613078847,0
235.0128908010657,117.94489819750035,24.149652085762444,0
127.90432650956691,146.1360354453526,20.59862369727356,0
372.18941700438864,153.32237505951005,12.848878247486173,0
305.11079688329625,64.18967347465916,2.048865859063299,0
246.01259777200863,114.7185779979784,16.088441085277847,0
454.2250968506954,197.7612736019659,20.631077600591748,0
276.99619967191757,175.81140161216717,22.77848942960438,0
223.78527277201403,105.74443636501162,23.028750536630124,0
449.9383706632416,170.02396186172734,18.370377132247917,1
338.3026931102128,156.03412222912254,20.31761892988493,0
255.3599843549062,182.28461664753294,12.209283235861482,0
267.1984357407293,194.9146824708339,14.063219273482192,0
359.83809751673834,151.55505846195467,24.277642450934437,0
426.15131436182196,67.47899197864834,25.206747892885357,1
205.84869810428876,145.3936343596265,26.41855471543869,0
111.2898773626156,130.32657820984366,9.711254882303175,0
219.32950826825217,137.19722938844353,26.761560327929303,0
165.099732757745,193.11569933846542,14.905626978000647,0
431.3685155610495,164.18404532679864,23.353553787439445,1
113.43674043833039,67.0640686096725,22.73594594747832,0
413.02564031435486,140.36871067875742,16.08247940298874,1
218.78271692287797,181.30709876175783,23.918852772723344,0
432.5813908985021,89.92341153283346,1.7284145574715382,1
436.97821791601024,169.17670139998705,25.20522874868183,1
373.16591701488744,72.42405936841438,27.040196412371753,1
187.9140222105862,66.50813646229396,20.689193425845946,0
118.87753865435862,68.79496446095574,25.243024840788806,0
471.4654238145138,130.7665183770005,2.8676289292161314,1
438.53023465545976,172.85540159354977,23.769093192793267,1
281.637210549205,168.59359858410258,7.942104604040611,0
414.5231720732731,78.5359805608873,14.822778239441812,1
209.421106454605,98.04281607184384,16.508571359577182,0
408.10259839283464,127.61466428852076,2.201884330951382,0
207.58342630679212,198.64299930505388,1.1429305851964642,0
306.86776427054895,102.89551688344224,29.515569269155545,1
330.9787329969672,55.92144933760743,1.7250096863860618,1
173.70095821483517,53.00980500308885,13.504809053433215,0
368.0095543648401,107.86785387838252,4.938585366599979,0
358.67659804071326,118.45291820855081,26.17294186577543,1
255.86391575627556,159.389658975153,19.758818960100182,0
221.11928639175687,102.44169491637365,19.8296041153842,0
301.28880002487597,96.72781180768698,24.07289391200566,1
168.33391354561323,199.80745929716315,16.017109387952914,0
440.62408769713323,106.15835450249918,3.332710853441677,1
319.40184915294486,87.84750891918357,9.959640407762755,0
145.98680718601383,190.9692261071993,20.196858034187333,0
499.8792477541184,155.59574483437603,21.8792561419697,1
242.5116208232848,101.80715166425108,26.7578489248058,0
282.1664106935722,145.30577191316576,3.0655409580682376,0
300.582836123109,140.5818858836712,29.921794021711595,0
197.54771345260946,114.61308126504426,22.827913017132722,0
325.4742259213498,164.53234929586364,21.4139971060464,0
240.81251622990604,145.12722294135543,11.887664376004142,0
457.5499387615017,161.9068023019769,29.379069418421935,1
196.47115658349094,88.22740361362071,7.483875406915298,0
470.19614863959947,149.6846062292625,27.85050660242344,1
489.96390957024164,120.96795883632574,6.371948328051213,1
228.5429717536148,185.8321832015885,12.601037589011375,0
436.240637502194,171.06289001278594,12.11476330553492,0
376.0042691832405,130.59112688549374,18.135892522240287,1
180.8260371040645,118.21713095864482,4.754010777116088,0
322.17863983997455,179.12176789908585,1.068581202074283,0
192.94658391717866,172.14791644750784,19.75445866889332,0
181.46895425652224,194.34136935212885,29.636660132181543,0
309.7231961779844,120.36770998827743,4.863902267512127,0
381.36312590561323,178.84861422130984,13.598764391766109,0
241.2529961770335,60.35654717605473,18.0247847594452,1
454.1911102215775,80.2367094778376,12.466425035947491,1
137.47159748693178,198.1096464858224,24.43149957382986,0
120.43792436479856,112.80089145567041,5.7840087743500455,0
300.79556745652206,69.06728119932399,5.028124341431905,0
188.75039985238016,180.9379422461669,22.60108615029667,0
286.4912000295529,152.07155459419727,11.400941203961638,0
493.689978396535,54.53119239208063,20.487238150322764,1
291.44729841500254,146.81825950915524,24.050359335683225,0
198.89434420468342,196.05955001028863,7.337361746651566,0
324.19062878823127,187.01666194742486,1.6281404690641792,0
259.85194181821817,53.26733652860532,5.731473876278786,0
395.67770891748233,182.47238627258247,18.440861860072353,0
486.44591615783634,138.17759446790944,18.1913696105747,1
402.1821606818849,78.93369769248628,18.938753812574415,1
302.9990204710919,151.502003478762,28.065439696944694,0
285.69833070680966,153.6566554647104,12.719611118352816,0
391.9797363260718,105.72072263216593,17.35848346325905,1
451.3427568595904,190.24691385585308,7.201413461536286,0
422.59580157957004,179.95970810054047,29.280050347445094,1
324.47364706359417,106.82020876900683,20.150403865507883,1
357.6673952233724,127.28402603115359,13.196218939138783,0
194.08558570959573,194.59995714745244,17.860561895130278,0
217.33687677331756,158.24782240700705,6.976523172666009,0
427.0508899448435,111.75149306674302,8.366120518024537,1
288.70161378408716,92.67096862812221,23.331123286854467,1
285.75164610880677,175.88854125717427,8.590364880503628,0
437.7701664386747,112.78347207021329,24.594058165717797,1
164.9914027219378,119.55641991186434,7.875324129080326,0
334.64428301397,140.23876707618,12.943115558378187,0
142.24427666993734,164.66170546593577,18.282456216708823,0
394.2885977848648,157.0581726074846,16.087637155083307,0
438.2203537345183,199.508039867806,8.410430882118611,0
139.83553582805,158.83451796051747,8.630542138070005,0
118.37236606826052,137.3674909122928,28.597967358704565,0
405.0762447272956,127.37508916642042,9.043222350661997,0
401.9156668055954,126.90566478799266,11.053048530898709,1
193.1741568753786,161.17806689871423,7.795644522981014,0
481.5553927414906,157.30727978436516,2.698778442351095,0
109.27677720721198,73.50719834189081,19.325982206421624,0
152.99724295026704,99.92609138978727,15.825262366019473,0
408.19887193137964,65.77700101511155,18.462052166330388,1
257.2510321209405,81.97064544178788,20.672311985519993,0
370.33638593017923,90.94432852118118,20.488546197529086,1
117.51749040049057,79.84848427494906,3.9423770047582427,0
105.79827699681248,188.59117248959086,14.239523015650063,0
395.77305087618817,192.6373098463432,13.060091563259984,0
376.43227829344823,76.12112654458089,25.450858218298873,1
134.10129640275562,167.40696330169462,23.84791081246782,0
489.1263179646161,170.12831754671177,18.59459615691245,1
113.36556416724287,155.51789510477224,25.47389469326047,0
224.59924245255687,134.1436736694819,17.630619725012863,0
175.29241827900222,105.02809164171236,19.987349152422443,0
269.42990171642987,106.70710665140453,25.795236983898377,0
157.58222709333194,93.36200462956026,18.297150903489285,0
426.4377780797259,184.11687845897336,26.866687059368292,0
448.0099742046054,60.683124105051164,9.228732242368727,1
299.3663609827995,98.7499975325731,3.5699687251509755,0
355.61185110773704,150.86630645530616,27.405991047450247,0
349.33221927775185,155.33569300463063,15.722665208180288,0
221.41464076847058,163.23503999202026,15.387919956029288,0
145.7671084853224,91.58989241583976,16.270473153210883,0
340.83814148304356,56.2777780959649,9.860594296035174,1
212.10875197769298,174.7699252702987,11.73138855905231,0
259.5752109233369,122.77576617849067,16.231934668136542,0
482.3421984860464,114.37983538398315,9.001331686461091,1
362.72467322490456,78.86358832687631,9.267717176143798,1
438.59109936658547,63.48948544030921,26.53020240883492,1
143.93435991704445,192.12304484978839,19.74595428362607,0
169.06936371094343,123.30933201862074,26.985789680362487,0
128.94158467598578,76.5341110998131,15.6467622847491,0
478.7453894185719,118.76327687716775,20.99716321152232,1
491.83169627747674,64.07240168496033,4.708197069120935,1
318.74867281990646,117.74505262406223,26.474362800349144,1
226.82323201468574,95.793439676154,17.055580679839057,0
394.6888229687643,101.92813725183632,21.567748872145216,1
103.14296410782151,83.92173754965097,17.828005013633916,0
358.478563663178,140.23530624699657,7.891140154289519,0
485.9748423349042,60.66142506336997,22.19616270398824,1
193.43817923155814,144.5600074703271,25.613072839664984,0
359.4264413689886,168.56325351859192,11.859303126706001,0
422.9650825685398,84.96262758804016,4.583120913429549,1
394.19348307534784,92.80441399731328,22.501137212270933,1
276.05074365726887,50.07449535631891,18.572019883334256,1
155.01360812083863,131.96344799082033,4.453050225877407,0
430.71182638704425,190.60699486436644,21.754740668855987,0
362.709748320428,155.24002825061365,12.661110560808602,0
150.16093912581653,194.6367662892668,8.557255532150592,0
403.04959419866896,115.0467533993188,20.596894909033605,1
386.1244653207964,84.94502870168456,16.590899040896748,1
115.35117414935331,92.9548410725593,19.542759050946557,0
454.04484412581155,156.23767031503917,21.005492068719906,1
396.5757194618986,79.3054893614162,3.133673422187297,1
208.2464747285985,107.22647764747538,13.241206219768754,0
382.69988694145485,51.1623478911347,15.78346785469004,1
126.15727036690197,84.2920897463661,19.18329516931425,0
383.77861297859033,54.22662332513818,1.831735700659051,1
247.2484406755123,191.29721004333737,3.8539479751431953,0
364.6034997566066,165.3895330457845,11.320179439040189,0
274.5450359402091,55.45346112244183,18.6592986196347,1
195.34693241999838,66.24703471042045,15.02546201370716,0
308.74766704930516,188.67718771376465,16.64011479136188,0
394.13196317722003,177.70471083873304,16.030938934403782,0
204.0506659786488,54.178008886355975,8.696725200354392,0
414.5511512597198,168.38660186514616,26.204296995685453,1
371.2591889203989,152.51620420019105,21.18087392537251,0
477.7110120217332,81.259987062762,5.471258994910285,1
459.2570810562854,64.92710380054598,4.814012363763998,1
305.5789324538147,182.95508700184652,4.5677573600563,0
155.7408671985457,71.10435366863165,4.956232970019976,0
135.0368148400298,147.34829046787047,29.83942210562188,0
370.0719506225725,69.07540892580204,12.049788471927467,1
200.08990929983452,58.80603566479799,18.303883115572123,0
140.3638050019004,63.43977230581003,2.870719769898307,0
236.038466678684,76.01879696059606,18.4598619409187,0
184.21559687483904,118.14207739278586,9.945577159418324,0
198.75300885452054,199.725189244483,16.85892882568662,0
326.1076436264027,116.58531501570778,8.626692366001686,0
376.5994685922399,165.5786763115672,4.529914102499477,0
435.3361423828378,187.10027682345958,27.275363183983508,0
385.3585165651113,187.9629320838067,29.685074747417584,0
193.8464413679191,157.09941012806377,10.914802094799386,0
353.51936780667876,134.99555039250043,21.59885249501957,0
465.3511444808221,85.21730488747426,25.612272831921807,1
392.96694338472145,75.0603343186965,9.484302685030675,1
113.85001075504704,178.3305254747923,27.781751935430986,0
234.62473351509115,63.90984644459179,29.32450491771714,1
185.2631180809824,60.11556161817603,1.9633247788271329,0
472.51695712513146,197.09508487685238,6.727233897474301,0
256.47008096660625,71.91812868693438,7.087718435073709,0
381.9854720029357,113.17190080447753,1.3003875477137716,0
104.63558262829218,77.36173692026506,5.687094104404411,0
329.50701061003156,82.43998912229627,1.6599408815798826,0
232.63741776587756,124.65188399690751,8.563733656981048,0
353.2954448996173,111.85989965076936,8.344480942234537,0
407.889308959973,64.62131827062873,25.616874777035065,1
307.9455844857371,98.33596501244935,19.21492434744712,1
271.2615665893986,60.89746879452186,5.675236997528217,0
470.12867876914083,113.89635981684285,25.665702688905466,1
238.64349411032754,106.0896371167691,19.033158485054546,0
263.5769948547476,141.22753276914773,14.72316655311922,0
205.20743181858805,102.41209980852135,6.04428567952377,0
287.6715902051541,160.25761997552365,24.412480361346457,0
309.08826684761374,102.14664853611629,14.858579462168516,0
349.70118273909304,189.02520076545028,29.255934719693464,0
298.8390144553182,173.79512166710754,9.983448831119706,0
384.65774208403644,99.22116843123746,20.237954556066626,1
329.95957501387653,122.40097986666557,16.84665426051064,0
380.5444551483285,70.41306479703017,5.649245094584591,1
233.10902133571992,165.54332932105962,21.56126005359684,0
443.91877534094243,106.06475091320877,15.497579908034272,1
119.82016995462344,52.77896457880917,2.7738718663412967,0
363.8940621705792,84.20583347672465,15.646532133586598,1
424.056376828398,120.85936758125335,27.079587603899274,1
190.26128105667942,56.22065869215665,9.220690453808372,0
170.78671286394157,143.73307475396996,28.508245160267172,0
408.4082037541771,153.87007989933738,12.063705754772776,0
118.32942944081388,59.65083276801017,9.704192108310716,0
375.33044450134105,90.54934647361151,2.779630241098803,1
322.2061225060061,144.01317859458703,21.6056536118657,0
388.8215884524289,191.89951804677403,23.514941391552288,0
142.06553620816314,76.11932680364669,15.82043523986956,0
231.01855521271835,94.79090821036414,1.6121672603650072,0
194.9694761998578,88.25340906575153,14.81523244397851,0
195.66196840027837,144.39841554047752,5.462763814335628,0
281.8486920449484,110.75617771664724,27.7326599369926,0
324.37733378041247,82.50295207272892,1.9245901703511072,0
172.36037601875802,178.28329206641973,29.52113447806663,0
245.10223243294385,186.181353645622,25.267056222900713,0
319.10225206482846,134.56456797358186,21.765404949837865,0
132.068998167267,52.775147417855116,20.691861662686737,0
110.02263907060308,169.25462025079332,25.54931848519373,0
357.2182197284563,82.88299068367222,10.474645738935388,1
260.27072191947343,151.4992491503471,21.037693962434318,0
330.036195315815,121.22752094824565,26.152954104744488,1
436.80026441689796,152.1766229603408,4.005517077772158,0
127.00718755997818,171.84614164680676,23.892703972077772,0
369.1566929850838,181.42227758781743,4.950005919682139,0
338.1743526819558,166.2927661697977,19.264797926432465,0
232.88279936589697,103.51355146952315,14.146775158155007,0
313.14435833917275,181.37931757563229,14.976219926304285,0
327.83608647969606,89.30455789045371,16.509042235774903,1
360.9092489041143,168.285338816647,13.039899447854552,0
211.93980758651355,95.228049809028,9.834129389408064,0
395.77876443789467,180.55403432711776,5.639902837942895,0
184.3606329265757,84.48680572972351,25.75407074862311,0
117.04440492023176,185.36477083514734,8.300168700824111,0
475.9404092524469,152.97269023150625,26.530277168905936,1
475.0423108153603,173.1033795891338,24.769878826877306,1
466.6001785004048,152.8609443826907,14.284657763480343,1
180.26252777659442,148.05461415730025,5.19601683350567,0
150.32950674666785,142.89724384274348,25.762328572015313,0
143.87776222180108,164.62636723191463,28.03129535510764,0
166.35330980902987,71.69156614744766,22.712663565632727,0
331.2854854407508,161.0666594739029,29.815603911918366,0
216.02996477957444,86.7876779377581,18.801256134846852,0
129.43232307641216,198.08461971479682,12.057609321173807,0
236.93338359959304,198.2537544096657,23.01306311754673,0
279.10425509591187,61.67405700276761,28.046202181454717,1
200.86895952014555,128.3101593213985,13.3111305747751,0
234.45008879891128,194.90558218404848,6.689980091108906,0
274.60684376938895,124.49386213310218,29.45474666174733,0
337.3730539749105,152.4118496508348,2.834441382068264,0
213.66819584527576,180.37519789088105,6.503885901877588,0
193.87916730620742,108.10097131029107,29.077232763242726,0
138.19848924290721,81.20052171820275,22.904546473096236,0
155.81337231332344,82.42121964364893,5.759739790329231,0
393.2316877226868,157.2941453508048,17.132868244860298,0
332.8399618064276,153.94897547220626,4.519389613513653,0
129.71814056034674,122.40782413378257,19.35608872374847,0
257.1702766090129,154.90214243609842,25.853833557939275,0
372.56300337624697,120.08322243610081,7.308504632776954,0
414.8561033148035,83.53482995068462,10.7917103370679,1
488.01272601412904,66.908191759043,26.62444582872127,1
284.85156971819214,52.67211410412675,24.16270730330957,1
290.0568680892733,96.63022606824296,16.05098618997694,0
483.22783618623566,137.4113399270213,28.856125254174035,1
475.1255265108869,131.61764740781223,6.963804099461713,1
136.00681778885615,90.9193808297403,14.010163754698443,0
319.68167579098247,87.00885828414641,2.432397788583683,0
426.53164641864913,53.2595718735418,17.56219967945665,1
470.47281850403516,105.25701489180493,27.723106720447586,1
270.3324502831401,117.02209257312325,27.456043740612238,0
105.76195052394857,66.21676000046577,24.357846938290415,0
285.2199634386894,152.3679253153686,1.9996485212082145,0
208.71565628759478,176.8235888148364,14.13959139049569,0
193.32060992949863,108.00101598604573,12.570782244584754,0
411.5693062323431,137.14586214004788,23.08169805934848,1
143.68667151252308,71.26754085941992,23.13138369357457,0
284.4330557621859,169.79834403663068,14.8945320220276,0
167.2786437197675,53.489296329941844,5.875183423154917,0
406.5397439125049,105.64441257146399,29.69703172686014,1
444.08799182223044,102.60472639738762,1.3113722376758499,1
330.34567757196396,141.98911176420214,27.365223421535173,0
475.0497780848309,100.55187452024981,10.554091738174776,1
181.58019401416976,141.7696550696008,5.485973801446235,0
147.74187636362285,89.3603451841733,17.566400120794246,0
163.5805474233278,129.4244674689881,19.388974581618783,0
269.0776622949604,118.00709137503762,15.043650030221078,0
132.57021408522647,151.30451067546517,24.412605645924586,0
188.17708209544435,198.40026238774715,26.29529945682839,0
115.06961217850744,92.51630674884697,8.271439484596394,0
209.97501761741796,173.54671140172067,26.716919528510967,0
483.6635482859271,102.35673631710964,26.169781407729754,1
251.9235793027139,56.54020544997091,8.012438520729226,0
311.08830494113363,154.69271538089214,17.875184864302447,0
326.68920791132405,164.64343964937353,13.14428111154201,0
456.11177154283945,146.73774742147828,11.385156750938474,1
494.2021395640572,170.82010025413058,1.2276991633624896,0
357.22925478576946,66.67480887228807,18.538344695499177,1
182.16867263750686,76.22019189339335,23.2162586915202,0
360.6179763038068,192.1562727915532,19.6557984826423,0
412.0778465178525,134.02305814914004,16.77364601393232,1
274.5019498519342,156.1318305847508,19.472757127375917,0
284.820738163467,117.06737132903979,18.457530808670512,0
290.7741443613785,100.12046693436344,2.636294204600818,0
441.4964104994432,93.49940131648171,7.796035403259833,1
403.4402295979751,157.2657030013806,24.114978876780977,1
248.47636703475513,182.81271317545182,5.205898244384084,0
177.67005234270738,79.44004391687386,12.305508105809183,0
233.7968495358614,77.35534262569634,14.210708346805964,0
492.0455334711026,70.01912513103234,18.322114709397574,1
372.0247514007823,91.66639100001142,19.620788195481815,1
333.6858678019951,94.41250548899473,19.32731351936432,1
218.8301038059564,79.39003256773333,6.310900213681905,0
344.55946699491824,136.35049669811556,20.036950307903272,0
346.0755642928377,157.2807082784995,20.94030828860393,0
212.18977655352793,97.05384536101457,18.34620775972456,0
237.33778870921788,63.863961170390404,15.90870394260271,0
351.431181589256,92.07338274774983,10.172361531632045,1
272.4399781917625,150.47571286068182,26.520303367880114,0
315.57373894908096,54.9004425154651,3.5014481918782785,1
284.5472808377052,67.8492370165375,1.0589697764737138,0
413.9994797607656,102.92653856437664,9.030025575873568,1
340.26508255165487,94.47625965668631,7.861137428323221,0
185.96949122156838,164.50505182059706,24.774274805878036,0
196.02880680453836,162.89868100913827,23.972234996149272,0
193.29728799814458,113.45143074853365,3.098621310967665,0
105.20225086224065,150.52142916760488,22.4466616208961,0
178.26367951192168,54.09889740931401,29.744362539878384,1
484.16012118274824,77.50800355403726,8.321137947240796,1
466.3628042462111,58.085536274079104,8.858163579368336,1
123.57467095387898,156.812144100034,9.1738731551171,0
173.06260833659502,128.10616832570244,7.867804465710657,0
485.19987095285876,171.75786827557533,12.764839992796647,1
357.439893496242,194.22743508152578,7.005849597068576,0
110.27376936096496,158.59598072118968,14.802627287610651,0
399.38443464215914,54.52308139372956,9.448174150019845,1
345.20428120072177,98.98365552102061,2.7221550203160216,0
131.58476027523773,159.52872794670907,19.042215818804124,0
292.3044352749097,123.79316862319332,2.4218111804607068,0
392.8417724174457,192.9489084438763,20.081869479938796,0
272.3831212236822,160.80043975017972,28.583197733156457,0
268.9392767698185,173.5411984091881,17.887610290190814,0
352.8925148074113,77.38551240784577,3.954818031823766,1
287.5674757585141,51.820329624487485,6.240040206727205,1
393.29512693730607,139.7262456094105,28.561376983249318,1
379.11145734676415,113.63808434582785,14.050890294241668,1
480.5957003407948,94.2924944188416,27.584154933400306,1
100.57186892355764,92.94341796190051,23.270900710488764,0
396.31650790590817,105.23216341107769,9.283228330233406,1
294.401337197782,111.22650767490799,15.59466043062484,0
102.37040377711986,192.7908826140565,18.35066884960236,0
474.22844457877267,166.6186010412281,3.4213128316154693,0
288.17476570554425,165.59420238888742,28.74781252025353,0
260.2386926434045,168.4690036777306,3.150543256843679,0
167.46355343283187,182.28804247121363,12.973593750362037,0
241.57578680405896,188.60205270823752,24.995592195435854,0
206.71839889598817,155.9577765022122,6.817831834233225,0
272.05044225511153,145.6228036821484,11.849095723632534,0
382.0658230185461,192.46653855735727,17.95075957167904,0
328.7173502390034,163.66413039588448,26.131713379391396,0
352.0701635536378,191.48703422673753,16.44637409084899,0
251.43124297532032,73.83800603246505,10.24663215818787,0
495.86527442054955,162.2509013198839,4.0017818545160875,0
264.2177033826159,99.94170022686599,16.920669747945993,0
323.19009124282366,174.24534580429778,20.17117439103736,0
259.33543852399345,108.05191695348896,13.69476118616715,0
268.4864424969194,78.35526362943226,19.760398731839235,1
445.1570576301664,199.0331819720812,8.038495142201818,0
269.9031942788556,138.97270913577879,9.427814471336944,0
143.0027969497782,55.07538297364709,26.28767106288926,0
237.88620980651052,155.0576394238082,2.4326524954026474,0
393.62101387851396,145.29050253238648,18.261510656359917,0
411.487895373405,91.5803849686221,25.563157520440022,1
418.73871695180276,98.76919556017913,15.145631218281496,1
438.08826284641714,166.56345818175026,15.857012816076587,0
383.0466298283271,130.2356572188386,7.898006311287102,0
395.0372523217867,64.75511076775962,8.262848283629411,1
303.84032255736696,183.12667393083711,4.781655787262306,0
109.24630414443696,172.38159739786738,11.591001241924976,0
283.2861003586658,195.59238408963174,22.108738066339686,0
182.7234657553027,196.94853614528182,17.63724425191371,0
322.73831703743576,61.9134963144634,24.064426818568055,1
487.97214673778126,92.48311829204312,13.139963726831226,1
193.41588238097103,68.59783957201523,23.677552902943745,0
344.08875726758515,98.12931997705857,24.933608753016195,1
159.8546117550172,163.669079849131,28.349520815840677,0
496.2267332327265,56.150525190046125,14.298551319457756,1
460.7470595646636,81.26655001926463,23.22694403134881,1
423.37632969060394,111.53936951466395,1.8311000357248373,1
240.49005793783297,163.02969226567737,5.987890800981534,0
185.99647035257846,186.441862523091,23.521260931971455,0
474.0523230575747,82.45332194318428,8.486609324423217,1
119.09325633229622,183.11866555067462,4.985307727689839,0
414.25407979742255,192.01910677726676,4.135336178203563,0
492.39943087702983,133.08208037167236,18.291172720173453,1
409.8194058151396,89.46305099854857,11.240798599856912,1
354.95066588030477,192.385710186364,12.66595549561996,0
466.43457465520817,190.65882067839777,18.241225133970524,0
394.63040693337945,84.22038366325106,14.203425734403918,1
161.52056173921181,117.5548089489035,16.93308474096159,0
260.4389033271634,177.5594577251558,8.470981436530106,0
130.45671025040977,65.64264229704223,7.453951944913581,0
309.1717880622602,83.34361757621869,11.50331723160258,1
146.5310752681636,91.94089098138024,14.316606398781836,0
304.38162789354647,171.44895862419648,19.133896423898587,0
235.65197350322524,137.31835627312176,7.493883052572179,0
487.8647575135313,147.1494310858409,10.645470099212593,1
404.52028239364427,127.00085467962968,19.622340286098556,1
233.43499327904703,51.412993492842105,26.16690845187916,1
432.328425737659,155.9628802549335,7.126844261800723,0
217.99347859060924,149.19498866078106,8.802522715373758,0
439.8859312101329,195.86931564024374,14.376445587765026,0
142.95278084341027,83.26409538885139,22.458814942317797,0
325.10983803540006,198.9015625273894,10.298833066324924,0
444.2498043413577,106.75257874296096,5.728450534925825,1
145.5252370248466,165.08152535345545,20.98188905216407,0
169.46301639219496,78.99396385842576,13.925684883498548,0
383.6469746238715,73.58925344418283,19.978924104384028,1
293.7958118385759,115.65763439802905,23.349331700661256,0
177.4872294474878,103.94881887023541,17.78225129721253,0
151.86170542017237,75.47824644924106,4.264233482954788,0
304.2530897840023,94.53865160628314,23.46291431815708,1
386.2387597095555,193.39793543562854,23.852106267790987,0
349.616566039281,163.49446403362322,2.929297632008968,0
216.9481572572722,192.56128924455325,16.81374998517203,0
455.5698523516539,196.10630221361484,18.065584682872768,0
252.35672566545628,151.98352224303153,7.967459704629055,0
379.30306695449576,189.83315600552658,1.4115546952125104,0
420.2556326528726,102.20413153983871,27.907916839794456,1
130.66350928173267,63.95162150846941,19.521219766747066,0
275.57980038545577,102.98926589738599,18.941727356349123,0
387.6387439647539,61.629177519360006,15.534090480900064,1
199.9195518508377,190.85190815453376,5.3745781049396415,0
469.0052013816447,177.19885365330123,13.961358078041973,0
447.67596781156004,154.55296982199474,11.664475870648989,0
382.9611399190934,51.077061979120096,25.8993395622431,1
135.27084752971882,87.17044654444148,4.478478038459959,0
267.36076556357557,185.05076851556942,22.64142961130484,0
413.7386647005795,133.88826393565128,3.4887936647495423,0
304.8277861763627,103.44967916940435,21.406789524148085,1
420.814913518453,113.02118713468153,9.63955146349693,1
191.6287682432877,121.3265503668485,10.50426517385206,0
409.0335166808348,195.49213028110054,3.567369006766676,0
214.8580555555117,60.97827745159218,3.288547125064177,0
236.64502224450285,187.00970534661184,5.373829862171896,0
261.7163600665433,142.99886471237005,20.15814945378573,0
193.9885901358688,53.76460664767336,26.200716826536276,1
379.7315852789218,72.69241209087832,20.860515019235038,1
192.74387330421388,76.7308558132067,9.024461032534143,0
339.6909741477481,108.29281084291082,23.055766218447417,1
452.2156933545777,60.89482990663061,21.436830645813068,1
392.80239299153266,58.28575259039196,5.452666319995546,1
152.42215203507624,101.51232827661312,18.54256113553408,0
139.01625752263422,161.8131237347076,10.63037540694813,0
202.81015171132339,96.81080505420854,19.927884517780065,0
206.44814004390986,111.63122862206691,7.439915889258837,0
446.11943827637856,198.7901528644498,27.13633986339116,0
214.4822815577914,194.61796236824088,4.040837402099273,0
168.22165119615474,189.25149392529082,18.51399851535855,0
380.413057788084,141.38217244935765,27.465253842342598,1
454.3793712447421,172.36053254511512,9.359809276470067,0
134.87393887978237,193.52708963291067,24.039191065219256,0
270.39697214491287,63.75402866182504,25.402821126508506,1
193.62505532363673,138.65529901602622,1.0711025046376492,0
236.10555158247317,179.5187496697332,25.840730950459797,0
257.5905018832459,70.55709630406015,25.31699283240449,1
341.9928657768421,133.8550359141504,3.517210136480448,0
386.3509478088999,88.21743068733855,2.5932475890641125,1
208.44141846287326,152.9306302989242,11.801165056921347,0
360.76002536727896,167.79261707999922,7.499292093027137,0
323.90679249043933,165.12584651766048,17.348076287362524,0
463.9522657492943,97.02879856565104,28.44889357153725,1
169.07403655574615,173.26859553811602,27.52328539996491,0
360.0277913230549,145.41825621243933,11.14686218650876,0
106.77358326107237,128.4227081348143,19.234331197167503,0
419.20197821839093,191.50294369279382,27.92223954583375,0
271.2601103953032,74.38355511287732,17.643680074895247,1
225.7693416816739,76.88922670879549,17.569371830843945,0
342.5862952060901,138.9932303279132,19.098136712429362,0
380.5861672715432,125.10124998272624,15.64377521108751,1
405.5771048077272,50.620865262953004,27.518011142677434,1
436.8869366752955,175.77011012199517,3.4052176891360393,0
192.5110310637725,105.24448079882546,21.535258785605464,0
247.5052958447345,185.21372492535573,14.663292228888485,0
446.42887765570947,50.965069186447884,5.669076118188701,1
107.99526077903812,82.55500610619984,29.95872490266943,0
135.88150236916098,50.05137971946524,13.59488441453317,0
348.52988571574963,141.49429304079536,14.087811862872496,0
151.09709050831083,55.80184196156885,3.9396799664906252,0
165.2346610849637,141.73153574504676,7.087020581746734,0
447.6709646548591,115.24602904986122,8.22323875353202,1
315.8326464327891,132.05049849622895,12.010292201193215,0
182.84761181947118,130.97741878825144,3.130802117630382,0
100.93205201857707,109.90729070176732,2.9527391388560544,0
157.96830426293553,154.86482060117459,25.786478013404725,0
293.5461608753269,153.45147675375347,18.623308732794506,0
175.63698345005054,189.21949634512416,14.338156246413934,0
221.5811676269514,193.7633252428806,24.77301159560647,0
192.01349373840225,177.24077031259884,23.117563989656478,0
494.0141680741347,149.65053816854999,15.174196910630759,1
150.76668573055048,103.53052036036877,13.536769468297086,0
225.7144783761965,118.16923444811417,25.3970404924294,0
149.86822566122183,178.62030757741073,6.124990756971611,0
179.71354138741748,125.64232256217866,24.876236300969122,0
307.7565848552773,143.93951284640474,26.75218798371678,0
334.1293622514046,88.55902453904037,17.12678414516338,1
209.4643707990858,77.42000106001979,9.091216336238238,0
302.9729172154534,181.7393849107194,28.44864705669894,0
282.6250735377173,160.6737968924361,28.82543967180555,0
273.10229482997795,66.47734625414739,5.694274002529025,0
489.8757714314036,119.38801843808345,12.663862723487826,1
400.41813792164567,149.4325269195981,10.28057034003123,0
467.7311764526263,68.2329313143159,21.909715367766232,1
101.1450471461857,149.6541030415196,28.782038121043822,0
220.83287108234595,185.9563823821885,13.481605965118957,0
484.5529322212914,98.94455591864653,29.0392165436274,1
417.6772661372242,178.64751412602547,27.49525751326555,0
335.7433247692092,188.81193999329608,29.592541084016286,0
262.9691449948697,87.24352462604034,12.876360754012026,0
441.09896699334047,178.40427501526935,28.502734545802973,1
315.2909011422988,144.14660157410012,24.06091549542869,0
381.09218661970885,137.88157475182186,6.118128048698509,0
272.6254589951133,69.60088461880547,1.0802717904460057,0
482.76002906151365,128.11144774997163,13.17629263117624,1
415.4089471624664,174.1877752929238,5.036416378912256,0
183.3130281556922,77.53880732804075,13.209999344741423,0
127.09365754823958,138.8204882984232,3.591630059333758,0
302.30259025922123,100.12648426577661,29.362687458339213,1
259.63699471888367,146.33399305512285,8.736653283399512,0
192.67194683111154,171.83192466302705,26.966113537610653,0
198.63218266398994,54.10950544644788,20.841008686906225,0
262.6426621018871,79.33128271790628,10.575698844269791,0
295.49426128901735,123.10308255287349,8.605491554456302,0
452.7421769605111,64.66454879849448,25.963453038035123,1
463.5937040551593,174.84586695021784,23.850068084865256,1
494.58833788005023,94.4356610066475,9.49420439348514,1
180.51680170341288,142.33386863603724,22.304694593423438,0
483.34000350668475,89.34573954784281,7.517105266809587,1
354.2707486522503,120.57978792483794,16.963703971114587,0
153.7586533846975,162.26306685553308,26.021263547606615,0
109.94554935935659,127.2647927189474,18.383399026865007,0
298.4518163301906,193.64906493708838,12.273753621329869,0
295.5091803946199,145.6732396289277,1.0682680783510128,0
250.3723161618706,142.04362281828065,17.09077786950181,0
367.6503509984153,164.73402535003837,13.907641698344893,0
283.4605575423861,112.49678355075321,28.13099370852652,0
459.8356189361536,137.58047271951278,2.4255657839475715,0
319.8607902143776,91.03736172006917,16.419357297212173,1
320.409003021771,162.8055786635921,2.041364841693345,0
291.7186192857132,58.458554726493574,19.111988707766503,1
347.62065025382446,94.84263034786332,26.11637958253049,1
477.1511847886412,182.9776080056981,8.228168982563943,0
478.63027739508885,104.83249417466068,11.513600584927302,1
277.72889147646447,105.79192596874225,21.063910177943697,0
329.3887060775489,107.89828162263528,17.342435819884965,1
189.34840679973263,122.97722175241694,15.288648301942716,0
214.8609001938624,126.25847682076767,13.035074239071331,0
424.7306727761598,56.78785723028001,4.459408920384162,1
351.47633569516165,186.67555879198878,17.350890111385606,0
261.143597594208,106.63730042098292,22.41242223560995,0
375.8713141338318,130.75193677442832,19.772201586687643,1
225.6222957257826,135.66724708520678,19.71495617940127,0
409.29752269366486,178.31355972771658,5.108975164200559,0
493.63029263688054,122.12900285111061,14.386123744563212,1
263.33569851675077,186.06206836016983,4.611078565354046,0
195.50372179741365,88.67451323220955,21.28411476204376,0
451.3128134956702,197.24975319026493,13.098681475805792,0
421.6175289290024,140.97404691070943,24.782508495068445,1
388.75156654145474,129.6528605781723,5.202272884314101,0
318.4603027432514,198.2982315012804,24.997787810015804,0
200.82080258292913,195.03490272280033,27.05556113428961,0
468.0192588382686,83.5081620838021,27.231912534315107,1
414.0697121396317,194.56769395930797,20.910982469641944,0
372.663605523263,143.2428046593506,26.894161001973934,1
140.6624618289353,129.2262842719682,3.280699196937075,0
352.59895005413046,75.90107197527068,3.9394005100995915,1
165.89187037897486,70.6448079160201,27.253442506962546,0
208.20450661959597,159.9738541359093,28.376051255183476,0
293.2657880242448,196.09327756365903,20.977317197469272,0
106.1140476211166,77.286838402606,16.12373137771508,0
487.1712842348282,64.62996486566672,16.1420434413693,1
441.2466461218126,53.804720521130164,16.475170750598497,1
433.54659171494114,195.4155975907014,28.27700687911112,0
369.67473126604176,67.7607803055333,21.59681149788988,1
325.7534820416887,75.22596183865433,5.97400151479743,1
479.4786524258102,96.14133800546081,22.451036334717916,1
466.42547815208263,94.40662010971144,17.44779851143785,1
185.95518695708677,55.681853575266,20.89993911963311,0
403.338560061187,191.09688869496986,26.34379212880103,0
208.82694383794546,59.45414995020103,24.13274774094915,1
197.02623212428222,95.24524595866177,3.7466760728128756,0
425.6616288278887,67.91055313990555,28.4052093636017,1
434.3919661978493,126.96630089730215,8.606525780445736,1
414.3994651056948,64.15296028756062,2.606987310419397,1
163.95970367601387,134.90811714882653,19.33442205839923,0
491.33627212217925,71.50756630293033,2.7882048276384244,1
323.348582151696,158.10735736167595,14.362620525897619,0
461.2809109737943,190.21208817363566,18.479032301690246,0
270.16442770260335,116.17273883991982,22.578084798508012,0
170.19044561332296,56.50049868736347,15.231275694621718,0
297.577320040687,181.13411043644544,3.5349046364413557,0
275.56143150858725,125.77177273223583,25.031784977019687,0
406.1571386205958,68.34027626796721,13.47226289688684,1
440.98920763317443,110.23623101512597,24.376386250587224,1
139.0898118573832,114.25903104037299,21.929587964178996,0
248.34776301996988,189.85682194512805,16.096624693163015,0
458.28016820947664,146.30550175029418,7.418058532609552,1
486.39314664755835,122.86838678007092,29.657661860007707,1
323.6430831041687,84.13305526915161,13.959472300671623,1
342.65840036042044,77.22612060135837,6.217843037067599,1
434.79419796991954,169.93356868447643,22.654217232690538,1
249.03858657953108,138.21051814024824,27.8007274437854,0
379.1353513031498,100.7956830813662,18.038246275586655,1
362.67340048613033,128.16492812904517,28.547785525280162,1
127.02550863212667,114.78968913475444,22.463478640222696,0
164.6780082847402,191.52533802798467,26.087927665668147,0
470.2938989879435,109.87631242369324,15.703701963378414,1
262.02246924616395,148.806282822454,16.242369118731283,0
202.92314692953659,172.4627388487947,24.267869885167325,0
245.67994994766278,153.79993421715386,26.708540191030405,0
200.7820656410726,96.49657510480637,4.681048329040779,0
446.1433306589162,136.46829332968173,23.5440774344945,1
293.23923353674934,110.30036572496132,14.101234352707033,0
363.9864436753861,131.77700185952472,17.99218651291225,0
153.4944976602192,109.79699605314823,29.73398911523932,0
486.7596023769357,113.29548444297095,5.7243485711951685,1
257.3737316909727,197.96230113935667,18.729303439462026,0
284.01393035994136,60.41939123186437,10.755207402115632,1
135.89429142188186,157.67897412408072,21.362840873677957,0
275.0700668323228,55.68211082935491,23.50787146370832,1
248.98533079677958,54.245745070297104,24.08664467460942,1
162.65656296491147,196.98603091756627,1.318742588658591,0
331.6662236983243,61.15081930334392,6.034241251657521,1
408.4405290145362,163.1779990347109,20.3672391531244,0
243.36039608675827,143.07686398634502,8.195909027034403,0
234.4174529984693,51.79713811029848,23.63492494812895,1
334.3208279231425,72.08961885450002,22.04395203476115,1
144.77160372024022,54.299592212232426,8.254974187978243,0
408.7430957525918,120.98514813516195,24.971097257279165,1
434.0201120399214,181.89183081127263,13.862073571449942,0
162.9604135167768,69.16578522976532,7.995161649393826,0
274.8374518974216,83.34144927475982,25.111913704305547,1
382.68603546384236,87.55989414862267,10.274574627089704,1
261.0487579868959,197.70656875591916,1.1936087709463097,0
479.8007468825665,148.17478449366598,24.370911636593878,1
491.99631061257764,60.654083172856375,25.73921586569236,1
466.0245420902871,109.55367733205006,22.493294835765347,1
448.4290031010235,109.37476241246185,12.701831117321824,1
361.86759662626423,150.05037077430399,19.83827447943293,0
325.1612113038609,108.48399856629328,11.716494289309072,0
342.6406237387348,180.7086041649619,20.26481014613724,0
351.14714314566197,93.16563396547392,4.405461594704871,0
365.4973143839416,96.65321052954138,17.060416863801066,1
475.3516949532831,81.16350549455605,18.81764984185313,1
106.3413687953847,126.22959480469935,17.201052583414118,0
474.69293486569126,153.54754583689345,26.623422197772022,1
267.9720565666861,80.48403852572606,18.44103336751542,0
486.290834779697,160.42005696241682,26.11454133723026,1
473.5322942707765,136.58965275633733,29.01905074164439,1
391.67953028251554,124.38816959198002,11.841531999662568,1
234.59815032425902,152.4220827789817,9.456026233621717,0
142.5105368007131,191.90897482305178,18.697417402968405,0
277.4683302065381,185.74488809515339,25.12124161897848,0
250.16629322576418,76.65916289898489,20.715545990587998,1
344.5722981337152,92.86927671505474,14.434986869951143,1
421.2724235553311,76.55329631101883,3.2680292023753177,1
365.0468795970122,51.18286693706067,24.36322048159748,1
492.2156372545562,197.23356388851712,28.15855999453853,1
327.0339529554882,193.59479047052469,19.57271815847653,0
298.6307858125847,152.58971381289348,21.285481415234454,0
267.318038364626,104.07798348051475,5.979200605513944,0
366.29178657756216,58.122764531432594,12.269679757534067,1
222.5690444960071,75.74081775170893,6.661094180231428,0
469.98829887044565,58.16614706360167,28.30169749147829,1
198.80208742501839,107.81896440340739,19.1607818802064,0
288.24919108971596,96.51696472679559,8.524767216851572,0
238.9674153130275,105.45560246424476,1.7799399632724082,0
155.4435237235255,138.134614046858,20.311383583876307,0
151.4256048397121,159.80331371474404,7.942516042716285,0
432.97788681402244,100.57873764923718,15.181866506177629,1
455.58623937963495,138.15775597863882,5.820068435302462,1
340.5614729439398,112.39584105613537,19.113061791010615,1
112.92671793232559,150.2909754660445,20.730149773310124,0
219.52168229107508,81.87247215778062,1.139291187216629,0
173.03835566170602,188.37109753209555,29.570879158029427,0
239.69619028356,145.5162439554564,28.882313319278136,0
322.7457701927834,109.61164488130474,12.72393153765211,0
196.9029924495544,138.1423613570517,6.838152070267276,0
146.23882165789826,185.24812495051165,1.1680002208791473,0
272.26343510735154,157.7476715373856,29.55064742889651,0
234.71105249858334,52.007804837588104,19.332147444289628,1
311.6472736049655,168.21143617762337,11.906125882446444,0
146.42016337722285,125.54995193856296,10.973550006352374,0
188.01744781585256,151.54558740068643,3.8201921837505375,0
299.5900538106797,125.03461090664517,28.832318818845014,0
137.13709160960704,118.51361933439634,15.931352732970183,0
152.2887865368232,188.2365338500965,14.776309254130968,0
182.83633913848925,153.9165756926467,1.8057324687408918,0
160.72308285379796,63.59642802734101,26.947484296728042,0
398.67199379265577,192.34945021611296,28.347987470680184,0
435.1830687327995,151.82649730493506,9.893991951739396,0
351.7159529721097,166.88514581159606,4.557441433997987,0
196.59074816592775,112.24550917756147,22.698948912657688,0
113.66172122483356,105.9044408068542,25.015971515445713,0
454.88048636731764,170.1054277864099,25.832862795680413,1
297.51243842014605,199.2341669028857,21.463822233213094,0
315.4986086495468,134.2933019376214,2.7522044568670503,0
170.56429852958968,123.00574090044687,13.313965914322818,0
458.44060369900274,108.95931959855358,14.056517059978258,1
359.3057697038657,61.88512912782257,8.393656043252157,1
387.9230751434841,168.3165029906837,23.57040536290968,0
137.92029598873134,61.874775890279075,16.030787954329394,0
206.95292291540164,123.60711962323464,22.680900767183154,0
132.6310013833241,108.52505848803688,14.340983850331716,0
370.10513190327515,73.73657793906207,1.6934711588900484,1
443.1736549385266,75.98060065567292,25.490531359630484,1
163.92449170199592,198.43014463058833,16.85328884836415,0
252.17458643533516,70.99472870282105,14.244209431510438,0
465.73631547230406,148.57289272707212,21.772941446020003,1
348.19168741862995,155.91217405268517,19.128838784604973,0
329.70123977831554,141.86089611762202,21.46907272472393,0
239.93816577509105,177.9515472297611,12.126943240600227,0
336.9686930050567,144.2096915226655,1.157750990724741,0
102.84679920400906,188.0460237260503,23.067900760475826,0
206.26703919744216,73.87439254529278,2.1361164903646985,0
293.12845890160963,179.57823137252794,4.554782474734343,0
328.45265785625037,167.18537511481043,20.96376478727552,0
369.9435417222038,134.5501511600447,5.928937106816368,0
182.08676076909808,147.83592441983382,28.41068398459429,0
368.8982349794442,170.91219876153838,26.11173623762141,0
400.08144440537376,62.673721756607,19.39716339321634,1
326.3012337261383,77.6876020916764,16.237036994157233,1
319.6185145365183,153.9449666651371,6.736951677612966,0
108.67681939609994,89.90732011009064,16.417806721137218,0
386.813341717308,154.64507104212632,26.463781719521965,1
367.6743911588664,76.87166721715873,29.75739391579622,1
350.20482436275836,78.70006268465352,11.602780026369043,1
228.55049344568235,121.71758346646351,27.36894137660785,0
182.6507886450834,133.61188210397296,13.382582191578944,0
480.35954785931796,106.32253713890023,22.91804586860327,1
284.3757595652205,88.63632454548926,1.4159488074947162,0
441.17738692840913,60.4317580151629,17.20594787350126,1
318.49127410876906,134.25052263814547,24.186546647052108,0
138.14360643252047,117.88984058841685,13.525253278212057,0
234.57272236816723,154.45542153167975,9.91930809112484,0
275.12613063425505,167.63393796474514,21.140292050562714,0
229.5768942911136,148.89882900257265,25.222692797701512,0
306.83226690161814,123.46840340956506,12.332420745698721,0
476.4671826579868,184.16726972805196,22.61954495898509,1
427.3231286781983,112.34643040223412,24.363834980965176,1
275.39335286579274,192.493917308166,21.60747913615863,0
397.5348327348861,170.2836082504146,21.10828091310561,0
413.57317908831186,197.07054620616503,4.975230998909987,0
446.24184408651615,123.24626144804941,5.73352192285894,1
405.74976782266236,87.73836656937053,22.307944062202438,1
310.0973327576563,76.43373336621315,19.394666386027048,1
484.54168745219073,73.56286588265863,8.037166971805114,1
208.17811020656586,186.4801567786096,22.76495871853163,0
188.1657522292528,140.04730961942823,28.45796930585611,0
363.9648633011667,125.36815296740753,12.042821131072326,0
498.48102896053683,96.2620581822882,17.417679461090636,1
295.8024699246843,95.07829355795414,18.74457797584089,0
208.63495160883278,81.56340015368343,13.560108039176445,0
176.74682183985897,58.718840958625975,7.2765467476731125,0
395.1272343966113,152.865575751425,24.849966491858275,1
400.4753045895654,175.84153462389895,17.844027148106996,0
375.2154349619075,110.0313914552801,4.828778152830514,0
284.07992594926145,58.60373560992325,23.620074260217887,1
211.29825890997984,129.7642278904578,15.255549443780245,0
394.64665380548405,74.02052057519731,28.165769658444752,1
391.314563784574,113.84196351505088,20.092463064072092,1
391.54163996165374,199.93559224816474,28.646244691382822,0
374.0022017683343,54.87447987774866,18.58734284632382,1
203.48935640378846,195.34727565564117,28.514889963264807,0
455.1088910410522,199.47480314838037,9.076408500764739,0
114.72706655209169,161.38742003001406,3.6226651199250517,0
188.68252555533118,54.9629831873119,3.66402829838453,0
182.59748197285094,190.53584640842251,26.467081301411227,0
475.96622462603534,125.65277530061952,29.570824546692535,1
139.1157726314427,98.92530586694778,26.48721194916633,0
291.9597912107072,167.5722971249659,19.54100165114241,0
217.49055577968517,114.74481314038236,29.635692715754317,0
207.5103566091629,184.700548021216,21.18025031363579,0
459.55354788265936,91.3445260812517,10.913013550053162,1
208.10234830760086,96.40772445153254,12.327767854266114,0
163.69439819294928,69.4117770603585,23.34016741710898,0
319.76647259898255,153.99169623543906,10.356553044005903,0
100.71716532493605,198.19000445733568,14.638257394472609,0
292.2938185148975,162.68186130669108,3.3788360410364358,0
452.0498069160554,136.2091084553993,4.604753864341639,1
318.4303917189342,180.89639881193145,4.244088734345435,0
226.23379504747032,194.79594531916538,5.977448941166765,0
140.07555316854456,115.0424465641388,13.42561451920752,0
126.45489166703574,62.15274541559099,28.262414659869314,0
365.84073580801044,53.3055076959251,21.755873491301323,1
458.21467958725896,193.8593408330736,10.035075480827082,0
476.9733516781045,196.0877673099319,12.17617234031448,0
325.64666784919257,199.77555429430242,4.527801751786121,0
489.56286774368203,90.20837447257009,17.462239142387872,1
347.7746963293252,123.74706803879252,27.52947135607925,1
467.5010958172114,199.38537587120524,8.219713993990833,0
466.58698601190457,66.08369650839504,19.325819694136815,1
419.31010817406764,164.68772600987083,7.925725260634249,0
204.0933822251895,79.74553846390089,6.110199694114636,0
468.50313272837104,53.880220699595505,10.434368155053972,1
100.72094281987174,70.12849711741924,5.989113553548467,0
477.6030175379433,86.76472654081604,20.67628476823422,1
220.21906975135198,99.88249344360315,4.413486751693558,0
322.39437000777366,57.56997920005959,10.708548174185786,1
417.5641325335563,174.7398112601798,9.764681378898302,0
426.452992277925,61.85435899444393,19.416262255011294,1
160.63117986611633,172.43038131279445,18.825482833484596,0
256.2175099779606,136.00760195237908,20.88163312641981,0
488.80729062576034,118.58444446231086,29.236565766193976,1
248.92808714340114,85.64083310975609,2.539867292966864,0
430.1461957443864,177.6093548742499,4.459144017138281,0
279.60848575691784,174.07689010250763,5.418470016189395,0
249.80681252574578,100.83407911014659,2.3062832986578523,0
276.76071961820634,173.25528302682136,24.720797325748663,0
386.6811731711849,84.18024306377274,5.6222962128708,1
475.8321696152219,183.43896764097678,15.521049409623327,0
477.077546594964,80.57642612190685,14.185236156803564,1
246.2186183961693,121.64989575254526,29.124518783207698,0
312.7242434077034,146.4701414461705,15.121197286490109,0
194.55339681611954,164.33788448660565,10.388877009343636,0
463.20518197546653,56.19850658605308,3.272354686629077,1
120.88134580803099,132.9491093155135,2.328191538605978,0
151.96821674302964,60.84733988455781,10.921182827874826,0
227.648618760414,189.76627837974524,6.191673243401928,0
124.55264124021568,147.0982266969297,14.42877006760597,0
305.5337272522059,58.89604385516977,28.26973860895201,1
314.3748788700882,173.19889866336985,28.919445641204053,0
387.2063058042257,108.41332984245449,10.578088813511659,1
374.34435348006696,138.88765684244134,22.329104224276747,1
112.58205802774638,136.73616535000974,1.3363346996464007,0
377.1865222763878,81.36072492900823,8.058067057051094,1
320.8903846343103,158.55827445406265,22.17781107742769,0
159.27527278474773,159.39903648655496,15.904472294731868,0
474.2165417646444,172.77608819095275,3.0946772151555546,0
363.7801920335901,179.7656050758673,28.418045349345444,0
208.0592909421003,169.96612286181966,5.8447270432120755,0
447.65145336782564,51.06094979101201,16.434748542457648,1
490.85081445961276,190.16407992261017,16.80032922432829,0
219.14958001632237,124.33383179096661,12.832987016791508,0
282.2626307771713,194.31887465249835,5.114664104973892,0
253.07561103293835,91.00889699976945,2.1907185236755033,0
184.6038402387635,160.39555952477355,29.93465263220712,0
400.2728642647514,197.36115417998133,18.235171863344082,0
312.3882357253953,169.0019884022376,4.731305795262261,0
466.2320461902858,53.9645898850865,26.487710062259694,1
316.34946694138614,78.37287790397012,28.940555332083647,1
155.39956585688088,161.79189412291765,18.840588257684903,0
189.97480225355196,95.19817125648412,27.64246486888111,0
290.94401969486717,131.08677929319916,21.882091049800025,0
327.2301937053661,167.53858661350787,18.238411790873034,0
134.83691480865696,170.11398662104716,27.352962345148278,0
362.7771702527932,128.6461090216502,6.141091452702152,0
138.04725953491584,182.74338923328173,12.812491200281292,0
341.6616722272669,125.86331466102835,19.833453794762676,0
276.9021910985807,165.9430737984817,10.01950537854069,0
469.0004838314707,78.53737822601082,8.626987070244073,1
427.58403043011754,179.661648411984,14.471425114341196,0
147.16376667906022,128.27307203765673,24.66309498207565,0
256.1864784371197,93.15979723250577,4.589658424249338,0
470.2669733345647,113.69178124635329,24.78628349444816,1
141.6610485906055,181.01691811681476,16.0710542978495,0
170.6596936478823,105.80467498639473,18.32649350381177,0
374.22336689536496,198.4575820512183,18.344672094241236,0
280.37445949046025,190.80624649003363,23.998775602083196,0
138.54940713933055,122.25325547007215,15.80115675763913,0
174.82898107120315,154.5469234270737,28.488392271409335,0
375.3358745584225,126.15058087871374,7.654511961235214,0
238.60589287377954,191.4250099207477,16.61810760858107,0
198.33749150169524,178.85764333712424,13.956745359253448,0
304.8846229510765,196.8711476789513,5.286029617470907,0
262.19333005252304,170.3038695495733,6.015521477777098,0
374.6180702421566,126.33458515280171,24.133915121962193,1
492.52127480291443,178.7846828440182,1.6532162741363765,0
334.65847257372684,164.9424394257414,11.39832580457231,0
348.6608553177145,191.6285064250678,3.699803863079658,0
463.29499653555206,60.00901134893341,13.71861799038479,1
151.52477278701556,166.99276143730737,23.112622325612495,0
474.9196812391893,189.52038743640537,3.8702190561178584,0
471.5011585348898,71.06629290026443,9.167101789687091,1
369.28512436926076,85.14684802905596,24.23882867955884,1
425.0383121800509,178.2437710625085,24.086489509277897,0
262.82404213807365,66.90956974959548,26.1743957305976,1
118.83247204649399,182.85813094077457,25.807272081587122,0
103.50394287010954,65.75863989685917,9.613253259094753,0
396.29399773831165,72.80124524469691,20.07734409548386,1
342.7823506878876,170.00214166847616,7.432494702614019,0
308.5540821890857,158.63931298784303,3.162842918857717,0
250.55642906868943,78.72475703230421,29.974547171908497,1
274.1768500580205,84.30908175312005,8.88325553275709,0
346.4937196350936,86.1231163824406,25.65070192556828,1
357.956964868632,179.6335949944611,2.1757289934451034,0
371.60433515625533,167.9038681615748,6.006920949039986,0
473.47357442276956,133.31522615255443,11.272644885061995,1
338.10467098291235,54.26310340028392,2.9759260631607,1
120.68057948429055,131.78548376816977,6.273849362767533,0
479.31091009832926,174.18292901343332,29.496043477846534,1
442.2101835904354,54.12944010382839,26.377247499052675,1
417.15905250829485,127.7647705226443,25.391450397167784,1
344.1088713820641,50.9898016260572,4.466552420947153,1
183.3414224717778,156.9569348424791,23.39788805756128,0
242.0549336123874,131.6784326356904,8.418951244454432,0
200.0651553551471,73.19164189829411,19.41608843718266,0
360.7368974806066,180.24531529957483,7.647309814481449,0
127.30057991425255,140.0714800378314,1.808024510433491,0
192.3753147136921,152.87132277337665,10.450641312645136,0
149.94012385694467,141.998595822408,26.38405437798317,0
276.91017371842406,190.0168285146728,7.634462719562119,0
108.19265225871426,172.2698885677194,6.407324146342646,0
394.0271281532999,84.52732741476999,27.97296361914619,1
198.81808953592707,94.88376297502495,25.547457826465312,0
325.52731746071197,168.44253935751527,21.422422356818277,0
476.7847042890815,150.15095093617387,17.565465047281744,1
428.2476924069703,57.81206600367005,21.02590341957315,1
468.7044529952096,112.19334939399144,25.374270214230492,1
298.087519914184,123.55964866081509,14.61220670035496,0
340.5189874379649,136.64411506493042,21.962582682186213,0
146.11159870933716,130.9600168175482,14.69514479897055,0
384.3389176296783,187.69678838922326,19.203753682778636,0
168.97603037057905,199.64326614336207,27.899848330230267,0
445.0154959889393,73.17039352243714,14.316492818905129,1
270.2888008242942,53.24797136743541,20.441142359632813,1
479.1763214163616,89.0086458726146,22.338839772149527,1
333.2369552890607,80.38937244600434,3.1571981467152357,0
385.910778265236,57.89645123458121,6.9969348954297415,1
419.054218000652,113.88909557336126,17.769088144971967,1
479.21576846126175,164.8044034865891,17.505535892608904,1
349.21911541775296,156.60911482439212,3.670618776526775,0
221.98067737355052,153.6843771979727,17.11351191056297,0
345.8953056265008,63.26354040654793,1.2502070284520297,1
267.8270906903888,157.0417534290994,17.744471407929336,0
493.3545786438404,196.7564973259498,12.483792396645974,0
172.275676205308,193.99600785833636,16.276038358391546,0
233.72330889086587,113.1801832265083,15.785011901703191,0
180.40496422630756,100.18682778562726,20.651335760587013,0
174.81163903550612,154.91718145569752,8.471393185071037,0
458.95199225329486,79.3990668259073,22.409439266698623,1
353.50612238367705,150.6225983134443,17.770641688805615,0
423.3253955919872,56.26305689678646,24.433118008909098,1
369.9057767035215,71.05251219824248,13.202317709053457,1
266.34969217319247,113.81076346547795,9.562084079248523,0
335.55238691525074,155.71785734470447,27.55990454270716,0
421.58006513056625,136.95329570864155,6.7697681108642325,0
305.5821328024733,71.59395189190613,7.517605730040945,0
299.19325233116643,122.73029434088603,2.8026490019985286,0
231.53887044868,77.39802650380341,22.15584144723907,0
207.633058128383,71.407643193605,24.64564718018432,0
414.1104164050957,125.57522637008795,27.725803360714423,1
275.16977970724736,161.34049939999477,6.829170772601228,0
347.4895552459164,156.52088112538223,11.594395679347464,0
476.9924210631183,70.98367879173503,4.40794906998816,1
496.31626556852393,156.23970850828482,4.567737464362131,1
146.88637128346275,64.38371010399445,26.917115667325696,0
151.97994807673587,177.10797810831514,25.055120838363514,0
348.01020675683117,121.63700375811268,2.1557414930500363,0
277.68492947860454,189.9423345079274,16.68711663096265,0
374.764109901245,54.55741584019789,1.6095522525106867,1
176.94718964538902,154.45948258790634,24.357807312581045,0
391.14705174818545,118.7662732245748,7.01424769801931,0
486.07944022837535,179.70636079997902,28.341236500387016,1
286.2861773005112,89.3053920020828,24.114158943653496,1
396.90272819123,85.40699250700915,2.864700843094747,1
485.6798559396759,134.7133573132055,11.02141223497371,1
320.96489764880914,183.70510107387284,12.40937755228484,0
483.70915434150163,189.19325800575456,11.064912648927033,0
481.40192306452616,116.69789354628757,8.96450924617342,1
142.21510051893458,100.0750094128627,5.108132055009314,0
369.1729904184918,108.5357613245138,28.65850065217817,1
184.60412055295402,153.51321763907828,14.230350158995652,0
451.79472066473136,151.04588713303525,27.906242641217283,1
126.80657821188589,74.12080243147864,19.68317567597992,0
167.8721153144166,193.91169808028704,29.80395307453726,0
320.04832089161835,179.2771308106319,5.6698839814220765,0
149.11438723218922,192.69727666684994,6.461065657949948,0
424.62408108318186,179.7602931263588,28.830831535300945,1
168.06228613839528,109.55133430475192,22.423768705729472,0
156.39070189401207,121.02795805503109,14.622961866401411,0
300.1887995962749,192.15092501020914,10.000500476079418,0
381.97371387104624,174.37854135201695,9.707661887750731,0
304.5564231756737,64.37980789363249,2.904201733503375,0
136.9287322294855,127.7383228639718,6.166340758214341,0
209.46445897348514,116.66753242608809,23.96148200477755,0
221.51335640393842,161.90010452495744,11.956635674513668,0
235.28002472165883,168.11952432046,15.581273609244983,0
336.5204041367009,135.8561559159154,2.343858692919477,0
399.3139522978423,117.11989074514428,12.83785983652509,1
100.34554103069829,196.09715779018438,28.195814918623523,0
316.1521129587829,111.09077921303576,16.285795385834724,0
475.6575500206533,110.37959035780675,17.029543334324494,1
430.5637444801927,78.59212283934812,22.662938809925805,1
346.7341862962447,50.89839041317523,29.27353150010727,1
182.9947005408469,90.90927937994508,18.60921294940527,0
482.9049324057773,198.23675765596448,21.264842588948326,0
196.0744270432636,129.04910253597282,18.350937537794938,0
445.7696818352641,86.92943809397556,6.535162547838983,1
268.0442026107081,134.91721135654086,12.126701720515458,0
237.21098006650263,144.06385166747896,18.361053082196026,0
100.25954023409996,154.99058893377452,2.5146324314690767,0
396.45191937321886,163.74034897468928,10.183413654353545,0
412.3382940287058,78.9115129262554,27.057254610402627,1
351.1269443891862,170.83427016405824,20.24578479136572,0
219.30039980140032,197.8769582365846,28.890618304287276,0
405.2766609438551,53.21786918698976,20.263369485543464,1
230.90712312526952,146.3674825465007,7.634411005449451,0
155.20079743394842,178.67263632633504,12.642570502543135,0
376.093399153401,60.55366348115146,26.138363923723766,1
415.95565066835445,128.41031012316373,23.632064445508096,1
150.27043287390035,141.94310163866146,9.357443886040329,0
337.22767264043375,108.53518748119447,10.830759744395005,0
295.44745762291745,73.78095311142759,27.092414751059003,1
387.80120592884646,74.5083202375441,23.842889399740468,1
408.6173076732656,184.7367972759293,7.950111928631664,0
143.69929479086642,77.46961173652645,2.954432744081062,0
439.4506400231008,162.84234652783158,18.99974839394676,1
111.17560692064919,75.92840760538891,26.576457819165434,0
497.21585271119466,199.97711635532283,23.103572016881625,1
296.75094850658047,172.76257543903685,19.711385866138198,0
317.95398101130365,122.32588749387702,12.229176422932069,0
252.2503248655798,164.08235944800222,13.591996461778754,0
432.9579835136481,93.99609925404947,8.593315457654892,1
360.1745238591691,178.658327375226,1.7108925186915753,0
224.99487210688542,192.09322708583213,15.024211783695709,0
287.0018364248866,188.40357493147357,29.478116187358918,0
388.0557013412853,95.02787783607954,19.375102539397897,1
390.6067392619839,176.13174361660236,3.8216132582506,0
226.14298330010567,106.4815649799271,6.5158019200112465,0
263.68113686152344,80.99990941957861,17.538074053304516,0
361.7538315803185,116.62714288486075,9.876190926807833,0
112.3010396379399,55.61674427445692,19.35582547194702,0
323.92873592475814,116.48329264609666,7.635451757274449,0
223.2307417665893,158.76888892986042,14.030413822793793,0
474.19179918920173,103.16662603285681,24.948665399100694,1
224.5311265221955,172.8125644299521,7.695271738990753,0
296.0512268694734,182.4321106168143,22.63499460807007,0
229.36377488687825,163.5976240269453,4.9866871534419195,0
454.3257534578894,182.92121272485838,11.97560161803241,0
452.14723524775934,145.91097617268684,10.318548323026603,1
373.09398566403604,147.03964290997246,26.288971846543888,1
357.57149117602177,158.83868722926718,21.31715467634796,0
200.8673637169097,186.83410039919164,18.75549198267798,0
271.1407119289704,167.7426833097806,12.123714453621428,0
348.2423385125552,178.61083499172767,8.509632420901312,0
321.4859014263757,80.62519540156667,21.863041897991497,1
124.56398362069577,77.31159386336864,23.305635693481058,0
323.96736095564995,122.02381850756157,24.151750615369217,1
483.7862165716844,56.73315919217578,11.529270997598895,1
286.1330013483585,78.24363014248229,27.766599649715676,1
240.08501092590873,177.48654588714965,12.784237009499808,0
127.80618052886595,128.17858152421348,9.299177534669624,0
238.15043982301032,96.7061850990712,13.948537293087131,0
186.52090357668789,88.3245383092234,11.197003177632212,0
234.2506246642401,56.6339627805359,6.493483727434162,0
221.1111994527181,139.15488173314384,19.856295343526742,0
130.93617332208896,191.171811036133,7.2998929765840055,0
169.54536376205238,194.58997647059863,23.612805454537543,0
293.26583877999064,161.45801686165936,18.767444841789825,0
368.56408825895596,197.54805936648663,2.813405006407282,0
187.7426311520029,178.67061715046577,18.603381284658973,0
473.0369502578621,113.75873623215783,25.18954154591952,1
480.9076293286791,122.49599226077069,2.509306567695412,1
256.2433075241559,98.03681722895718,25.92409691561848,0
296.0618844003523,157.7355400488759,10.089397142304831,0
383.25129517529393,162.34881719868247,15.68991746369563,0
281.90041544403664,186.53808502360948,8.04653582080313,0
240.28758094545074,152.57754549661826,21.463769321006826,0
476.9789624357059,59.40538202093293,27.241017603561687,1
139.00752421552204,155.2411747930382,23.984490693169526,0
401.15391140445536,101.53606852476301,4.588843743327598,1
358.31685736091526,176.7576262446633,26.966102356238153,0
425.3175093751609,64.29920787100272,7.649941176176219,1
451.6896782751099,51.2737240772127,6.934620232266701,1
273.32853825672095,71.71559010706072,25.393949928666668,1
314.87504143073807,196.50198280850233,4.862741651047694,0
310.9553715490193,153.56469593327822,6.0442942929512755,0
365.62542094505125,69.29753413306275,6.11314357260469,1
407.8691848291451,57.83450325376472,10.02079775984934,1
387.8265624148747,62.10737428020218,15.52095758858197,1
384.4739558104921,71.65200698066874,13.982039392640779,1
463.7154256089534,94.36924793760042,5.493223908997996,1
168.73285616030563,113.15181454982026,25.527395464643618,0
375.63158144260376,149.6106503724494,20.673952539424548,0
422.4512212994797,55.59518183571147,13.087088441426278,1
181.48103246144083,68.65896479749966,27.15882379621572,0
456.42933697755063,171.1778098954225,12.027381514764185,0
291.88600924536837,152.23856743747106,27.19760630840384,0
164.71916020984418,126.45960939679426,14.843668010475463,0
408.87500306801667,131.99210581823917,18.68556322293948,1
430.112070228629,96.29101343636111,19.946066605316126,1
104.1186198488405,64.6262394897427,22.470095768802103,0
363.4383818850401,61.51205094685185,20.820333843369827,1
462.13964156719135,141.09639259141247,22.430460052005078,1
148.1678106521105,143.05617495696646,3.8300574642491756,0
127.56201132476366,128.24425320870623,9.61814454354814,0
363.3373431032783,167.3956002535295,14.545561543132337,0
328.05836599165104,164.13488246350218,13.637252352819948,0
446.341119301736,170.59353525020956,29.8422980262668,1
280.07124654278465,133.0401424610518,5.097213757020999,0
321.24529871249536,80.53677466195401,16.79306689123196,1
138.17905088034934,84.77972974365233,10.952379267005668,0
261.24074694091223,79.09944542313335,18.248806790534253,0
426.3767803883828,140.60357095155246,20.892476667669776,1
377.9110953198654,162.68115764859988,15.015899370325515,0
372.3422069305704,154.88639681304483,12.555973357143197,0
480.64207752834307,87.99244562461732,14.868993188220125,1
249.85455313902372,181.68640276844917,5.926373953645804,0
378.1608980427897,159.4776136881569,28.593771511191353,1
352.3186234133535,50.4156725766216,14.753452740498858,1
213.482213767933,197.5776991605031,16.11622801356755,0
400.5407062492542,156.2054142001903,16.895189175407932,0
439.55826675223756,148.0657976795871,29.54879999353675,1
287.1068496445674,83.87278020169468,29.006448724359945,1
105.69849020611728,99.84395228953636,26.457302292818678,0
272.73284714567023,84.15527024285731,12.309374820056505,0
205.15250477762757,74.72467415248036,27.162186265811012,0
145.22926056626164,92.37855383587258,7.5895284054607455,0
166.32063219831164,186.31646501252078,29.040180620611054,0
312.3061648551152,140.3075984301375,23.28282723185679,0
200.4601477563401,143.6318302984647,22.25066644501995,0
272.62796412135657,95.51887752659023,19.722249049748665,0
377.50743131724624,139.92274758808065,6.871220232029015,0
351.35648617279594,146.38222662825982,17.99995885935876,0
469.77999326431546,153.8835340727146,15.398079542819188,1
369.7675251143769,150.48252075803347,25.22107299707057,0
102.7667426081412,135.78469289753036,23.811671394690485,0
274.4380453082259,161.1728104962532,15.239433867909234,0
415.23112742083197,193.33958502023356,16.410157464301875,0
133.85300497395596,165.67041636242072,4.374425618239282,0
435.03613269446197,89.376394531169,6.609031597680973,1
352.61769476214715,195.5489050585844,27.657227678836485,0
152.30184803301796,171.11951711186472,15.701534003381118,0
435.1017783814043,55.92198413583218,7.33953122861288,1
494.29947301606074,138.70799224569686,21.62614571740322,1
175.99475480211925,192.87388395567328,26.453052458880848,0
375.6119577614427,142.61609264851518,12.24393200113041,0
244.66667035585675,178.232382378302,24.646427392794326,0
216.8691595670218,164.33370282808596,25.09453750751298,0
148.26818029177477,137.46357453167576,18.96956421729074,0
180.4650402185352,104.14192613632952,10.54018610592134,0
174.6409605486833,112.7939235371251,24.75558320528952,0
155.33474317465544,108.25941673191417,16.505457725813077,0
109.66596829628261,124.91053188850525,1.0239905335702173,0
193.4357952255328,71.31706839906872,21.466803229599588,0
253.71989938402317,70.72117581466698,28.95664898631653,1
257.5956052730873,74.20105780649152,13.735205306161419,0
270.259057179811,65.21594130029628,25.620587050847806,1
351.6877718999284,154.0569957392134,17.016141475277255,0
342.06840277336624,68.55598379024434,16.918268098147617,1
100.03373878817582,99.80057406372026,19.127846802955194,0
186.23727351244196,138.6395635497601,23.747501017050293,0
174.061097351209,87.22508279407343,2.9779364388767173,0
376.9411904039714,167.9814688723124,3.554504801275651,0
179.94729731407688,152.1321862926779,26.884544737583905,0
245.38684708322634,60.30600329135308,17.925872988949045,1
417.3765597793839,73.85833898831689,15.853176653087774,1
258.43304886909016,85.70449980423768,2.1961264125781326,0
450.76814793501,168.89080754679173,26.468474916510868,1
124.063677328768,170.89220954950719,2.410426066087737,0
285.3820650863488,78.00958895505516,26.335310575131434,1
171.11038082774724,60.299967813118705,8.671902927515088,0
274.82392095965247,144.80908575727608,7.141906447396122,0
263.07166083994514,68.40217469179662,2.9471100658739,0
280.88749885477307,99.28560407584307,3.7082007948829574,0
323.3505830637459,116.15820787927531,10.695046707891073,0
382.6907423045954,111.41734082153222,10.086199925860631,1
158.00802271186413,181.43639606876084,22.694066198867944,0
306.4860520746794,99.83414931028904,6.908230040195743,0
257.6514121414214,146.83554130830072,6.741799337240637,0
417.13805884467,139.72979681724783,11.350385184348053,0
227.13674456613825,108.25012091695257,16.740163575295924,0
333.36570642112804,188.34869052647974,20.82174864021262,0
204.54068320938262,123.2134102667834,19.80797401657429,0
145.38688536834408,96.75132944484739,6.701413557729028,0
342.41267135378746,198.05893973873515,6.405977693826083,0
321.23496915469286,90.27804908513427,8.841618034174246,0
366.90019586315896,106.3397498860003,6.890789588804475,0
214.66159040500685,176.79904690017725,14.342800199788892,0
161.48829030358456,150.60743782254696,27.93431724611309,0
413.89623403761755,174.55410143563032,5.310226325704475,0
229.17626026824541,171.90939343062706,23.828265309714954,0
415.7810809703541,133.94633419208907,7.726343148574503,0
402.6055337873818,55.38163391554509,13.219295183435399,1
400.0211093577566,79.36885333938403,27.895244787381827,1
166.33238029647993,112.86963125776845,24.04548233029341,0
229.9931998682971,149.33471783296778,9.805138733874722,0
221.25749881161542,90.17147483341003,1.2215044665582886,0
228.82799828667638,189.93552482292316,19.49933734497432,0
281.18504654612,192.48262181440126,19.67378791896183,0
163.42252744225806,95.58795817989616,10.729516091896823,0
434.0892169582805,78.04900837869747,13.618045019919784,1
258.72632080937115,84.10749551094332,14.694256530539215,0
382.6888404313485,197.10718410486095,6.849578635190552,0
490.07396957824767,110.42743181198539,4.132087837528243,1
407.8514859230494,140.60962602003286,12.910080643711503,0
443.4551561358783,192.5796375859298,23.532523941837404,0
289.0411490163673,129.66866662897905,4.423276893242262,0
232.33638896904085,171.1768334801141,19.11424127272154,0
481.84212026959824,191.93940425985102,12.105587109725747,0
479.2337184648977,86.24467025463065,9.024913980224937,1
171.21318475569396,96.33301068618837,6.971369312267192,0
310.64996754073405,155.24155858901088,19.325498306935252,0
300.3614838085141,60.723132823785726,17.410088245233553,1
253.05704327870987,110.95592290469071,9.742856429551582,0
163.0505837787818,108.7407468470204,17.694819296993167,0
147.5086155609904,52.76229930570623,4.769025293175153,0
142.57163966545198,84.88793182811813,11.80837387744077,0
164.9779581567583,145.83490026152214,18.34244052849983,0
341.68074317960964,146.28552060998823,6.818786853353719,0
275.28997329136826,70.55994309853594,16.028168553067083,1
301.8531129655957,119.28896818940191,12.302465335177914,0
294.87364642612715,87.67843977019514,8.997389243388874,0
288.29221730853186,153.8640709172193,27.67600561024806,0
186.71146670059957,72.20177502117257,10.66148189718667,0
198.27049561780808,183.44828835488445,5.16410885721872,0
134.59358542119153,118.72315415260422,11.376021411408116,0
183.955799751848,146.85164977596432,28.95559090588026,0
239.75587803359227,89.24470769681267,2.453667787152731,0
462.57324341216435,128.93914052908764,15.68942644568108,1
474.8032380659172,51.729785644390944,5.546381258268298,1
108.65639991514597,76.88742924755677,17.12057286801247,0
335.2962991985483,157.6893342636845,11.965933546952453,0
198.9070233928801,182.5148259236276,1.5515615577923592,0
299.0869907280431,119.85836296216105,1.4690587501051082,0
102.44569850266609,126.66246813123863,28.2535200909584,0
163.555324351784,175.72153459153353,21.107708969248055,0
367.88915378059136,75.28548360341885,6.556454783452095,1
253.22714948618344,161.81922225129816,21.57898542313085,0
227.73031723176888,153.5820189605658,8.113765345685387,0
361.86735846114556,63.449750637812635,7.218966340463522,1
189.7607632268721,178.68247247606922,11.907831356314952,0
313.78267635812404,56.89811836587896,1.2584285009083507,1
240.95474036669114,92.44121849103642,29.53552313859197,1
120.66914669950805,70.17513184568124,16.518304511530367,0
227.93309081294075,77.52671607955499,13.330193027922721,0
316.9438197715985,187.66434136930192,18.888790747176355,0
329.62703201103284,86.37655167900034,4.186426665412378,0
377.4114093895744,68.33044712123761,15.159012486339886,1
464.13731545351715,118.82308640275306,10.90560777006368,1
307.51127235606145,179.6383361289419,16.592887349686855,0
360.18585160503096,139.33837849771027,20.657554530392787,0
206.30487164993207,158.21408345420258,24.183259061454613,0
128.40707263359684,121.15313488503516,27.807535370236955,0
464.13983709719764,185.23656459633125,10.353457366910302,0
244.97407634615632,165.15713222075675,18.005216752749284,0
234.97842808091153,138.40023014674335,13.909522716798397,0
197.1466594521682,135.47764939426108,8.041452263472602,0
387.33841345705713,109.86357631278074,11.762975925300207,1
163.61300812974187,104.4753911959763,21.324672082922444,0
271.82899114947924,119.63477046007746,14.976972631707447,0
198.68749619624055,148.00105031806822,22.089581084526834,0
158.25554846146747,187.6204754479068,2.236281828520478,0
287.0560720545834,155.73997684385196,25.15562474542766,0
255.3582867057763,99.43974236331255,17.794045729409234,0
455.2585943841836,72.94520408939493,21.789883470971358,1
139.5071176469749,77.38672025833242,10.418947497127954,0
280.56433083132447,159.23318862348404,7.565227036662292,0
168.57559474470844,182.7722964945422,13.297653854109821,0
394.31874089447285,91.21713302488948,12.847181519727913,1
104.7655986301959,170.3968955965102,11.713897209333501,0
278.01989143559445,102.61203413181501,16.06222215482506,0
146.38147078543912,61.16937450395613,11.92642644271208,0
155.84767872276828,188.96157407950187,11.770578327294356,0
423.5124833881966,122.81904358866039,23.81564120969461,1
349.1010828272233,106.92853878370926,13.919146058318598,1
301.1960559183319,184.11994744591624,11.217426552304545,0
390.39641237305324,74.02353123593218,5.070045082140026,1
397.6430638616714,180.27571076377467,21.745014274562276,0
143.89791976892207,176.97665221187083,12.352995631901228,0
193.54048661642707,190.44048713169875,11.458266988914879,0
449.6189864376033,85.8326852876366,11.62853738675969,1
101.91463777251984,128.11220344233195,17.224305792382367,0
271.6872692868691,61.13871400481137,17.022661328043558,1
443.9807770923561,114.10977240058901,22.937306196410887,1
332.4931728001841,117.15334020155453,5.052196085215102,0
464.9996142175708,128.73166838284516,19.264978491277198,1
292.710479834837,88.1322717786293,8.848519705905098,0
367.24588422817516,150.00484832337062,28.27016334877638,1
362.8178664254756,143.12702429646095,27.12763668744411,1
189.22662436129218,157.2577572218533,14.60530151728475,0
186.26184696809838,86.92972509524898,13.871031052051672,0
230.76906859887413,109.78231013194622,10.054226998498077,0
492.0964845157525,81.67780255677002,18.462445649396074,1
186.52378363070116,69.82361726841543,7.201941074397304,0
421.3047277673637,76.02461738448422,28.724985351070615,1
198.1040231808655,55.55821747418297,4.763286117319821,0
329.8256753517352,167.71290229047284,15.090133075172579,0
269.81042879777146,162.35248795359658,20.99906954171923,0
372.09528697990976,113.21302712682127,7.476040821403253,0
132.74354029396713,199.89039317947095,7.217798940927506,0
499.4452685050725,76.1973217375609,17.1126885039309,1
272.7011357245718,80.90833399811004,12.604484409568382,0
326.27796233052914,57.40352284424778,13.264026773352779,1
320.3257051326942,100.73151351846991,7.028875409058938,0
434.76481193572147,189.66674188812402,29.383375897838196,1
457.3713053488836,99.76554509549527,13.514933566564682,1
474.1585616193994,68.38915098272918,23.56879061997938,1
483.1981840938784,138.62802459015523,12.579068687727748,1
170.07147116793215,184.36597434660402,10.840049692687366,0
199.59897002812698,62.08384033408241,20.975571011384673,0
406.4353656492079,164.56341212934672,7.923444118377772,0
113.25434645813304,160.41037151065922,13.345883569136836,0
392.51286876470533,180.08100071446052,19.117512702139752,0
279.81442122189395,134.92540415229854,23.684133961047678,0
308.6447760448644,98.10803574570421,9.826054851799332,0
407.34234905529064,189.7682028308413,8.755656858510415,0
116.80078730638556,162.2761106860794,1.5419744135882125,0
491.8351949993836,164.2970532521254,6.958589976507887,0
179.2746604870565,191.35153451043504,25.504496091705164,0
435.0485958556368,94.72645985958329,7.1869468912401215,1
348.9079182053039,68.77396236057942,6.960590851292083,1
225.60298461740635,78.73075259242819,21.257099367423837,0
421.1150370823046,109.73590578124265,1.5394344051882192,1
263.5625643564375,102.79073135203902,2.0859952304032,0
215.54500847069585,198.58693163158824,21.62347800185222,0
453.690995285938,65.83196041579656,22.226843904529158,1
226.20755809994142,169.80980292560437,12.227656082472253,0
103.49664059497638,86.85869709766209,28.167395399754483,0
254.79570318887883,65.40397182427911,8.034936371331991,0
377.31816732356884,132.37181956923712,12.461082311739764,0
303.2253289384712,77.64645040434985,5.215626232995527,0
400.8528304551759,162.9984927207586,20.48049240414576,0
196.4737081848419,165.65357801829376,11.535428501591094,0
278.56736089317747,116.92675347169983,22.09429237536894,0
120.9380748224016,133.05175445585866,24.34742201616553,0
432.4805502218447,113.93259322860204,12.87741541407588,1
305.2556958012958,154.0784977489945,16.337851926184584,0
267.45771726101975,90.65904014650661,2.7746583990859155,0
179.5601906241011,144.3953168741132,11.874171079363927,0
121.32894135234321,58.335431587705756,28.45130542898925,0
196.824474772177,129.28422628054582,1.2177541568535863,0
140.14370401950504,153.7162113190392,1.1748646980066584,0
464.4643036752946,167.7164073411559,21.75252783665751,1
456.0410938469124,93.9094440105402,1.009629677222383,1
323.0406814329044,80.80964310737039,18.54230611382472,1
102.34440958961129,108.76914734765805,25.952870959285356,0
312.69913903035365,129.66616791477398,12.071660207986014,0
127.73719887937176,53.94688569004886,24.964919479531254,0
202.53322071100496,199.1810059316399,3.23927845752256,0
223.0139457066438,87.25317323010833,16.04156952622372,0
477.54002332924136,71.77436819694559,17.766774500172225,1
254.8222734662683,193.62193481574283,27.71327024127672,0
199.5843824597352,96.47368163094887,22.123518656526542,0
384.189502916314,114.70148736541205,1.6078689597933604,0
108.05005747857712,192.2554300026509,29.617432089716846,0
397.5852423588435,152.90656736816788,22.81839019973956,1
336.09975876604767,96.45453919579747,25.99003378353885,1
260.2014850754837,106.45162612844253,23.554224283951353,0
265.7338741227266,165.67837006845411,2.3679059145704477,0
184.97029738643516,88.91772830717895,12.447340841230139,0
398.7997100427136,88.85465641657711,9.075372016148767,1
390.0799428701803,135.85159745523669,9.80186302667044,0
246.26661285260533,159.721036968149,21.509907998676546,0
178.70287605988153,196.51218095196822,12.577940423738301,0
340.19545065573584,54.252238631162754,24.684449821491,1
449.69829188219876,110.39188618167492,14.43835908270201,1
118.55495100982742,92.29930147212573,2.1928832676472636,0
325.56774596556204,57.53691766317374,2.636040005238311,1
348.5180120351885,64.73916842426014,14.934388387262517,1
112.6039571262182,127.95430519427735,8.020579364591146,0
303.4226826144332,148.95529557273125,27.68087992636324,0
318.77935867638513,181.7262374809261,22.54086030809271,0
394.70796660460616,111.21053724012302,17.41443623880949,1
444.71362763610756,160.65836088410762,25.88155972199786,1
114.87431260021981,145.70602942149432,5.166506768114619,0
388.37416491810984,79.92871100960923,15.33300023128725,1
260.0390180839966,108.5729816948335,22.662241075994853,0
230.38385135499558,181.77326016551874,11.083377665712177,0
487.68285911353064,194.21035500703502,19.721640603717567,0
352.4769177216242,176.30992689192442,25.816924095110746,0
491.3072743800654,59.333538609422604,21.33840300081904,1
319.3650176176526,79.91146377080912,22.51376721692981,1
122.78219346281958,133.72106837140035,24.352867378722625,0
247.97695653160355,133.45744139096337,6.930037659371347,0
270.18835879206097,80.27796703470486,5.813877853917462,0
106.6335727273966,100.14723792795493,29.0136813423264,0
402.61987362017584,126.78890365717717,22.20037999435265,1
201.04383998371202,188.88399360388817,10.00169870224886,0
173.3231405388203,175.40919148953859,6.690939419768088,0
331.3280813060808,152.37591308903916,26.965477832103137,0
415.7220461299111,196.78837652016375,26.905609161669332,0
296.4383960336267,195.9898739091962,5.910871342566824,0
339.72886191362875,137.84171660820368,5.175288402237567,0
309.22328983061766,79.6213437660532,15.915504436466595,1
452.5656577729278,133.6554938127004,28.52862668278724,1
163.8604280583706,158.98763033731808,13.66799650165423,0
189.80560605717392,60.31747929477628,11.68134945610758,0
438.6140530793428,78.49258826790347,2.3167869310559097,1
265.37490200963646,60.99223327562327,25.78376860511596,1
213.66095259363652,58.7945717699841,4.608898823841585,0
127.083722287587,95.6204057471883,23.63739561230706,0
336.0804308698076,158.63873924149001,15.59128568004021,0
329.43462967399233,185.2517574501511,12.687087716004907,0
388.68479543319376,113.50818433202149,28.60951309579148,1
332.50017853153054,60.758153047976705,3.82103074190088,1
489.1033818607101,57.112010327651994,15.658053645950302,1
113.59233771869613,145.4520274703061,8.724291873658258,0
207.08874576074842,97.03987885486113,8.961280085524027,0
286.539739284292,58.96486017240671,3.8236456243183197,0
186.64239423091476,73.37052756004596,12.377841633349789,0
132.53683892999763,143.9402583578958,24.76312407974798,0
230.88007948473378,80.06831211980094,14.348639154096155,0
482.4604792109131,106.55375627374904,2.5006554254992346,1
238.80779922589693,191.61828627270415,13.752205450745315,0
194.87574056469953,179.14294920855298,4.235883451324472,0
179.23056136153536,151.7892889777596,12.959331188607534,0
204.19498223015094,189.81430955853236,27.672912257099174,0
196.80532759938387,129.51963228944965,19.747411501280716,0
172.1809372775145,117.1009993260309,3.312061791869298,0
291.2125109484373,196.36000572861641,15.498267613641088,0
368.57058469949123,142.29677281552603,22.444260659050723,0
258.0983473876463,127.03290745249714,14.79316655677753,0
172.92036746414618,118.8081210938341,11.90021541509179,0
340.3582193723376,152.17533983903996,13.497906519493329,0
155.21939351050918,159.02478578515667,10.838890555860273,0
212.13911555288462,90.967965461345,4.910424503305646,0
383.9533880186318,108.54964355042407,7.853111294550677,1
248.6059277837861,56.477122954365136,26.77228767116939,1
329.61425237441676,68.79328123910145,23.498875357169904,1
303.4564329111498,108.77447613538791,4.686028668073621,0
329.23830789497515,68.12288074568008,4.604087787252038,1
102.063127080877,151.11858357498767,9.887500809677563,0
310.4314159009256,70.84612731132563,27.452288727800642,1
180.91056018030287,173.8296300593132,16.634626532058686,0
144.56994754963466,60.65275804559791,7.065870418249262,0
233.55627464644954,189.38632794934512,15.970492959449674,0
116.02063552148509,76.2236459712477,26.6913394894499,0
493.0174095958368,116.54853883178204,29.419315514916004,1
297.4712750438546,164.09075076684456,26.899970564847372,0
235.07727605702306,52.44570409497847,22.129448288647147,1
444.94805090920835,66.63726827660038,15.104542161521193,1
169.7243293648615,131.12329078674645,8.325247275871753,0
295.4998987037841,183.6511507935478,19.286005339996112,0
366.6303801629478,184.24238781334796,5.8275533999987275,0
267.9717464369222,131.74836019763086,8.40178688440631,0
319.8116288674239,135.6215946150893,14.536260720695092,0
282.4927872521314,128.41487817143815,24.75278161006709,0
179.65809065850658,179.336876186278,17.17307448419022,0
408.02710773594583,70.29391178403134,16.56415307366989,1
104.90028705252273,70.73337421417475,6.509870655197174,0
300.46455270286657,129.83868164685686,23.829983666696798,0
133.46033385106722,126.82626132867897,9.16807611155551,0
371.3526320381283,197.76204872732563,25.669752430752464,0
216.111833793958,172.28349408012764,11.565070331987938,0
452.1934045939622,103.95511593315555,20.108706506897658,1
147.1882918108261,169.84535776068992,22.868761785870163,0
140.65136118667994,174.86806940803493,10.766825652644007,0
165.58243169056078,103.78106270679292,25.770623036260215,0
397.8173294807034,99.68466018936904,29.371973122553168,1
395.5502613123756,147.45989321683274,13.173921668765203,0
239.14039828277365,71.92457706422981,15.477039767005062,0
440.04811244252744,171.8181338061773,16.127405974751184,0
334.49016214859046,109.45376432157663,13.309624094548049,0
273.8368438455161,79.62504836548717,6.191911091801178,0
114.5819683032118,108.84389767878415,12.709335779864695,0
176.74478610406146,79.75789412907011,16.81923041148071,0
280.4790890394458,186.27301855914192,17.594355604695608,0
131.70660291235254,142.22862727441768,26.239987372825116,0
412.733592387114,59.3998671469687,18.12179291640672,1
130.03947406220132,82.49872539643195,17.718493726411047,0
311.05340578241436,165.6849148214754,29.649177865848266,0
141.58512014125986,192.84178013707836,21.76940229110149,0
144.52955885524023,76.40769821229526,11.018140343223644,0
391.77477518278647,148.26962341533522,26.99271528047745,1
310.9869843291508,113.6906261473429,12.810154714984428,0
220.07172152819987,65.2902001049749,12.717052183852886,0
387.2762543760308,157.22967946424058,16.33376607442637,0
429.2267446536398,127.46026991550087,24.709341383651555,1
263.05597924603035,141.10863341981752,10.579364966165263,0
455.5034380392707,164.97205506800978,12.789512966756648,0
145.61943017571988,68.83854854566384,23.16122274562588,0
335.52606745864455,176.17090321848133,8.973778087576079,0
429.982071467519,135.26151882748644,26.44529068678865,1
225.6672018485181,131.70625453928835,27.885397455865572,0
127.0718598577738,138.5644619292816,23.288801378675267,0
118.12319215544619,122.86664378479654,26.631869644413324,0
178.57376531979833,141.86739941229885,16.130095659637618,0
499.783944533306,196.032999384696,21.3360112287291,1
158.48323987470195,110.47227002011851,10.004719501567633,0
228.67671489289316,107.26509068461166,21.319999435036884,0
377.0577768243223,139.34454554931972,6.223636296017446,0
381.0808078211913,146.21164799479865,2.3425033762474285,0
161.42945204086055,166.61309270766478,26.90690229952849,0
482.83540461962014,75.14166809962667,5.4794006372677675,1
236.79517389468762,129.70514596018523,26.92289049398155,0
338.90574500050917,62.10557732220161,17.696138333350643,1
111.35807835370733,170.9786970408503,24.347610603772207,0
495.3299802161071,165.7094184413789,5.329855041937415,0
469.31575245924904,72.8893220076917,11.369001020582024,1
255.0839753452324,92.06848179551386,5.404918549439115,0
195.157158726563,150.54417105191948,9.332697766942703,0
186.37527522865008,83.12660547108604,15.508845996865176,0
384.7055851964352,155.69672135361068,4.502638430126945,0
181.53220175771298,99.01192270480294,26.028498637097233,0
128.04321460924064,128.96463212132892,16.031572505707643,0
365.36294182794546,138.10184978384396,20.984682118834357,0
443.8062639551978,61.557883563112696,29.42168200183164,1
410.4145474333709,134.02630995157998,6.052886048528947,0
488.07317598403085,159.3451418830158,26.19842671222324,1
362.7844447765186,58.0253738125621,26.343353628442117,1
336.8984816713904,198.14745749956649,20.536391666383516,0
113.09363074831178,129.21563465424228,18.635484499070053,0
180.97115511328855,183.3586770650849,25.953221389577084,0
405.99598012475167,135.4021761089333,12.414544008469612,0
182.8570771164898,102.19010225617893,25.23516377644645,0
398.28127150874957,168.11490593396655,21.000506090166475,0
107.447508157358,93.69736670479142,4.537215564293399,0
299.76152191058463,155.1674051128059,23.069874111104557,0
197.6721596346153,189.70795166517172,26.51235382055598,0
326.06068877519436,127.60875575404187,13.782699986850732,0
201.08132827799503,117.17918869320802,7.511142631399391,0
313.2925544756439,123.24325945062239,1.7954618205673938,0
468.64805893707995,144.0208402414981,8.42916294077257,1
392.7042085848868,177.1354355813348,24.580830918279275,0
484.57496729623307,125.72540995661073,19.339466804489042,1
112.7842944660566,66.30377815380339,15.565543598288489,0
118.73352721579505,96.63708246979402,19.5943958359354,0
209.0369886025477,149.07608721191494,24.16804160234191,0
471.02238707337443,83.5174172758486,3.3014129393796217,1
138.10126581782853,95.41031834301373,29.58028137305013,0
494.61512806975975,64.96376028630665,18.14908148867795,1
187.20387606134153,70.01328830364326,5.812789786499532,0
447.9025176840208,114.3464206509363,10.328117298841148,1
454.34804189509936,176.31078364294672,22.104634707576487,1
267.7879842486549,135.35727020558897,16.10681073309386,0
338.16417544284855,173.22937900909264,23.968236183221936,0
351.7835700634366,72.33294703886473,15.510065433784485,1
185.50114130786272,90.49629524452757,16.22950541034175,0
238.4982817784826,70.54828505409533,28.56356033974879,1
225.0765898370417,173.3916896880302,7.558120499779851,0
193.52232150184318,196.45171800291206,28.981821648217263,0
115.03109375826494,108.49306558994672,2.4264816186843756,0
376.4483349795511,161.074460869093,22.940473728979804,0
177.5184970650526,174.02878143433418,14.769755228250611,0
345.4930372324271,166.266031164828,8.366638673460665,0
262.9978291522393,158.28166247403124,14.126509274266674,0
363.4693725654685,135.2640000639778,21.560749893407472,1
449.3655391435174,60.23171561684939,9.127211486303565,1
126.852600424824,71.86199425325358,27.571846195215684,0
184.8264836141895,166.90562770881945,14.760506160040421,0
267.35467640360525,106.45514614422923,16.00908117098939,0
258.032882117554,193.6456809787234,13.740240929503157,0
253.2316004336476,119.49071244544973,16.574248644966275,0
107.41150327619992,65.53394034173056,11.75630098625985,0
311.3376542273765,76.04001930395322,22.570090730514906,1
223.05845650721218,55.092286744543614,3.962325058990923,0
440.1554019974792,51.76862206849604,22.03391728466599,1
348.5974436117425,77.19553537894278,26.71494627136072,1
148.20214156488748,164.41580436036492,16.96617147403768,0
436.6261626086306,76.9357499721798,27.49361618780247,1
352.1904090246009,188.97986714335744,3.8460565610718254,0
259.0672092084926,170.6222508123669,27.11429532261601,0
322.4127365777148,149.42555747639693,14.173517803253228,0
177.06901441407487,57.61982546352694,1.641683857273652,0
300.565438247624,196.8401893338046,2.3941719276379336,0
387.7026262770015,118.95183935454817,27.827097215593643,1
392.8982611809964,121.43848319408387,17.277472807786143,1
116.84340525978402,112.4792194512014,7.938210807080829,0
275.2714612768723,56.92107957072575,19.877964421431003,1
497.8327454028849,99.99590350033372,2.9546112605394574,1
134.21117363156188,150.72171052368518,29.33821354342144,0
244.5398463798539,145.10199766869528,24.72839278884201,0
220.3663705151074,93.81455902536433,14.423361643776675,0
475.7237568028357,172.74811768674593,13.794036612718127,0
482.22530445397945,61.5867231576477,11.116868898030097,1
118.27176303752083,164.45557718433946,25.049710721975813,0
126.22019641508811,52.46632267420075,4.428674395111309,0
405.3054921789226,63.117381650612785,21.738983111344552,1
317.5893624449785,133.48642483077904,5.44221445462795,0
281.77670373196065,108.19583126607435,15.483723980559068,0
183.61931343874744,193.35131504200086,12.837115025262541,0
376.98609553514666,125.21173171891924,29.753555089296924,1
349.9097914086735,98.3169302165106,13.114722296956327,1
328.90894157443415,89.12858954503386,29.603567699656498,1
348.82141434057434,54.63138700599731,13.783166394018103,1
156.40569497374992,68.18270007652058,14.675779082240622,0
247.15018860577976,103.69938049649551,7.711164459969255,0
361.61803152443355,83.37054615162936,25.61290181102525,1
335.0291385152166,94.20933711937467,20.580201771664566,1
258.48331917955807,125.44835279914544,29.884008588301004,0
285.1629063081711,88.76903741442463,16.412496827375897,0
425.7295765784871,166.91732983680149,12.8289722655548,0
407.48346501036053,127.87619223157685,14.915161952174584,1
214.21600245341423,69.40592617157037,11.556883190335672,0
209.60801519123845,101.97400681591355,25.668256319424202,0
473.6172865405486,58.22219293443427,13.050730766378383,1
450.7649854815552,194.57317785282203,3.0583087482863176,0
433.84813004677085,140.18599185973923,16.890919932443467,1
257.1751167609103,108.91671673223968,29.77065523160502,0
487.4437879048063,192.7270645087524,27.061373856149327,1
106.03316114691057,199.49672150759108,16.007800429512855,0
418.4511521338256,184.09972965795578,11.55200907747391,0
470.2523175176392,133.77772938019447,13.510529773927017,1
439.51588820685305,161.52429419456575,19.112195347185907,1
368.0922729375632,152.62131587222953,11.401532114416074,0
203.58393336547178,130.18425901362787,26.58078452224977,0
109.2569492048368,153.1046838571067,4.06185640780716,0
356.9974316143325,88.87145024315589,3.401379203908719,0
394.53968172823033,80.29776186210951,7.5547597949575875,1
473.6059327558478,61.56641273263049,21.266455432506636,1
495.9163219625396,193.43113373886928,21.25272405573691,1
396.2312728516123,82.12554979743679,29.367795182671856,1
156.3869010727595,180.36469637838803,25.70344684622043,0
325.75860912222845,184.27233126960735,27.500163629451222,0
202.82552792624946,59.79348306962847,2.76604752127469,0
413.4944186840554,92.38716539658091,19.95239987606588,1
379.7188237063718,90.55517957906252,14.613436160675572,1
161.2785927548741,171.139553633994,14.190370804900304,0
185.19403442565965,117.66687757544057,7.7231265635172495,0
113.48238940290791,57.73454817380271,2.246739527839526,0
254.87163446256514,84.96131257405037,22.487713236295374,0
109.41331229085142,132.02500144823915,12.762629849005489,0
358.45039724968785,69.58530799356113,7.582306382076603,1
202.30559733881512,158.44935163464572,18.54452471231785,0
300.79424510720617,63.903094107923955,13.333965282520676,1
368.06716690279757,166.62390309398995,21.19392031834108,0
205.61283125637675,96.38363417291853,26.521756517534552,0
475.26250487070706,90.78075367086129,16.91325693447787,1
367.92775829372613,148.12902091119852,23.965779547367248,0
317.7837153827954,70.22840330630285,18.578797397707607,1
464.63068807149375,78.55472979723757,7.245281572535999,1
126.4392426697539,94.58182543325515,23.282741903755078,0
327.3073662849176,147.2232101288206,28.575703247633637,0
190.0656677849336,106.22289124220505,28.264452755117794,0
303.96197929268345,53.07324816394133,11.605975538114418,1
470.7623978418702,120.92786624500789,8.650576619859724,1
175.55538789021193,83.3547903151737,29.24398417074459,0
351.16930072958417,160.45960964630075,2.6451159634929757,0
116.55885218417157,131.8693796339947,12.263052054887783,0
118.0309842920218,171.57148891069914,1.093362297880272,0
359.7587653428608,164.61511999439935,14.34759233046783,0
249.98456935585352,168.60316423179086,13.33293412754746,0
113.38462842770957,193.2116077604451,17.341690171114106,0
311.7317846329574,199.4331580523703,6.498662276366711,0
438.11161194053113,98.72555163321162,28.859355287046544,1
180.3758499433227,102.40355978598012,8.88724752416568,0
453.0521611424579,82.24900955015622,1.536562028429253,1
247.07988600532968,104.92903813319074,29.16695430989698,0
360.2082120571375,148.12111658251598,7.4903651485845195,0
148.26074159881023,173.66965179036995,15.38283014288211,0
178.6486865134397,109.33167808823441,21.080615757656343,0
269.6411835182506,98.13473269805715,5.518001467430162,0
207.69589761602322,57.57890080372145,20.260854785077438,0
446.03463914147886,190.62339561361554,12.815920190146418,0
485.5537330010057,188.37189265620586,20.880834584218107,1
359.6619876360103,179.5663889689145,9.581276083840425,0
248.5349142041698,107.40527055479018,3.0631021640534515,0
248.9504759855699,77.50305421754985,26.868586650060287,1
389.7734503055955,189.28848946134895,3.500822049993913,0
135.8488645539461,161.36037300020814,11.199593525658912,0
365.730473954726,53.82947233935941,1.8956496492668347,1
167.74135578846386,179.66930572243587,11.712889609546508,0
222.17507801939158,112.25494051227003,2.526043251711723,0
493.19696164049174,151.54304602642287,24.115360322086524,1
178.25995833910497,111.42366575943717,12.154903166518372,0
186.04816995849046,74.08036541504599,22.833161996857573,0
380.3330803377513,139.7623592043911,1.0128325572065684,0
392.0183242577845,51.519387034171835,1.4411118374804315,1
264.8526878094634,82.06793012573263,22.218749415529988,1
418.5239217545055,154.04996923641758,2.746234594789965,0
211.9682333094994,175.70460794141795,12.694856549996986,0
476.0741676837979,57.67102414251007,19.67506596899756,1
333.6197423220141,123.03017887927318,29.736947620537435,1
469.792284085792,185.80817098985807,20.178894329207402,0
275.1003437951831,170.64718484349527,25.88528914501463,0
287.06465536344376,199.10976369755122,27.592026978735717,0
292.10735958079465,110.23812378494807,16.561255552198627,0
483.3989362005122,91.70111790123943,29.51191057896256,1
369.66685043260145,156.79410841192697,24.792697405400066,0
123.51356466495514,86.52929605175791,9.498933454442927,0
379.53966640476324,153.2664874251543,7.773152663223168,0
309.8712423148892,187.2060971069408,16.50191154329251,0
388.85098817957083,81.60452586306627,10.12783724451996,1
365.6896009168673,160.75441145570824,18.084760725940573,0
130.74760832188895,147.53030353889073,22.700588946536172,0
437.30366072750815,161.17932233114132,2.1855801306566023,0
141.24401641541024,121.36502271785697,26.511282501526406,0
405.4662200396291,131.5026990153705,25.04673447951019,1
371.105056404025,179.32971592373963,25.095558421291976,0
258.4133999250421,136.58383962245819,4.205505051824439,0
334.8550232741261,194.27832315598934,9.819753833751586,0
239.14006808017552,136.09907040417272,15.56595964774255,0
153.59614092327067,168.3343673698676,12.468235036703572,0
448.514375009516,94.32992524893905,10.936793912762937,1
431.5767436961314,73.23514713153133,14.742285353843362,1
412.17123132624727,89.86640677741084,4.4808566658605615,1
186.3559272019569,126.48797665186625,1.6897413959625416,0
109.62197149028418,112.21082144203552,28.39633830847736,0
166.0872429625068,116.92389985433782,20.435449836199105,0
147.23858781405875,119.69007791974545,9.249996950492942,0
120.74495124900281,163.9378469295197,29.71066426607745,0
465.9697733347373,189.6055191649655,5.9026869067677765,0
290.4196199158918,171.56109466203455,18.668587228893763,0
323.58372361891026,145.17026768142614,3.171697289404067,0
166.0439899826307,125.57198694109904,5.301515710017897,0
195.93024343490794,55.99693075436554,11.920807400364245,0
250.70346847357433,60.27353388923721,4.464417066040294,0
423.75329779966864,194.9903023025933,10.049850853211927,0
444.73194378705625,82.3044232141034,22.202416433089603,1
128.1550117896537,63.807677625427644,13.933137838774465,0
280.9514015954787,121.31685850594258,23.605553979841194,0
403.17071493335203,96.11563264231927,8.078489888551731,1
123.45289007004098,157.5172123050035,16.845560615672973,0
446.7094824015269,150.58887570091744,16.962010391705633,1
133.14286040665667,103.61872631956356,1.4173258785441836,0
241.4900272321956,182.81185807536164,13.728520339905437,0
114.27883507662769,66.57923330743844,8.528800004621315,0
459.6086724296954,143.84413706596473,14.683873101397001,1
306.63768155133386,106.58917636171103,5.415110865040457,0
418.35841287251117,131.51911712708608,14.60650536254824,1
154.60093801289636,99.7239065183135,15.527480251621405,0
182.46461477423986,63.88905433468381,9.299251595722087,0
491.2991303265743,188.26140694997213,14.164874039998248,0
201.22749937418396,129.64034269950278,18.518418539734906,0
110.01456812309667,126.80500963791455,17.953699244413425,0
326.09022513643686,182.68368866717205,2.6114533109218643,0
334.6160120532279,140.71567575090398,24.484953716032734,0
418.58421689187026,191.8259140578547,10.951284838654383,0
208.14348417746743,95.41484819412013,21.5955697555622,0
489.6922538565822,195.94268466975512,25.248211503643986,1
288.7928986790197,158.67141864365692,4.089625353798529,0
445.81027253072483,84.70393366894098,9.210077630995345,1
110.42356220219767,164.79051445101663,18.723051719870266,0
306.17626207556617,111.92849907678414,29.61859447121004,1
157.58838347941176,125.25527142923372,11.842142414214416,0
307.7058525893059,70.01449707788333,21.799359031719554,1
165.73669778054426,115.02365039311417,27.782388503983668,0
203.73675058286585,183.64793482060495,23.259617614647205,0
379.5515647686775,109.88504587709457,13.985930077398283,1
259.76329487858504,78.2755005966288,24.147613795713983,1
475.0002001419721,80.66932099381704,25.66926486936761,1
288.75510147144973,67.70194688668515,6.435608308420523,0
210.11323353409898,95.8693778045772,2.813026023272723,0
139.62122790306086,95.79480048782312,25.652421775272526,0
147.00291685370559,178.74530566778083,2.984831945303,0
195.4246653991448,197.72037738911837,21.365545370243876,0
459.4540059000719,65.99228828819267,6.040380675935186,1
117.87483791000852,173.1104399074062,10.66671503436352,0
452.11077402002866,184.28273523944793,4.846705039686822,0
274.06904048152967,157.43602870746088,5.911904131252087,0
115.86598719927625,97.00099738473702,8.671788710075175,0
468.2821898201413,141.36172259463171,13.47214447140002,1
279.09762636647844,175.1990589767591,17.221406691602148,0
451.1255956869675,168.20725871084034,17.19010535731607,1
349.67706564679554,90.3704524430233,25.04938705095138,1
217.27283978837076,81.99289440010517,25.6245886638167,0
388.43238738585467,102.95303314432543,3.636660487686606,1
410.20407563703947,98.65247173478379,26.987120544331532,1
380.1059988525739,126.994524165704,18.297415757570803,1
102.38980424135119,146.79480120854788,6.3920470244544685,0
241.51011912454558,178.22377682443823,11.299012673182073,0
319.003518208204,130.54626267637423,16.87650505272579,0
459.361835272933,110.98303374551557,18.011419908315307,1
118.79052498636091,140.42219650100947,14.454878737638477,0
211.5362556414515,105.77163499606016,8.443994109568703,0
466.4911470238791,110.49726804449509,17.639861163246874,1
345.34703873889435,152.7649239473746,12.740863058292186,0
262.2961194557438,79.85798284072922,6.089671175154933,0
187.7068862460148,70.03859236742449,23.31595846514861,0
360.9868292216872,145.95713432149424,9.735035626820867,0
190.90921644092612,100.17815224837764,18.673664258856082,0
358.9881245255341,169.29885009015334,7.150452198761215,0
105.43412443109901,125.21596922983217,20.734956047112394,0
424.48738373196966,100.87150720457859,21.968639822956643,1
405.6370730827902,80.35765568689462,26.052460247624012,1
455.671838453889,91.28304606226179,29.617628309298716,1
469.7385126197268,52.82842749916045,19.517271419542194,1
483.95276266281144,174.51699065030516,4.727666867657072,0
158.1086860156374,160.7756883866142,11.63176618265464,0
164.4453241698808,178.3480802777422,19.338801725730175,0
251.58349645860687,70.81143357066985,17.93718381131165,0
288.4490256606627,162.2722343906592,14.465257134721329,0
116.07561622756886,134.68430603258514,22.966056534913456,0
457.71962236593737,89.49798392011115,22.738538267928217,1
105.46162634115434,168.19440120662188,27.887617391206145,0
459.31714298915904,154.82026341365764,28.35915688188496,1
224.94710948246666,134.50567459236606,26.50976000238217,0
303.3370739700267,128.98042905138493,10.589184416259855,0
123.36838744000653,124.96164872285962,5.323190942731446,0
204.6312055208642,120.24496108810881,18.32922143772624,0
185.7957503991308,81.99350294905517,7.602090592859666,0
351.70965245542914,110.09324100848687,2.6201821768575435,0
137.18543025702178,109.3660213930485,22.95390218166179,0
445.12860394368704,60.967277175175965,25.15749118243263,1
412.3273554796934,164.7037925203838,21.82911187643259,0
458.9382982082025,107.7538313327583,21.11055150649797,1
397.31204627331,133.86737984475675,5.235608044214281,0
302.2166740164083,124.10258387492493,25.150878304725538,0
130.5602760231702,185.40899070074056,8.376093134011345,0
345.44975740781814,120.79737339976029,10.507927971384463,0
261.295311532675,150.29089702776815,21.45140308509979,0
252.04505698557824,162.62279958546065,6.49559625338831,0
301.5762176743378,92.21364457277998,20.763632459869907,1
228.9605041740853,56.22489629096486,2.588922739718643,0
203.731294704493,62.87872548253331,21.25153461625649,0
350.94421617980487,131.7612010031723,11.03294104856094,0
298.4513133820665,64.383527310896,16.301826897470452,1
472.40877992072905,86.40192731677129,15.316924761920893,1
107.67715844259644,180.66518601394074,20.509907642969793,0
468.42070255992667,136.7360883943659,18.30437192592826,1
167.55992556947402,151.92953457877962,18.180444216988498,0
290.0898000157333,163.88437865733863,28.64371597676867,0
152.5219341115485,110.03137028229594,18.68830006091613,0
355.82964965823976,160.53251713000367,7.49606413719222,0
453.19075015900177,57.52090824965351,29.357683563934554,1
489.9693783247328,134.2192088882894,10.754248322878283,1
441.014120014111,171.4629132998325,1.2667824992213461,0
263.48819475309915,192.51182109658862,7.830436079278241,0
180.59048939521128,129.67486717628205,25.93854303012085,0
456.33043634713084,69.58720131059313,2.3833698713631253,1
203.91943341282627,131.95699872459352,9.927819748863316,0
376.14500014887517,79.92850796162966,14.325881831848363,1
117.04571913972357,63.25557817487643,27.25239926508715,0
167.9899685821006,174.67261386756618,21.530710407937576,0
492.04461959202536,67.79637416309785,5.729147206175599,1
400.0891733383966,78.98356631648922,2.2466811930344583,1
471.5909134033142,119.00451006320087,19.5411188382024,1
430.26491791297576,161.64153393869321,5.52302669115696,0
335.6884318725506,121.01017267819904,29.29416974613919,1
160.89466448930082,144.0598854567892,10.304797031944412,0
150.37442710579802,167.39237938379716,20.816328327159873,0
398.0937945301679,161.67005040401398,5.9302854914802445,0
303.1075735732833,182.17341694331344,14.937574350884583,0
462.7377575396948,87.12908254792097,1.827517882445067,1
228.82982295393782,60.35999130717833,20.48178637494765,1
445.74835214292665,154.87809571341592,1.3312774647837622,0
152.31179365312926,159.68657437553355,1.5854985680108218,0
335.769403005851,184.30686133057603,13.191693406242766,0
459.39305031040095,198.0484449357125,5.108413252085253,0
248.48184912339119,63.60905959077456,7.149287125397662,0
168.9046987363577,140.77362755209379,19.38811636549798,0
409.2725102157764,139.32229951580825,24.881457598934674,1
448.58002555582544,94.98696606024886,23.362060846443498,1
128.93614283429113,108.77499801852765,18.997029801430536,0
233.08832503991198,70.38749797251049,13.897146603353702,0
362.51914390221657,181.50468231672178,4.471600458873718,0
376.6235036950904,181.74296997126194,13.462083546189277,0
414.9563157440989,113.4901557861928,22.590479634074136,1
316.77272940932426,113.80146853046597,12.327444545029197,0
241.0229305951669,194.2854809952341,24.713082760003072,0
312.7728779577158,106.07621687732687,19.277516187832568,0
497.3125699331032,95.22480059471738,16.145386364102144,1
263.91367206498705,77.75539339489735,15.68048964816962,0
207.17639821365097,98.05849202572269,15.94117134816435,0
231.29615868950233,168.06266605828563,26.795173127177875,0
282.9551051756697,139.56046404937936,25.691329695193243,0
138.65714832893573,54.996767421945364,21.441372748463913,0
383.2481394749574,71.135710827019,11.11210842329013,1
389.8899219179023,50.894782676713035,6.194438177622931,1
103.40930024500507,170.19474309300045,10.21797755364148,0
300.42770201658846,176.9361196487073,8.499125829266745,0
409.6387232608772,151.63142773606046,5.167102517891484,0
250.0245523547852,152.7662107504903,7.226320494883982,0
357.4835071808458,164.6860832312367,28.270264066934836,0
281.1887717893934,56.83971385088955,15.537866851643473,1
363.99613885808816,195.510860061643,4.091732004734611,0
314.0626675478149,167.72216239437137,18.36726412175254,0
379.39765160703536,115.94965761102101,22.869650723287545,1
356.9067967619353,84.09921854697916,16.8670246092329,1
110.76907514775004,146.81880210100633,9.347822378650214,0
394.1935689550466,125.2689137424905,5.134179218897502,0
251.37349629425935,113.50273902872092,4.771525656283814,0
371.31842369857566,82.34443912064165,9.101364105393795,1
429.71930581919565,174.76308889816278,22.379931508627667,0
449.07405318271014,126.94353959980103,15.150616487508259,1
360.971393589001,87.96792389171395,27.860676643427325,1
437.17065813998033,179.91542512115808,15.557839417469264,0
129.2096348961705,93.689734550866,20.639126307568883,0
199.39387926731501,162.74867520349616,7.195920264658714,0
195.9371038643411,150.355551877045,20.452077790891558,0
428.90141491586195,166.86577961293224,12.58187527811817,0
189.71975099980585,56.182342037575964,18.618254613214283,0
328.8456317086375,139.18510601202053,20.653964989197583,0
208.23704956656263,108.61812265826143,13.601520605667238,0
319.20827161225407,65.4616617307033,15.978806064523251,1
231.95254474142368,169.18773049994942,4.531564953176182,0
180.75004425138692,103.18021946473084,14.739192696926748,0
227.89958315754762,144.02810107216686,2.2756481791337,0
253.2168862286267,60.258093733972444,14.330693248932622,1
186.05660671916925,182.4064868573899,13.782755670784349,0
121.46470145086016,167.8960455421707,21.27978843487264,0
225.24289904845477,155.61887154591105,6.600095014971245,0
463.88365135267,119.87825706365895,20.543575829161963,1
113.12131420796922,142.2724246450827,16.738662376124218,0
450.7359726210443,131.3097798622914,29.90348281262778,1
232.0810683408138,137.2328223333618,25.531133421379344,0
477.14992279696446,111.14647053731088,20.48706704450142,1
312.83068623774017,68.04131426241716,18.46998013971496,1
210.8135626099721,157.2747999331208,28.22743000822109,0
271.9305752111608,175.91581606079922,21.64644882736775,0
414.0590873924718,109.65533443840431,8.231278425960006,1
491.6918690665982,196.0716906298443,17.853480544926338,0
141.93586074153424,180.77076524327765,11.99135944050185,0
265.1836954036401,80.46196922583452,8.045090801525756,0
393.52998372440265,174.74268715365116,8.021443471219596,0
449.63519755890735,150.31024758102964,11.871066176858816,1
168.9697389011975,109.51566589896808,8.200414103233832,0
223.7366214297045,52.88757666045265,13.327806835461507,0
226.42979161543315,101.88119938462884,20.491324235618592,0
297.71614474525165,178.99691759286068,27.796967063393122,0
427.74653724481306,119.22558318352168,8.78099891998677,1
193.45351129443947,69.08506155838118,3.586340651045924,0
430.10993946593265,174.03974449268026,4.121817951217085,0
281.0985367126025,197.70053973930592,21.56622352969585,0
486.4417188710406,137.29106314346524,4.124267676248443,1
236.35699180636337,174.55887444512135,2.476706333125171,0
217.40547375594375,127.6243371547718,20.29394887311077,0
152.38018150936728,143.78012224678417,14.262788107208364,0
399.7681606278729,199.36773722550902,7.494889251240128,0
136.95554698810625,72.66757313282764,13.69337622955802,0
228.99341436550918,193.27546856932656,12.977738500441092,0
301.98284261791287,183.34169757061468,26.563242282630718,0
297.4177633666291,172.86622180448882,2.403788404778677,0
371.17909709202877,135.66171497721353,26.40067122859231,1
339.4805959282288,89.19339753639622,4.858413163873835,0
214.48768421287792,165.20625288170422,16.94903757427278,0
127.38667512463823,127.39080742766362,25.58477588117436,0
283.92887145596865,185.79215119823724,3.149002011718413,0
270.0194738254106,66.34864181081082,5.420506105090303,0
318.7996570793355,125.75308519818593,22.319821530757306,0
313.9446094230401,142.93011255317222,29.3688952255159,0
479.7207267517614,143.13757539361774,28.035351599109802,1
450.4734347675583,99.68720888627097,1.9672096495351705,1
473.8371291700096,178.3163250364474,10.410548267633274,0
374.21419552751576,96.95168302850155,13.774024921105937,1
326.9876668570955,124.11486942856237,26.683699722335867,1
292.60282121290174,115.1401948763312,5.167204961804908,0
431.0836638498526,181.2369484200838,8.229065293407125,0
493.2956203296315,199.729703848988,6.053639849105445,0
162.54728220715782,129.80285657765435,17.219743308421926,0
105.34992969055227,124.0783683463523,1.32610908922266,0
389.3711991208501,54.18495208363428,16.430382712067008,1
128.6585447432652,151.51348604209272,1.0728106814669718,0
280.57083490303006,133.27635902535513,26.927416057082148,0
457.6794415091231,85.81984048922763,29.131965875919374,1
192.97622515086243,172.69173588472933,2.7906023984415285,0
166.09426034708298,173.11104944390385,7.864272698975231,0
487.4588588585166,116.08068498587781,25.7066044200414,1
344.9937530407506,193.54580490082756,12.673291826788832,0
222.32944549434995,112.39386864982907,23.71247192472759,0
305.16393174509795,79.86834321564933,23.39212631631538,1
243.58351410592127,118.74748825879483,7.071297688060261,0
176.99644082609973,170.66598638189703,23.67564742413761,0
146.23455842289474,132.05234248429525,18.729830868458507,0
147.33189399918828,145.52850994756096,17.015012481905618,0
300.87586036031075,173.31129031113502,8.350987852748862,0
410.17563352221356,98.69253541797816,4.834610813420513,1
426.4264834694207,88.98495754765457,5.072048682067326,1
441.5523684811063,103.0588494411246,27.921604504338998,1
389.8249610021443,70.40060698141184,24.20550031563368,1
271.2190221971188,57.746396939183825,10.640168495904659,1
388.4745541881952,131.1836336672465,5.807676555345794,0
349.55222134566156,191.15863525570828,13.58663740549253,0
162.93749910238162,158.00309643425445,21.597419322123397,0
192.76561112005695,153.96245198645224,12.955501580956048,0
159.71165584751353,160.46369089545,6.843306707704422,0
349.19628592267503,97.77925498873068,14.303458352615289,1
380.8974060925955,133.97603757854404,9.03969094157103,0
167.60195586772846,119.79627078858191,9.117300594082366,0
227.49663483136797,120.55303673101265,2.387985307096768,0
448.6048237919727,104.7389070094529,9.720173323635425,1
475.66418303764556,109.00582161025343,29.602655696524792,1
405.7354646863929,172.2958360678732,27.01905075470169,0
176.1464182855993,69.13607313050703,1.8245954188338254,0
125.14348390360337,75.85269405265957,18.441605383495855,0
178.7694506291805,107.07691774405623,7.965524435648832,0
353.90774400529585,125.90912820608747,21.523903544073885,1
468.95405663227774,169.07976177234696,13.658828982835875,0
133.98396784805797,65.7855533911207,3.611202085755329,0
202.1070980947772,63.576565050334196,12.176366548060354,0
198.1693253045877,123.78386280437158,11.09889518644003,0
279.5004923319866,169.51999374058178,6.21809390081148,0
375.8022466692096,89.73662009212808,8.121832921850585,1
169.78228687190415,183.26085398421992,17.024041959143634,0
248.6847862800385,67.19032677982935,25.060152881727355,1
388.9941747505776,85.98624814252614,13.75344826331489,1
154.21085629308723,157.4092495503947,18.438017384146736,0
383.2878012117324,55.18764309387453,21.584583028125643,1
491.050684321988,86.57760608213952,11.245270632278466,1
305.6370920451167,106.357125127619,7.879257579031398,0
172.8691614845859,147.22827383383543,14.862568110962167,0
368.7084463975604,63.31816648155046,26.357044796131728,1
172.0816224592366,80.23156318642529,8.969675115546352,0
258.94459759248844,161.31373481163155,22.028765788636793,0
384.097791507954,156.576737281774,16.338372643735255,0
158.82925924000972,84.3481317978229,9.384395869327717,0
319.5276201618089,196.41997338821534,26.900117597611864,0
431.7850990689636,112.56101347629175,1.4154237218048946,1
367.58126930206873,150.44188511166794,12.722766558016254,0
236.611379148901,56.94375788276485,26.34866347519116,1
229.45527226073756,124.53451185462713,23.562389682403357,0
463.0538150651955,165.77896919318894,18.411057238390914,1
405.7952350701097,79.87967407614983,11.742348554061588,1
326.8438444495947,184.53001041335565,18.256499408653532,0
154.62112419155142,151.01964815841313,18.649720456291448,0
445.4027764227747,99.19436986295378,2.580980479275833,1
332.25654053928383,165.17428754247973,15.051875180264277,0
285.5118086478469,79.79936285130468,7.997080001693581,0
308.6164864508984,181.69864634383302,15.456109135214895,0
156.77378974485197,91.34391699658852,23.606874458947413,0
489.2658365920028,59.7226185676961,1.6903450243929572,1
153.78022755024588,55.53045055086576,2.363049008043794,0
464.89409797991243,91.50470811986293,19.744614358400366,1
351.2655327060663,146.8540624064425,21.4372222527161,0
438.4948023647625,159.31313176983718,7.338699461218681,0
183.44350025713788,183.78240662254126,1.109513913713217,0
356.01348872044974,104.57924523074706,25.006590151953905,1
373.32440233226947,111.23561912937855,5.154424059087661,0
147.97285187409125,162.2311665259095,14.202381614816794,0
437.94086210438456,172.89745939643853,27.071555372618416,1
499.0307969835949,162.51867983116298,1.553628338960149,0
259.6838633738346,54.11092122567046,16.13281439555334,1
344.783948474049,53.58490563389426,10.017082410338702,1
462.7719688539284,101.78676956053482,25.287797872685793,1
237.3995392088526,64.23477668178273,15.836633984327227,0
281.0838489017634,62.77617333948553,6.751319291029938,0
413.48829047444593,165.90615863807813,16.889168192032006,0
191.43630237943302,185.25905318220148,27.88705308619296,0
137.75627659657434,197.16868572473712,29.815447290853374,0
239.38097645282318,82.52303177784287,12.257460494134467,0
392.5208927178413,158.39512342771434,29.519008602551683,1
203.4697396154319,69.55313586705194,25.905672189073968,0
225.06629996791384,73.00747297579134,14.839027940037896,0
496.5548787357328,105.483977865544,3.147240508074063,1
383.25447985421374,151.5041644912597,4.940512940492857,0
292.0492377508116,152.0905282771127,11.18017003159646,0
384.5507815352957,146.75208802320418,9.520253622401814,0
272.93270210326546,141.46324527092978,1.440569680616415,0
244.25118808941036,197.40360919659182,19.420039632964468,0
364.8820210865168,124.55798862158127,18.610742282824894,1
216.97688055245857,64.09540251104349,29.339084198299734,1
317.7918037004397,165.7202802032598,4.753512992222953,0
159.0986589149722,184.43725561784044,3.09815247838021,0
410.7025084181065,73.34498697905104,28.657794991375454,1
350.837638327121,160.627901856152,26.31575049320612,0
465.42559023451355,167.2391797127213,21.397311447643027,1
245.86952042170194,65.55050986633003,16.01695230699689,0
254.78662283133576,148.05961596220232,7.364154683614931,0
398.7160955578302,162.45308022607693,17.381472962495042,0
224.2168714338621,92.06237911959136,14.402352421994589,0
120.75667260788717,132.95295552508486,2.074745831677702,0
442.22411806106237,138.6168870735663,4.167749099130533,0
198.15905595795167,182.93578296705937,25.11831766669333,0
331.92724548253204,93.94195741986053,10.07809996440582,0
440.63925967601045,116.79821289769053,1.5985172855676173,1
117.62912693152221,110.41427303618687,14.81575032067941,0
130.0990970421427,143.84008640181628,20.114287717141412,0
270.9370218309891,151.1160967647624,23.39118742624877,0
452.11819061342396,79.21557474583265,4.865223019329795,1
419.3959241160829,188.53800117276035,16.2950424411695,0
479.73694384565425,180.39220807680158,18.675571842550216,1
483.6103450140319,90.02069564456174,17.663814079760208,1
389.8466290997582,198.39794988952318,16.274029289381772,0
337.9296828596447,158.82798029289103,8.688032234987816,0
283.5200193717527,106.60398333200838,13.684868371695574,0
347.8943541541702,55.17819845465336,16.595309065704615,1
182.51117595720538,93.64368867965358,26.949727204057258,0
113.7198478759839,190.90038714551937,4.862714912409048,0
472.5848561291192,193.6557159807568,17.714868027311198,0
197.13748238437128,62.223257633538594,3.5775951147372043,0
434.5232034624108,196.39127167802954,11.962506782821299,0
441.7074604609011,142.60931855941706,26.05346349259441,1
440.0929086591023,62.151566507918524,16.540999993323197,1
272.56798513406466,161.41449829202256,2.0914379625537745,0
326.0555121419286,56.78047727655791,4.869064465422014,1
348.4806749188655,192.0473251190032,4.597785104941595,0
469.77964410301246,165.3417008448665,17.301392341166366,1
490.39887477760175,158.68559623362847,9.75090208641639,1
439.675155054155,199.43274123491372,8.52824195872096,0
440.7113255322223,64.02527333416687,29.60987024311374,1
489.387163393986,115.65143573441536,12.628066048922646,1
234.13244488662875,60.18308876852518,8.578013493467257,0
158.49404216320625,141.06209466330938,15.62255990598557,0
122.42221069932691,64.00743073116536,21.87040128016293,0
472.9684477712001,152.19152206556214,24.772868628422856,1
464.7257821229772,165.7630059970066,14.624356741100371,1
221.89668486297074,128.08570334400633,8.64684977274801,0
229.3910199739688,156.36234443897902,2.612806327826583,0
109.32280723756679,156.53867424638207,6.555538325655645,0
115.06173021672201,54.19482718994589,7.712399710284677,0
159.64521645791393,92.9937332154477,21.135688479267607,0
339.50084562918596,118.45668830036097,5.961748136993459,0
402.7772479054376,125.19343898563093,28.79332806434054,1
129.4271183775365,147.47534898523952,3.9129746387198607,0
432.4189628993982,182.41173269940708,20.843166632224992,0
459.6659785514338,164.82577531220187,8.243192270427624,0
411.44027632543157,104.9284007565717,19.535380629351444,1
294.77257642807376,150.677849364446,28.516094147180223,0
210.38916246839787,185.63866836517863,26.934638450463837,0
379.1524681182307,149.96502430524635,28.249019846622865,1
257.4397493137219,124.31916284828498,8.229377906677882,0
257.6213844506002,63.60980269926758,23.21377237453532,1
202.25288967284024,134.61043485078181,26.442373893440458,0
241.54802758716295,70.12997159548286,11.826564154056578,0
443.949510039178,58.332212027565966,14.566043292894813,1
131.87800052890194,178.1496715091049,19.7379435270058,0
142.03194610755983,76.37097448198706,13.737828923245578,0
340.3257604300287,56.98219741727592,3.5573968084995524,1
360.15524187642507,88.53770397262814,20.042425544589438,1
337.8325928888793,126.1067589033068,1.4590976435680516,0
183.3092116365662,132.11472724874147,15.946926481002945,0
350.8203076692024,87.58047171579406,1.9510379961176145,0
174.42383838330815,195.8171828079757,19.809179298984823,0
447.8605532204389,135.74520811879052,3.341893497268332,0
418.32813169038144,89.13315737184773,22.739966774060015,1
326.1569669649941,181.01403260403532,29.647211010818804,0
160.79026433709322,170.53026530270975,23.039328121108944,0
426.0272343534233,101.69073416144036,4.557142375328389,1
491.58717219387995,117.16917442497217,8.324382944880778,1
414.73449279988216,155.11943524340435,24.58798786248081,1
410.40506275811344,110.49986211351538,10.818946859994412,1
293.6952065564677,194.39416370966265,2.6724279705346605,0
135.9182135147369,146.47041623412693,1.4584033603971278,0
181.35610549764056,148.90825075229782,17.88793280090538,0
439.2611564753973,199.82638565079046,24.607793050380657,0
165.07059316400992,186.30081498694543,11.337054297790637,0
265.55943570223053,110.45790602611393,1.459503760916844,0
191.77348870739098,192.41457488289106,8.093236788729701,0
427.5930803675224,69.17073965179642,22.762496716795194,1
200.47476436733604,143.4769765416424,7.429150681140861,0
269.9139551470108,175.42901254626298,16.492376344658965,0
134.93480155179867,143.2735713714394,17.940411996468892,0
401.2531938595571,179.4868470155969,15.001305682734667,0
162.07004491425639,192.60834443402834,5.671668501557292,0
486.14467745271736,121.10434903743611,5.558949205660602,1
324.1194458547097,166.19271574771156,4.51557880306459,0
393.428858446259,169.68626211569892,15.339739581244606,0
425.77627781071266,88.69363872257905,13.369286579861699,1
109.21752068021773,132.72437880774783,21.942180223610993,0
281.91240594311705,135.90843432351403,22.665781572954135,0
253.44882534365766,141.70682576965493,25.41519022961828,0
326.7891860278578,85.5755612195515,17.704477962504203,1
199.3963901788992,71.81716857813053,16.981404855751293,0
235.26118392308112,168.41563644796219,15.946115491700212,0
195.68513876342752,57.940027387542756,26.039946995037134,1
376.8860848772686,191.3683361075055,25.121766517374105,0
223.10120577273133,170.40709366114683,25.36021176805286,0
171.31755390062182,180.8680729704557,2.0938307627858324,0
429.97719588845507,105.69610845880419,19.12895196665232,1
447.7573178281307,139.0774444764973,17.516541178693625,1
470.5998090750475,135.94969750658584,25.685773679671257,1
427.5668250704809,85.54346940019168,3.055698709519712,1
408.33282210106614,138.61372376576554,27.519059758674373,1
107.20750994655646,177.25121089843063,29.006293504733552,0
303.00626096572205,95.14041546866196,15.789775588986974,0
103.87419744130683,71.11271566886198,24.092451168248825,0
257.51857070614204,181.9916185890739,12.60617521209142,0
386.1571474359596,163.1878876583842,7.2689377264237125,0
122.22226487109573,167.5429797737237,27.67892741122982,0
163.9114295273522,198.83103368410409,2.688219741523877,0
408.054044674066,105.94199156326009,19.420631358010368,1
177.14999371225667,93.68309950208217,22.657848504634014,0
272.8433192977523,76.63996175181097,18.770828331139736,1
420.81312567076503,58.491637030752955,21.755102718236426,1
217.7378995993043,158.40776320689457,23.050638546650486,0
364.67161615391694,170.17359515308482,5.894367205673064,0
430.5078909586258,180.8807864809426,16.041640335345775,0
139.19176051524153,168.67222555317827,27.245830908544725,0
203.89251792509134,154.95521913123767,29.30818215380367,0
243.72570925426666,112.23646060558468,18.81645404633481,0
488.74513444588274,199.31368500204346,25.341726235319022,1
115.53751483904647,56.07687331962833,27.07701355442514,0
199.7956977616757,73.79185590741449,29.739038078498766,1
445.24871108830575,87.11385616781095,14.788395607711525,1
375.009909265762,139.90210110686752,17.847715213623374,0
141.19254477595732,86.39118755110067,13.077684249458356,0
192.02699746655773,127.06451537566018,2.8613094326918693,0
142.9123038540411,152.3177634757488,8.097975873511334,0
243.0040883555768,83.9159291422113,4.470245225586474,0
137.3964865435841,107.18557621346612,1.7701887270019663,0
135.3760392254935,117.83522698808142,12.731593363652694,0
251.32041624199823,82.95769091983868,11.933862426092901,0
301.4552860364522,71.60862925173365,26.38480899828526,1
269.1810834332117,75.52907813530052,28.45300189943933,1
283.5213777996055,60.26978040065031,2.3537032740184807,0
426.19445210196744,150.32999093883592,22.064383572868746,1
340.04694597504965,66.05487545690173,20.95846689262347,1
171.063133086514,101.73866225448155,20.672858547910067,0
342.67270242199606,169.51720954966683,2.674344839046533,0
244.42164697352723,82.36266135852742,17.444818759814943,0
180.20527970643747,58.2209564904756,24.92219907978893,0
350.77739704175974,56.21579016493483,21.591980710747944,1
266.1351406659578,132.61824062550446,24.266442599991855,0
308.6657385219263,157.5064321601343,16.219429529778665,0
119.89619907039742,98.92343539592,27.10625208730083,0
165.04244568777756,150.50863553867003,25.683137249026593,0
297.64993804885563,172.35218210628756,11.892643222083993,0
446.87966223078297,72.98279119229844,11.543789252003139,1
269.67084839836366,81.12591502723883,15.309703754727634,0
494.3269786577059,191.55285221507782,4.6559867284595,0
300.37988564524414,150.17669506854816,5.602699367160087,0
120.7530807581291,122.58084613227433,20.08942298289827,0
328.3135422531901,91.08211442636122,18.24868190008371,1
373.704015671283,175.6753952788183,17.321548606956586,0
450.6295826567793,94.89452289418412,4.945463460456937,1
317.0609110203591,61.3674001812894,9.213022730052238,1
233.58256934363774,62.023957517185536,29.28187937631737,1
149.7249417569634,102.75829802866895,28.07288005131727,0
303.2900829246597,182.43907648267114,22.957550352652632,0
241.70724682432464,101.71262672355813,4.547019485820675,0
321.7835451869874,185.25688107795148,1.9581709750686664,0
144.7343117812435,146.41409737399317,18.927677504892024,0
414.1050087235533,146.59260629530758,8.525303035398835,0
453.18911800491344,182.1508089307766,4.316339226224848,0
228.8073380164648,86.00856415303679,29.814121713766507,1
284.9109419261963,118.61077049725101,19.76126329025888,0
330.8051540759685,69.08408002926771,11.321044896493023,1
279.4624507521389,76.99880406138854,6.406353993681442,0
312.211304293035,52.413780625497544,1.6595462884713401,1
248.60274361521735,75.08656071791992,13.709673148784665,0
126.70655997355755,192.11410188757537,8.742695580876699,0
393.11789800309305,196.14569162718544,27.17853874938954,0
217.58976992815343,165.85854091139103,25.147142504425453,0
126.78550735035813,97.24445887074327,26.370267252587958,0
110.34870376221923,168.39712368604972,16.32588655487154,0
212.35346416731429,116.39648094975401,9.507211129233573,0
486.17885867285986,174.12387540794248,26.7548747957654,1
222.59790985999257,184.46791110749692,25.357342250519064,0
380.1358526049039,178.69399303105354,17.228254916158043,0
331.1722163519317,123.15278819208079,3.0870485098038065,0
349.6633081592766,169.99132582479467,20.97030336980279,0
266.31949446194994,131.85139487224342,22.54990538220796,0
101.82531843241355,148.27662109964243,4.889774104215444,0
196.1586768860514,73.31629233714888,21.29624030130178,0
282.4701289749565,116.36127193479382,22.895515098649135,0
257.9290100424108,124.96952563757768,16.027984820633037,0
225.56923766323956,59.09509883283741,4.885082115533127,0
374.5021750304557,87.55790274712479,21.008063585277085,1
154.36842251842245,134.28792739762247,17.95305750013332,0
275.01584659114496,187.95137754525123,6.152334911636641,0
260.0801662147804,99.23173777085286,3.847600324921763,0
422.59906802490985,127.80076695983334,20.521518740144778,1
119.70230934997682,158.7811175404235,10.358171110964564,0
301.96920213320345,79.98520861688732,28.104681702658766,1
458.7245488944034,117.74460413126504,18.05719087458674,1
126.4915570779655,57.957261520523026,7.910935919276484,0
227.29179905819848,81.38281916225704,15.25341097837384,0
206.81051394277694,177.55460672767603,1.7909083904376284,0
482.04953365568014,132.43928034474493,15.857785127000726,1
380.7774809240496,134.33067442199376,6.28655232562878,0
218.14115445683515,60.07422716485358,8.891678540135771,0
118.9638994268841,117.83488780806108,20.34409913597123,0
172.05344834527327,167.1083034975117,3.607054655408719,0
498.22465774652875,58.68191279388188,22.718059500972668,1
178.62772353419655,59.63704373544139,24.066749341188004,0
182.9386558955237,51.48154482779741,9.740385149585869,0
240.63500190200494,108.90005779918087,20.786083087120215,0
286.77322701843804,98.44629613830901,15.290107503269715,0
327.60576817672677,54.9016622865096,11.136178131615805,1
323.4548031049258,67.81614787033617,12.032499021946908,1
370.052339637814,197.2330820441676,23.70236238071636,0
398.3452825522173,141.3177742461072,20.062808583992776,1
399.04428098427576,104.84506634053334,24.974185435322866,1
168.6557194474828,188.01832683670827,5.81828266612778,0
365.4719768560423,131.79053572997833,3.4201752730680033,0
161.53968210307275,136.7882150704065,13.620742080666865,0
313.7164285489194,72.03551404745987,26.385852726628244,1
390.41756625341753,142.51917644811533,4.207941820746414,0
101.40861835088226,113.9616867066135,22.22202721784021,0
327.5652441689622,92.60080360700675,15.675145924653147,1
300.89620087355087,174.65612111568555,21.810359303257286,0
243.24789601964616,141.6682141097347,1.2643640644736942,0
225.02566741775513,113.70235468694733,16.5659256934751,0
264.6588037555506,107.94205624501573,23.58719528473361,0
369.8289051941364,138.73905367360493,19.226058358890064,0
390.1311688542841,64.0445998136636,23.17844831629662,1
226.21904563180584,63.900275813723,15.8256120072674,0
171.09145012947002,101.31459038495129,1.715818958025211,0
297.2220572666912,69.30722693432801,10.436333251785925,1
495.83550811066215,110.39068901930021,18.8363106906709,1
419.0912180844066,115.90197879880377,25.453669421050954,1
484.2201173668874,82.58439284760826,14.847385398493964,1
437.43680842835016,126.500575728723,29.486209415535633,1
172.309699296386,91.8966071713331,1.8653226310401594,0
484.2336961186184,182.79172329499514,19.949286242929674,1
364.72811642972914,105.63787692007222,16.534050983143892,1
128.72419657394295,146.4320482523293,11.546644874804729,0
305.6493211133519,79.47946934352248,4.5897192602847765,0
441.6893042762732,188.66649960529836,10.540709379281022,0
193.88356094696286,175.16916656153518,18.056360132336675,0
346.4426192026946,146.569460382125,7.560842207129956,0
220.83099306837545,54.206549593328475,4.418145329215843,0
137.20883491872,98.40435830949069,22.50040610583434,0
238.02654462940868,174.00258753068528,22.05370847336777,0
387.34183310970167,189.0999191838353,10.480093363000366,0
383.2721488967247,142.97445026486895,8.040698119029335,0
154.75283571077483,142.6320636073778,7.79705911275345,0
402.7623610772056,104.82523529996607,25.23509723388075,1
104.0164324964418,144.4892042422453,12.698277341420567,0
371.0214311529998,54.74957581711974,28.443405235581075,1
388.3507076634865,85.76466966885803,11.005963908972605,1
180.78644391904703,128.12669231531967,25.27157268244818,0
408.5638564859353,186.45425809197377,28.931704578417207,0
433.8110970138705,58.544187186209214,21.405522104418417,1
280.6780119699861,171.3713573088381,14.645193767385257,0
406.3347253788025,164.26351313375744,7.647293877650078,0
377.57005319593674,176.65070286662058,4.964824202993364,0
425.65510469646625,148.28840209544563,3.86051634074899,0
109.31686756114422,128.28506332697958,3.554472501932933,0
219.8852186463702,184.65136860983318,4.355923848874409,0
231.3085856280669,73.5730850745352,9.618229798931122,0
227.05355230817017,166.1363358330936,22.31769479393342,0
176.6348661001245,71.0665576802615,14.320882081457341,0
328.6444125600653,173.4084625917196,6.6512850259346274,0
349.5781274167309,160.57281237226368,3.1692616108237743,0
355.16110804442843,149.61836562347867,14.869273498284706,0
462.7664751840536,132.2294529450756,1.873488969251686,1
411.5968419369602,151.70645941206584,29.229064821368976,1
130.83172645807562,125.42048065274726,26.53791213256317,0
462.98192573804886,60.96318989934821,12.038080889745176,1
394.93823271795037,158.16373297866616,28.239475423249424,1
380.9458412508,85.7082242989007,9.119140741480662,1
487.3616392861521,154.82775552663844,10.592460118805084,1
321.70391156794443,58.39334413092915,5.025401697857548,1
149.71042260895297,166.0881510601124,20.150956612159447,0
241.99981669035034,60.81395114806107,9.010729102695269,0
181.51427546875559,57.431043770575755,29.489785599352246,1
137.59052367959663,189.37708761359178,1.436341024477863,0
134.94549137262658,191.0341811378193,16.588287891041276,0
374.15887818378377,67.72073704104328,4.704300030135503,1
349.16020163784094,197.40055452340948,24.891009601576503,0
403.3004761023363,57.69593739907087,13.740394668129802,1
156.68819385050017,117.3367903130767,27.768066962856384,0
383.65013166279476,148.64564420473357,21.945240931595393,0
417.39927940826857,151.32462464045767,26.914495278762622,1
373.6580654274616,108.57056463958627,2.8072179687960266,0
384.19532077416017,119.19217192051701,2.8408630314459025,0
244.37348487263714,54.70359869665123,5.932524940485018,0
496.23918636901266,111.62284680807687,22.60614497571562,1
175.56524045752724,193.1920397334335,29.121708809114033,0
115.54784808386533,171.25396752839458,5.372009251739282,0
257.26249499678556,98.18093873644185,25.374563635574553,0
218.5733711237766,64.64510545578523,4.449424969682971,0
345.18967718815725,96.3306537790853,7.635449867422105,0
304.2775407189687,157.17206422776624,16.387005814085985,0
116.40795830339701,154.77663009634884,20.03147377949612,0
326.73063783995224,171.39989948214532,20.216238567334244,0
329.19254118397475,78.2885295724767,6.3316196661167865,1
128.9458970334045,53.95424398115522,1.5921974909187524,0
359.71792454344603,51.331439838721735,10.831276089470448,1
277.4537475742367,79.08899584897819,6.969499023634818,0
397.9188803926881,68.52417549708125,21.172384078671044,1
389.2152360670528,183.20102777484882,24.294357558234637,0
203.26816937207525,101.63671226041913,20.33915305381642,0
255.75912097155341,91.36422089331401,18.581042710774774,0
366.1741353727454,79.86250310173706,11.283447361168813,1
380.2933698810264,148.72887208823417,27.475767804185573,1
330.80977347504677,60.75141501815142,6.9287446427498,1
444.1679709182194,82.8845363825898,10.142030434674101,1
471.31850218531883,50.78858810539986,19.115825804509434,1
140.8556353032875,132.2869166765816,20.703862883088657,0
257.01235790808335,132.71290463163382,3.8478691845448143,0
206.0805867291876,141.86844767946667,21.326915319527508,0
204.94865537079426,159.49440306378983,14.629843385177011,0
216.96925260554724,152.14193098191322,13.406106587257309,0
482.49499110005985,96.00196009081658,7.553619654997304,1
297.655755963095,105.37871444192038,18.113735569775255,0
448.91217161392285,148.68097345492674,12.278133678307492,1
397.6754818719568,53.95504927171685,23.56093752881095,1
270.73464415976946,61.53754127303945,7.6180373671470845,0
279.2457318959992,145.95789493800828,19.434732955022834,0
147.8631197786096,158.2959291884062,24.90767207116973,0
285.24753792026166,71.43950265485176,26.923423472231985,1
438.11351716473735,73.78884648175844,24.3073936055628,1
307.82473073718387,146.53740106169275,17.484024642035706,0
355.82846010621927,55.42568324364838,26.090887392719136,1
243.80884093323348,101.38301390803838,16.685617135611793,0
347.1360087196286,86.00943930929367,9.597324968963648,1
217.3357355668763,176.99940568170146,7.752448391678998,0
310.4208679461649,57.28047169933584,5.769663029680402,1
426.3317094150947,177.1555841750727,19.664236919885855,0
464.54159838628067,74.83800312066708,19.36658474851936,1
141.6718386229394,97.2260084804179,3.2795286324655866,0
108.21402954442183,158.5104758332385,3.3581299003959804,0
141.74465844619854,90.45128668022387,13.57591203007194,0
382.19858817993384,154.36012299786182,3.702423804681756,0
379.0705421260741,174.27719562564613,2.9258829179554926,0
305.91008977576973,101.77892737378521,18.630755888824567,0
227.5215238923904,58.631385771273244,2.533768156478521,0
443.68985630127384,123.11240467661128,14.137902350090569,1
118.06235527034605,141.62857387474637,15.46909421826016,0
390.9020502462249,163.75751373827885,8.916392061444967,0
119.84201497242606,175.82025769916487,26.693080811148455,0
484.67275927081477,199.74584019832153,29.56958755603118,1
288.91663007631627,155.74846291114685,11.240921906593254,0
360.2613814900172,85.03453944785701,3.811534218124107,1
315.952701811814,144.35874140037848,20.651731299242666,0
307.74770354422657,184.81709056332846,11.54644160327537,0
464.0797802811692,62.03213353997267,18.86638480057701,1
442.0227421038788,168.03793707932246,15.307587431423716,0
119.95115460323436,117.62547790993995,15.13184823517392,0
131.22457443907902,104.16851620515014,5.443057467645163,0
226.11270463902395,129.5019673689598,1.7197982764624624,0
372.79384704955197,79.42701940247841,5.967301448537421,1
237.58922081025617,89.38747402864192,16.417375888080457,0
121.35570327589944,120.78696487760944,24.970896453467812,0
124.22789725136644,129.92979534227845,8.969442333990106,0
125.24375206103872,144.5665198928699,28.83694465749826,0
235.19551955516283,137.42197963688653,29.505832682662525,0
321.8566167942603,90.52116639219042,3.141383631570659,0
157.9959770779094,142.61863403119983,26.85640220409469,0
427.3146676480123,81.41317893745982,8.96688923790559,1
124.14976769864703,62.04994962007942,6.31715655115366,0
371.45515412537105,168.4945775076422,17.10463508036103,0
209.69805960947014,83.2946180499744,25.029066913329814,0
189.2798715768604,110.46632558769554,21.245304198977337,0
347.6715824967653,175.96551108388076,8.606680440676652,0
300.1042580338666,163.50898776216087,11.15519336312446,0
226.25216651002393,146.86985361245894,19.585318343616063,0
217.64672121363398,190.0754985154141,17.937587949929682,0
386.5925089497025,194.442562461748,12.040087153775584,0
436.17889372898395,143.05839277728063,7.931207524327957,0
218.55497521418337,159.53836449051786,18.40341025847813,0
483.929160907614,93.83716156505751,3.293774235497016,1
334.6133633767276,156.77992085404748,26.88450010476366,0
188.04066503217155,89.76539798707677,6.129577464457201,0
395.5026305350755,115.4370805117945,22.154756257072357,1
314.84654627095136,125.14968525814805,20.549614796431236,0
384.84586180202405,164.1445110427623,27.87714753958883,0
100.9829581773114,99.7722869288039,2.757990943958522,0
103.529601982093,194.30935487388678,18.911930022032188,0
486.2000387230204,86.52950002658326,25.76432943246996,1
297.5784155857115,101.91515777877322,21.232714598120207,0
404.3097268498129,62.58427071932065,15.555827673298895,1
176.15788693138398,108.22597156268628,9.785362830125537,0
208.85430846291774,176.88479398371203,21.288228028354283,0
353.24994725180466,142.70958731927323,6.406313190812185,0
223.08113471922678,94.46869654807654,13.740642094006638,0
115.73731519539905,82.47472442616811,8.024059007463771,0
212.5668042280961,125.5049310637388,17.164917453189556,0
357.74036756585826,108.27253872178582,15.210381117680383,1
168.59581008125286,191.30887978444508,22.631424334099265,0
403.38375808411035,56.93849893684306,23.85583645129794,1
162.8931825568444,115.84373044707662,4.2841040978654075,0
477.77822212994374,116.71626218177492,15.522050064312632,1
283.74784671145954,87.56411421568208,3.523874800678702,0
472.71227603921096,114.9524549555629,13.946128310206442,1
343.1431456818133,170.84240793217083,1.7380530264721723,0
300.47066580235975,96.7060404889676,13.664159914311107,0
371.42995177623277,91.69846860734819,2.2643627380826734,0
347.8399799202514,73.11598327137652,8.315337836877148,1
432.163875229148,76.74286911545366,25.439015843945935,1
280.4017021250588,119.7382062323208,27.617808669732913,0
377.65861093004594,112.80366405636272,11.077205562753639,1
130.64603407432057,158.2460257184975,6.1705434208316285,0
195.8530047834585,156.52693081311446,15.312621915060758,0
262.1933638193527,79.43430004443636,4.508048275235261,0
335.70559627541803,117.23625657852935,6.087709626840202,0
435.42724951976754,199.27744257537805,11.345327116854417,0
468.2105962225749,118.65015187245966,25.473566319559136,1
449.25539609651736,121.0516980730443,1.536292082726633,1
234.3003357520358,93.82831416101507,5.440386313096111,0
226.32205939809666,157.75279954846638,21.342207441638536,0
152.61735794041283,100.64872033744733,1.9080223164161714,0
111.42650812652191,147.6010826821299,7.102652380831876,0
271.25539824368536,89.50517658558749,18.82533764999528,0
259.2483104120922,59.21950432926043,4.381506938868412,0
483.9183852090758,184.96379868406507,18.09180706017035,1
420.12319025505457,81.7752631829815,25.11935898583816,1
193.99411739004847,129.27303598508797,16.797074877572662,0
165.96736411992867,81.26522843510429,11.647606187900532,0
236.49512679223102,135.12514892987062,5.436899148859966,0
453.43351832178456,192.71909844260415,26.896665202409533,1
213.88893537800953,126.10130108339506,10.022916125030362,0
226.19162885429552,159.41675002512466,5.073717978391076,0
441.2251853956736,140.24000166287846,22.377491979540892,1
237.04261351605123,145.49561606901733,21.84592098666251,0
199.80319633740174,75.5214602538149,22.57002861852249,0
286.5866796747925,124.48369511786802,21.583565608924275,0
281.4743927396146,166.5002039876834,15.750133704363154,0
482.77280211653573,125.43660020089578,10.573293937234764,1
218.7218332058431,151.44139301308,20.077863627907554,0
436.6255348515534,114.67045344557971,10.528918493480726,1
412.0455514491627,77.95756127268055,2.252437212325132,1
126.6020729235386,131.528597544358,21.852635719297737,0
275.58025818736417,76.31184870160311,11.594660495647807,0
208.79813168652532,69.68606318142224,7.759895024962844,0
131.5895242003582,172.88232012545384,8.143754491316212,0
390.1302605844063,127.53126943306094,6.998201035553556,0
436.0453888922506,78.37294046811839,1.7799553224705513,1
313.6889888262523,94.87155146559272,28.917905312351,1
386.34819721978226,127.62479083646949,20.343649736863778,1
456.714378237182,72.59018637581407,14.290229776953197,1
260.16569350010127,50.2618388474459,2.6948341019992625,0
418.2378455374133,105.50779662796094,21.488517836082025,1
284.11850146220604,114.52167236445786,14.671683154413698,0
286.0071029104798,131.11698676204617,5.500313736100707,0
273.28459494791855,166.5931565132678,6.651304971539863,0
389.0587195596709,187.24495199172475,22.041927430655544,0
199.13740237682566,60.914850805413266,13.193472603334722,0
271.87666453051384,97.34776235375108,10.878442564875415,0
271.31966806063264,141.93273397192564,26.307017863153586,0
420.46094103724045,179.24742662144575,29.251356810147307,1
363.2326539960891,99.92797368247554,24.1759105420619,1
323.4727534991372,72.47099591951772,23.057276582584848,1
170.83907384990593,127.97527375605736,14.894102927564887,0
328.14542901368253,142.64293019709964,15.033543690163842,0
259.84655866979404,94.33582184416865,24.02859325430977,0
130.7199360997592,55.009478477933385,23.66993952363325,0
110.15979031557488,123.15818853201854,23.538466769685428,0
368.25446717149464,108.8502430298633,10.933309572124392,1
111.8449229909559,85.87210011399442,5.288682449376005,0
279.91338008187404,76.98059140050468,16.92898980821061,1
183.2601830402627,131.37751302151685,28.4820848926453,0
152.85564870189043,52.99135610052807,13.094593556303561,0
151.20841668309373,188.6997949139481,22.60427552867808,0
357.8453950037801,172.72007178302033,7.181678447531779,0
387.28372786415343,137.10488542899463,9.9988655764058,0
308.81378969486593,162.57857858335137,3.1060676564776406,0
354.9651836713196,189.94476258295248,24.20725929314974,0
101.65277813710753,164.48392768117884,13.301614201194976,0
425.01472572837866,115.3812729462419,22.20134105862344,1
491.2491885273411,129.70797602372247,3.9022224950687057,1
389.2156139514683,88.35888990421498,13.791070282856339,1
428.0418401367503,121.7079208990877,26.50338163788945,1
420.9671492788965,178.888514896329,12.180934862355445,0
425.56476811396607,95.72107040982766,23.270477498740043,1
120.86259683959733,140.91896671226726,23.584756123982768,0
416.04547846381666,189.63624557137334,18.440081024256113,0
414.3742648646856,149.79813872663095,13.501321985988824,0
106.10491391990035,149.79833719140927,2.0216519083087494,0
187.85309384397908,133.73842786759963,6.12896066077134,0
455.82799070790924,140.15143089750325,10.588078279842508,1
335.05859134417926,89.13393625966425,11.663624809423803,1
268.0448678194224,53.977381563925434,28.567195365022204,1
125.11898121400344,60.90762665057456,17.23697186734225,0
427.7164455380454,118.83716096048235,8.415772125850832,1
128.0835175304304,182.8701862080723,24.973229539646127,0
185.4908547948214,87.08033659555295,22.10539203080372,0
192.336465957043,83.18548724789524,6.379588875511499,0
208.44802736784482,112.18166506659058,1.65130941477394,0
331.7839817367797,103.03187215655132,12.094846156094235,0
438.39856015809977,152.51233324674234,7.778278459726298,0
196.75472933788132,80.0085205006849,7.593098618611792,0
250.00531770782524,89.98845702304993,23.61094583107801,0
251.96132233572487,176.56914140165622,16.165502297762007,0
268.35311134040455,99.80345953480226,21.394012313954622,0
494.9936864311575,91.61692361989309,22.53736056096941,1
148.55942742017606,107.06001584102339,19.906545757751942,0
389.5631965051279,125.91337489974318,4.448731258757995,0
355.8598768697651,177.23693745146977,19.890492389124343,0
201.10763386618524,55.28990917401344,24.763363170910917,1
340.7110414558995,187.4975552018883,11.787507101459852,0
422.60478383229565,184.10236170911287,13.226037865080976,0
422.1923522822669,128.73616918276656,10.249057392477717,1
203.41564799567573,145.43159685434654,15.84341622721446,0
287.75209157294523,127.95002177809312,12.74927985535949,0
477.84668661630064,148.50093978062625,13.695084767548291,1
480.78261386481586,123.06476565514446,26.14372964017064,1
288.7364596695468,198.9290920374884,26.37706487998784,0
225.98260807959662,157.860362413767,6.79803504595697,0
154.76316009536694,188.7157502110928,28.423035866473715,0
391.55591942042946,196.34966360906964,1.9441266945750315,0
346.9736297127736,132.74457592935977,9.538569600392783,0
455.1601450883181,110.4759988725185,7.015167196129678,1
159.26925698083264,154.01688458338634,25.44145758802982,0
250.42543217855587,157.6291518310142,5.689909389240996,0
385.4994969557396,59.30848037493925,25.775566983009146,1
434.3524001554438,143.34147248887487,12.164619127400414,1
426.82998197359814,181.33461104191875,29.26810582063854,1
344.6970209820567,149.57108874981972,19.144439099284693,0
333.332289404354,140.31309691178842,25.720334544387388,0
247.52419442850976,75.4125572658592,21.27536040391823,1
145.20261584069988,67.45667660578684,5.131289954260793,0
422.37602622464,55.593808858316564,23.00257186343809,1
300.33135719301805,169.99515911884464,8.07166676431037,0
349.2369756371081,165.90257167037362,27.74390549274623,0
376.70642774334345,85.90046203673225,8.940768250609409,1
202.05914725201376,53.915956272954624,21.9485302244716,1
317.4896961022564,159.2886796546162,26.84411458770025,0
131.7690873974605,70.50623965825203,21.891042544996687,0
271.3940695466233,196.77872990997173,23.798688244071474,0
346.3688784034787,183.23172282044376,13.038443042323644,0
151.15096086942145,87.60393952323241,15.028141750700431,0
359.3868429700865,183.8547067482736,27.645508920580273,0
378.84708982502724,66.77516360097833,23.98106480362581,1
157.2587521645616,198.14817280910867,22.647168959111998,0
408.21703354921823,168.2496164673585,12.551178535483977,0
180.47723546935833,135.4342132936095,26.419356100979222,0
468.3245417321805,55.0801319720704,16.969221120985,1
226.15888092511284,154.90329687445444,14.689108022631773,0
278.70557881153275,181.19549595762263,13.420972250684825,0
315.5695996684466,109.41373943828394,7.049875406941974,0
319.8857963579809,134.24878022293564,17.549976870397092,0
161.73306810389633,180.0482800273288,21.514501411332805,0
481.54966859320393,92.87542894613095,27.991296229905092,1
438.0304135176314,121.33377512279957,23.653254798495,1
208.92738048934552,186.68693001107803,11.957152914013173,0
211.75440379281207,52.100226648833655,5.14638102759833,0
317.2292175066884,59.807283241891305,28.79662071693843,1
456.5355481255396,176.89443554742263,17.005178549016154,0
101.80848526706048,196.6025691498529,5.910038191031613,0
162.4468171747628,156.023270768639,26.253522703259986,0
469.2570930777558,125.45501581556303,7.452045833107101,1
120.25536746392916,111.44644934222548,1.142614424438921,0
441.0261171982666,196.04245923873796,10.783930847289446,0
253.86653542137392,163.30622817258558,17.192904717382767,0
235.47023914230815,175.9758970276206,23.036706320814393,0
385.56441135200805,155.6888839680779,8.332993973423765,0
205.4955312829915,112.02284888649466,16.32847611055915,0
211.70013343742772,94.52126171551596,12.175593865038923,0
367.0131992456622,149.33184275123875,24.67470229246595,0
470.1834951330524,145.51361467908097,3.9571777980960348,0
441.54276472107705,68.59392521954021,24.67037700002743,1
124.09464897411522,84.48789831687668,9.836684567604825,0
134.4682182702012,76.66669081657811,20.656383094001086,0
387.52130882838946,75.89395107056674,9.279646380286831,1
421.6084090980147,102.47808091258378,28.234822287680743,1
251.6426546258351,199.06984819098216,28.743381350435286,0
371.4449606955621,129.97327698126873,22.902318048230956,1
465.8700923299033,53.80136312805673,8.539445044873268,1
492.8804570265625,147.8586320098024,23.050254278709243,1
422.14200251512864,180.6746027086866,9.763321955906779,0
202.96096885369343,174.49917652674216,4.65758818388585,0
370.2227017255308,107.32165235288048,4.951631618296053,0
452.8444319778036,175.8830786134709,20.893251026912978,1
258.58435790384794,105.66783109365582,5.101778892857019,0
473.0358227131502,124.12412876278312,10.257937331385198,1
343.0015250390884,80.57246428151761,22.859376607642403,1
126.69325963924867,168.19385495147523,25.759838058943412,0
380.78646680580516,110.80223769626771,9.54011916456214,1
418.5672877030922,164.1870364289535,7.1671739554979235,0
192.88965200360371,57.93892389865972,15.176674928671233,0
240.3574068580823,194.12500919978532,14.996334385662356,0
444.5650144742996,133.18114957604394,22.862806591434765,1
498.3080337844727,67.15353034373696,10.74848599679618,1
311.89994248148,135.81773816830616,8.855629774894027,0
155.76410463092446,78.45854451532489,1.652784813929356,0
147.78348489725238,71.76471895285955,13.220893958200506,0
469.1851737972565,104.44682416068,13.69408535006633,1
103.88528679206127,106.61434407915131,17.503017251650395,0
277.64285961813516,144.6915643704438,5.079997001648194,0
165.28051077250598,77.11909295190125,20.678681013304377,0
296.5864209415131,149.56071793133202,28.47612257293652,0
106.7282599902676,155.95066048384163,16.452152942748103,0
107.09947329312253,154.73290436744497,28.3557731243428,0
424.9993328125631,106.46609446383391,14.714961920714629,1
287.0078363708167,118.51201397295469,28.638110953761128,0
492.64320835723174,152.06503511110168,14.888132967195745,1
391.42647718057077,53.169754161152106,4.905984700103167,1
385.54915001208866,137.4288083587475,7.075745221716736,0
118.52633206424197,128.52916505264153,12.3877140158552,0
281.5355485268037,61.94933687918579,29.769391781730175,1
474.2802563397545,128.4764623539272,14.670931302731635,1
161.86745078934575,120.3948172385734,1.9562721001673902,0
256.8904473162611,90.12081700028382,17.178287979300794,0
330.96384911859775,187.56349608845855,11.202086561236744,0
367.8400161556445,132.32433628067355,19.447119271475238,1
316.86560828977656,58.29350400919014,19.28752743501541,1
427.68986513232613,78.76444589583917,24.05295996584562,1
448.494630129415,107.47250654078996,26.237096982239255,1
369.81551166024576,65.45158015603077,9.310030760462716,1
277.27935437399174,118.86848880066681,10.83892387666352,0
358.97647965013306,52.22272639601329,26.164096406720244,1
184.73736627706768,168.43768285828037,11.403783078029383,0
129.99326980218885,129.9883266080774,12.639238479548379,0
303.87139691545286,117.84308628355383,15.877284506751929,0
436.20132801546043,77.43464051600515,3.4138953472814473,1
467.54051440035283,133.768280876523,29.30781324628058,1
193.68339876795233,125.03404156664794,6.1285091444101125,0
138.97996869408013,161.65953153427705,8.374679499120464,0
256.15792665061105,153.87991561840005,10.52450742902303,0
474.25079145104417,103.17957480227469,15.90953445631742,1
194.7994969578688,187.59682001771986,19.810638811622127,0
230.36116067949263,51.1321971729915,16.588997118196794,1
210.697760686913,168.97557780355072,28.425095293159817,0
296.4010092395499,90.52578532342085,17.65007709644897,1
442.54676912047904,66.0072318995373,26.712694625735676,1
245.788598421741,152.02126692002366,14.231011451828739,0
434.27974911893614,86.14463259003996,25.012039277904115,1
164.56425249361718,144.44512107518176,21.155463922092864,0
383.2790266551589,195.31981224687036,5.680730557552688,0
311.8002455425862,197.22554813162128,2.2689572585415845,0
224.30785096344624,76.96342954919416,5.292734588171817,0
206.5054469271511,190.19933411729187,25.02625544961527,0
349.66409475360564,105.13531428393713,28.46080437505133,1
343.2008671240522,106.52417826431834,10.624124826183364,0
382.08617329468865,105.07645839275585,5.1099812518230845,0
230.78208770843264,171.75507624402098,22.1887330868701,0
212.00489298950106,69.48716083464782,20.95672137494564,0
325.0428825388884,163.70371640067333,16.941520355133903,0
134.61225697619327,54.88701165131879,28.21097956506725,0
374.3062468675508,92.77124365713097,16.3123798974173,1
216.72177615580324,73.35131848560258,4.556977787009529,0
152.44826850139913,71.97005049406906,25.720936140226808,0
348.9079769457527,169.84696662971595,4.838720194586556,0
462.33903871640985,192.23088149640515,29.334018748307702,1
452.5848534388202,99.2639245357995,4.357255695533153,1
456.41775426241975,74.40342328675354,27.226268528211655,1
313.05654272350955,77.12415014573635,25.070080598601777,1
340.7553507307487,106.88691141085883,23.661821789941378,1
145.22837769181143,99.13888359249972,15.1885518260268,0
314.50269515061655,77.26195424466763,27.263427506582488,1
349.9099296086488,54.344145008421684,28.458107801421825,1
485.9890446643904,95.14108780620907,29.607211353785846,1
272.53368233772085,144.41829825014412,15.024422501691173,0
128.59888792083257,88.58467729669403,25.158159703450906,0
463.4505635122661,159.03598685467676,10.279688736333846,0
164.49907623196984,89.9134915264516,3.677014864816927,0
434.31107073673644,154.67572092350144,1.871792037131094,0
377.651163738643,99.98859472489963,11.512317640749727,1
187.36680782304222,64.19426434474187,4.5594019545433335,0
106.79449116975536,171.02595451622625,1.1186598261999157,0
363.47858938388424,91.6437878398853,23.133082023161826,1
371.54230336483255,150.48043419833851,23.81996124623055,0
115.87236087425667,164.0130179368859,3.620998349291338,0
386.08066586805256,188.0932679391468,11.204003403631098,0
214.89118974072068,52.12184518530748,9.354293127854218,0
416.8362587088795,144.53173238527359,23.96180890766102,1
292.3715643799941,109.32947488754411,13.374909505036428,0
274.10677405790557,103.14066795608612,2.6197432809210675,0
354.8721484859537,137.63944208588254,8.763389366574607,0
427.35174460655077,100.4637224273994,26.140354274824723,1
276.6697997132733,143.39055989239137,10.447954831973144,0
367.55467915420417,136.9030866871385,28.81678750148432,1
313.4316367097151,182.2263927013348,8.614615913385402,0
258.8540521788108,109.98296428007995,2.2934100337810146,0
303.8088161745768,186.07591058826156,15.873369057884162,0
456.4291149777437,96.4719917245879,19.425571787741138,1
336.9841590823622,74.9086608824882,9.805465122507455,1
425.854236732436,97.51747979221261,27.88453356231676,1
238.83871086619942,107.02526991076668,26.269739637110067,0
234.00321062168024,144.0351298756677,23.231222407136535,0
440.086750598397,105.86658240953113,8.485595706660035,1
153.104198729955,76.62073446249062,20.544444670074782,0
293.04386387699253,188.05539340191933,21.58265000730917,0
363.4563272112806,69.33640925864549,7.280417215661658,1
322.75029654563974,80.15501454105427,22.71176927672849,1
420.9666450921553,65.42473099480482,25.157391943854755,1
431.55892181051917,70.63729108955127,22.562448855730825,1
208.8120389292902,151.60002508457393,29.30784476610217,0
184.0025960333428,198.22016621195903,6.987763122606305,0
173.60037141316394,129.61277758629672,16.872017225641024,0
466.3458281219271,108.03271293962922,1.111466363673038,1
388.46043277468635,136.7704038848836,8.408951314812477,0
494.87865795483975,101.09288734224734,27.698271674748582,1
294.5498040444333,121.79075761611874,8.379022330064142,0
140.5894893784864,77.71633988142251,23.22116304925317,0
182.95322982747115,92.41120260702425,23.145530499778406,0
141.39963039495393,130.417995953434,3.200826176377347,0
487.938215239293,186.5086284886327,17.54661233748023,1
205.6149122866621,69.9253623794318,28.855387193456668,1
376.49030120569313,136.23953244480037,15.699832848787741,0
298.3955091835926,95.41455389921276,13.038743528164273,0
471.2050371054112,137.07580162033628,23.245296754911468,1
383.770470524479,135.048890974087,10.31189107037853,0
441.85298467419483,173.33478966717638,19.13294231608265,0
173.4451458266023,103.913733708075,4.336242347430247,0
130.1188835656577,141.3573851046744,9.328437144209957,0
111.74767476172005,71.48881557571715,14.937591615705465,0
403.4162623798196,116.72849418046295,26.53334607100529,1
274.65494778281055,61.96849443731004,12.159817706277675,1
177.19443842439648,178.42171411089726,14.807725401188407,0
204.91006664744927,178.40677837437377,25.326868655697748,0
237.28279721638117,65.55293190322355,7.149772348748295,0
198.01063048317508,55.7705802245309,7.011680372030469,0
216.35403108803047,128.94912942822617,10.194984790779225,0
157.21449857260694,82.95234549815649,2.205999097545865,0
401.6215363656663,130.69857792735988,23.196969180178854,1
213.77082927931423,89.56471473332051,15.972366367207917,0
330.501054385356,92.6320508600354,1.2333236231141584,0
175.58962191881182,96.00750482426884,1.5415316342919951,0
239.79160595504572,192.13301814251577,28.25293761691852,0
214.3262997305238,137.5185103259318,15.77430132479223,0
435.51757521047836,133.43373481075236,8.564937325054014,1
281.0803880009628,90.50596106759681,22.799974888142696,1
109.99314671067299,117.8459970849631,27.105355885972422,0
221.0024110168673,163.42459987129294,17.460885906809352,0
272.14365448421717,71.26291717635269,28.642177272469077,1
460.2018221785805,169.72825888454886,15.904433440879554,1
439.0879715038759,157.05891500488823,17.401758858117496,1
163.21205966231503,127.35133913062829,12.5823096006249,0
112.77371711107213,119.00501947928568,20.08548604160802,0
244.3754008756072,107.86884491609399,28.069301117287566,0
241.37135173023466,140.49563483759948,16.972615858793162,0
421.267750752,104.80341589444649,21.678911170458242,1
319.21022916013874,194.26220472227112,25.4517673640984,0
322.05700275839337,160.23166914310409,28.513801712117868,0
467.77941046960683,82.60093688277962,16.392707667894015,1
317.4821207418966,117.28077576460515,18.581153816938944,0
288.005444854872,137.6160109279451,1.5877908142449468,0
397.3731469140524,145.61599277081672,7.4788521201110525,0
425.5925982232804,169.0960849488,28.673214542635858,1
422.1258160296665,139.9417555820299,14.223905409600837,1
435.14595022440625,101.78555840961774,15.132673973876708,1
297.63224095368514,55.32977155486489,14.164606702247927,1
254.94000352079507,169.2557476390205,10.673210770417763,0
311.04024763267057,56.226262680421385,15.742407807265288,1
121.51759015533901,59.82862057769692,4.202646207284772,0
474.7974477078565,148.94973940577285,13.112121054121726,1
270.56161905460533,64.5705397785973,27.183365766418262,1
474.9032560362412,159.93030151681046,29.835429529005822,1
497.6928723539694,76.04893953425136,11.916644255169476,1
448.6447884402518,161.5524193973576,6.715996636522845,0
180.712294353251,109.27740258840666,26.534942345745936,0
418.79683647524166,101.12020809623505,16.786187709127834,1
282.5215157598612,174.38143169328845,11.210572237030085,0
385.41359697676864,73.51243252818776,29.449557439734814,1
454.7545142386291,167.9061781577474,28.262112680509055,1
110.0795144710153,136.733791697409,1.160958805880586,0
154.93152925047391,159.77786010205085,22.698840055300924,0
330.1293729291307,170.05234637628106,5.140608924472194,0
483.7759274575274,112.29297068844807,21.26607179089942,1
378.1180293623092,195.17943657733286,29.95451733098463,0
296.350897443912,108.75236179343511,21.496792559797633,0
280.3760602455236,182.27675729950528,28.675153749992113,0
182.81424971099156,197.19438039142403,28.603676220499263,0
376.5020097524033,170.627147653429,24.32208271758295,0
256.71223249655736,174.25390992951623,21.845021712149123,0
256.9621362149761,189.20706961697397,10.809347895834028,0
126.42277754027135,68.00953737431843,23.070194225093754,0
153.04714002579982,62.63667991767714,29.98265885951759,0
357.4578236950637,193.77988091267437,7.506651632647181,0
353.99871195112644,187.06576709507445,18.136287152343996,0
166.6105683724007,53.45790896886374,17.685570316275122,0
193.92537038301123,66.21933293217928,4.008163983926073,0
130.8961365784251,53.64049255358918,8.119341746881,0
145.12428429016643,157.46776396979448,24.16456189470596,0
163.20363156716175,50.379011230028055,25.291632087363993,0
106.0241765180518,195.902470534806,19.210242824746004,0
428.756517311806,85.57209732769377,10.911827819666769,1
444.4767288316512,133.2033935095729,7.795008387997288,1
448.32728889885266,147.8042845300443,28.368615966379597,1
384.15735955820185,60.01904555572023,25.804493258864394,1
490.6296849950743,135.1372375570336,17.2218442787915,1
440.03732939879416,158.69667202331232,21.17298786202072,1
128.29138207308654,95.51845817898614,23.042827176102644,0
329.21417985873506,120.34562662073492,23.757588713086594,1
407.27245159533487,163.3109975245125,17.23966111022813,0
115.91003513909573,130.81393087578454,3.4949648658372134,0
205.06580343823845,115.88798663679424,24.020539838197603,0
237.4364809382647,60.509275125873785,26.754683861237645,1
136.92543918314152,193.95680729793318,25.149033822770686,0
475.534199671721,174.04420582659586,17.12463816509667,1
298.85547126020805,53.99196905848784,13.996805418568385,1
188.82156620815525,138.51326978095554,2.1749730523863455,0
307.86367736729795,195.35162849441582,21.219584852584845,0
377.910315877914,84.94347057424629,16.715843415898064,1
211.9971882189061,127.3335381543379,29.135028731635014,0
234.2435847421037,136.68258997389609,16.006020372163743,0
126.96817541083982,119.50800182152216,28.124930302105597,0
333.389530804973,106.59709436979583,8.426136175477378,0
382.1871433626875,199.6139831217122,1.5875970713882226,0
464.7307921341622,156.97106527367515,12.627996676533197,1
484.7046541136548,161.9338989395174,6.52482237200988,0
231.9923455090374,178.78799297768978,17.31886107648744,0
407.4325246258408,77.47042363239348,17.354291571800413,1
227.99297077952684,115.89931146325083,19.967855603564484,0
121.4683542643872,148.87797375578617,7.21396843728954,0
403.7290481736967,155.83159096889315,15.832349194920367,0
403.4873880377738,164.007666022906,23.691844606505555,0
210.78372229351032,95.09346672661182,17.419170443805534,0
408.0913880959152,169.7994035862675,8.387655801169217,0
283.9871449697407,62.06513762581169,5.545958921254011,0
422.09157602573,58.08653461471008,14.133906053569563,1
270.878992672241,67.87729467723052,6.5609759595931125,0
324.1164062737457,162.67792679795278,9.345906903646346,0
211.0305900259932,165.3719830130474,13.086367308769557,0
276.6833727599586,64.52980950702451,12.5487360761304,1
460.4857754299564,97.03471198337257,20.642102948461677,1
349.3296239370061,145.69945523440066,14.229378939934431,0
307.34752443498587,143.95551728233835,7.197922529996486,0
269.01904936120644,178.35227110492679,14.103357600028822,0
235.75463756998883,92.8001450906034,26.232312243348186,0
461.78391736012696,187.70802083186592,2.819079341512144,0
303.52009192552305,176.7752134499105,3.814748933016001,0
127.9565855634825,66.75235971887768,13.587398261643811,0
353.03377592612804,194.04543819751302,21.23709245251748,0
127.71259414359757,164.3554705956696,6.391649633125446,0
288.2550180030655,159.8722524485101,3.5862333641099875,0
412.38706708488024,167.04105118219266,17.882421209447134,0
408.342061820052,91.21376800561933,22.544999022767342,1
278.4169496310685,176.64492838572775,4.803087464105369,0
171.406339347622,86.66401107587234,6.902706218166691,0
471.4698253220091,129.37993878789797,27.659332494358818,1
382.845221428305,195.06949996407224,3.6344136640965248,0
140.8121486569565,197.10827376216702,7.483492554658369,0
398.0055622720165,122.83171645275183,25.111128844989995,1
327.7812348498178,74.7979214181256,17.808066981248178,1
205.6441536520539,149.03999809242273,20.878320435460303,0
378.22086805124997,178.15525086962649,28.8461082250855,0
439.084452187448,88.8340082354714,10.737401697818036,1
204.28347365829427,114.1612104668725,25.554947685601487,0
377.48797751834417,97.61968759931457,25.58091558801259,1
178.7413839013491,95.33205051373513,11.033045294491414,0
335.1782749234976,146.22376920820363,4.215932625787446,0
474.0662849402504,66.5858499158787,12.649299673837072,1
281.05217971516583,135.774442923999,27.142620294094332,0
369.8397714961868,174.5851474229865,21.2711007192876,0
484.51121022241205,57.79415562023097,2.120301705734715,1
293.48191424320066,160.58388508247816,10.748687262433057,0
125.7184012443747,88.06636686453078,17.370499215005697,0
451.5832895751249,100.48234318699838,18.559969141216023,1
431.53116261657556,93.95591393824756,7.126233990756244,1
189.31587646847976,151.98520842796756,24.891385681009584,0
345.3522302145468,81.30762770289874,21.639672954196552,1
243.8554756779218,79.00143830570204,18.803342921281686,0
154.0131154670903,72.61400967800144,19.07164972930276,0
273.51877487182713,114.26360624680669,1.2020826456267466,0
310.16281621685766,52.63682784622539,15.498585126006951,1
255.9597953968401,140.36224559251582,23.13270160265011,0
468.3029080975041,146.84238948364623,22.566765129978265,1
282.2319549365717,92.98603359042536,24.81757608483809,1
485.5317798964495,90.94407910336515,22.322974728116897,1
496.0116676703061,196.47658249368257,11.742917042686116,0
412.76080368703697,147.89700217154328,2.9997249753840505,0
262.8305828548966,59.39835232777677,4.802337805697037,0
158.70352197632135,69.98283519513572,10.51568876299804,0
380.62399627237244,70.5186386512618,11.730405051098277,1
308.6556692527763,94.57013890839212,6.917039770327653,0
183.86580570774439,154.05561527484855,21.359326868953097,0
176.72454768555582,70.38110920582878,16.508975489851657,0
462.30953585451806,120.47067001625626,21.275263933555784,1
278.6682394151925,96.852279288324,16.417830584132776,0
194.54329075865368,145.61836950792713,26.812445184187883,0
167.204406755842,68.29330047052022,3.715612349475105,0
264.59133506157593,57.47791100978803,1.2333456719195877,0
466.827825288976,154.6510735016592,5.670630277827349,0
281.29030536650237,76.40118253656117,14.606627889457831,1
264.7760600254629,183.1386166767994,22.634117230440125,0
463.25027751025607,79.72316746836236,10.445254307760885,1
149.1623797428114,190.12263085155462,24.745794862827456,0
188.57296545151007,64.09231846670806,5.48321840261131,0
186.39278373769173,199.33862774964933,18.694798398911974,0
478.5683182600387,134.76180092914115,14.640778206284365,1
493.09128474103863,94.80800547540983,23.46830703449087,1
173.64023922954752,71.47500016904249,13.036085076390425,0
154.0732808907224,113.2599041673861,12.085620643417808,0
339.2694360340919,167.92130413396677,12.386182616144042,0
362.14683446212825,99.80259351678447,28.941486095000624,1
452.08154930941,52.30310084790353,5.060511801772521,1
371.17747707253693,153.8658754341508,18.015154624776983,0
354.88321906714964,150.79598055493017,28.338443814780977,0
350.0065191261464,50.612241975708415,27.192447258825673,1
396.2242523247293,151.0522121958673,26.548975741190354,1
348.543672561225,59.44898681859577,15.65695003011104,1
207.29103151005654,188.84048164445647,1.9349998093798582,0
200.31346385912437,92.04322084143735,7.763944113221584,0
187.50283512256888,66.27249868052353,27.36477528408253,0
391.66126870539716,181.29559485774004,7.07987893585438,0
272.9003373736506,133.7732453815441,1.0454008968347237,0
309.846115594299,96.34651612076486,10.120454494831248,0
304.65966775669847,168.6168908224692,5.538739644366912,0
373.3461441894465,189.8846685654111,4.3750572550926226,0
219.56556403180892,199.89105746224342,23.703582163267594,0
324.7161500882065,184.72547647338857,19.364299376157977,0
420.2126265650769,76.34365648434782,25.100071366725633,1
269.09160505110185,107.7965538635274,28.60803685180921,0
450.35376834261825,132.75049655430192,12.528849917169875,1
261.0762721696832,158.1620871968342,1.5324598199610757,0
356.41685626989647,118.43432781124348,2.999929735721495,0
370.05649047398185,72.13699327578364,7.834667941548024,1
268.5387346847084,154.79048111946702,23.317253299938823,0
275.0247954775898,173.20304318574105,19.640653254228248,0
313.6709267335084,149.93128672755512,15.596626988051513,0
436.04231048711546,72.72860614205797,7.394268903186025,1
473.85335497049465,189.24707944820128,21.713428077478895,1
100.59189281696254,107.2257170206464,23.086946989645636,0
435.3839738982993,77.61890508416408,16.014439008330463,1
310.58429704754553,128.8619971786144,27.412493096034748,0
198.8212378854922,127.03767909255778,14.616578276564107,0
165.2123108371712,64.94905354221953,12.362851572182267,0
408.18140322426177,157.28292087638067,29.676382065876435,1
334.1856386144503,135.5816983657068,16.300913106414505,0
190.52114448460307,122.02664704140027,9.375204839265702,0
255.083383065881,144.5826034203913,19.35875850491956,0
484.39247676643697,139.01143615895444,6.256396571135809,1
344.08395020206814,115.37652334240616,22.20024639784986,1
157.05760801349177,142.51226016295544,2.4277063568907193,0
396.0428581978284,158.84875947175408,10.777824065437976,0
434.47032795502054,109.16131709698621,27.33339472219826,1
481.6612720861513,130.7550104756498,17.035111635563318,1
414.42642132471235,174.66864637817372,29.60402674169918,1
159.56520787847336,88.64800986111416,6.360653830506202,0
451.2256086575297,110.09734189489492,27.182196233813784,1
221.7950330218943,140.0308671761526,14.815812280524074,0
235.2067411981353,189.61529713789156,23.712036417438792,0
155.50253448725124,59.010540840755006,27.28627607003465,0
145.23806732564083,183.89886052007785,26.180083400275763,0
296.68571096678414,141.14728420820393,8.236350915071998,0
192.34778664442968,145.9507636682252,8.20695442126994,0
294.8280432653419,92.57664426739578,12.328585240237453,0
440.122852427599,107.81578171750448,2.6936465595927244,1
434.1578814289942,148.10124071227278,6.870636088450689,0
169.60264065163196,144.59453072768062,15.377965274101088,0
414.1164603859442,159.59242151325788,19.823428682960788,0
123.3585954509453,122.08034766582443,27.23097958657207,0
482.3062702681015,143.01585426617947,27.77447614187495,1
309.8701013026588,189.92034460916,4.067201291888228,0
119.28617674538793,131.02457237029228,8.702031501951534,0
386.8966570364429,100.69901735505607,1.8790922562458174,0
349.51127621358137,175.09640973485415,8.702254805316347,0
213.66065222891297,195.7331464553151,6.726767186198399,0
283.2887447905947,171.90360885395359,28.043001830004936,0
419.62869504475134,183.24210899031752,20.544982460758753,0
455.0630729601367,53.24951440299026,22.83522728155524,1
492.355985171396,161.65474908285447,13.265834057577415,1
193.7748448247766,56.966392548416295,26.483661029347935,1
231.43886315844537,188.58484762825842,28.6342142326803,0
361.79659170089593,130.76123680480703,15.299653522771033,0
344.5878274738204,182.52392725308917,16.415528765474402,0
454.70973336612013,79.8394991186573,12.771660239604515,1
439.7940182980431,187.1548252599173,26.3487824957437,0
278.23059498616453,90.69908691362166,26.820168861558788,1
214.64962575042932,92.19631382585149,22.854154436882922,0
343.57070413590276,124.76694805893115,22.355450642462305,1
132.7195697155368,68.7216225289426,9.950034136387885,0
103.62893473731928,148.46175422535933,5.71791261678133,0
109.28761853146925,143.024282983114,5.665869861370609,0
302.3980543695427,125.8306886413289,5.4722215107952845,0
297.93485948725606,163.2626048402745,24.27957615317179,0
317.91661640618474,66.94473855004041,5.133597496683327,1
251.82189958437044,54.569388365353184,2.5847012642271525,0
459.84654035169086,99.95644604083495,9.358379890778146,1
487.7761177507204,193.23257149534336,29.524933276403644,1
323.67263356446944,72.19425458712178,17.886359291296834,1
124.8078189255188,90.56141887229103,18.526228930150552,0
232.79828708280976,82.52083702769193,2.9284980898058954,0
235.64086939696702,103.05690733654271,13.899018824217066,0
335.06952638951816,114.08016410633545,3.8467006342412544,0
434.75067477824325,80.48295016926797,23.422509736039668,1
297.04540135146215,69.73635243962623,11.579004841689184,1
487.7276762650984,159.65066368574645,20.970834478519603,1
385.7786629981211,175.12904316594097,6.4697250895072305,0
184.59642763397625,67.64679178583361,18.748462276411807,0
434.07794383197086,68.29199495081187,15.150194946116903,1
274.9994455934403,157.10954018484,2.9991062808226765,0
390.37704710570824,139.87105743832072,18.70137028719072,1
345.33696535324685,115.01923720293729,9.138443844248146,0
306.74977014890317,196.91720242026534,9.438678719896636,0
458.7194422225335,56.71675125208131,8.624188478788453,1
178.50761590788863,118.53022658401522,12.853308965606796,0
174.87547338514418,126.43155078980635,28.46291751404298,0
304.09674718171766,99.93684456309174,24.29968825975936,1
301.14268542488117,138.8603216239976,3.327651952937261,0
361.3363004942656,161.78877265181066,26.139619365958588,0
434.05608510485735,161.66365116392507,8.925772390645177,0
126.17231916094664,72.01463493335913,26.53634788484701,0
441.923141634874,166.1319852965783,25.600877145734685,1
375.9027156040251,133.8697548266329,6.649069260862189,0
399.5802671350762,165.2613491443759,18.03109676819176,0
143.93234862576747,97.05486817818942,6.244586826322165,0
363.25236379952537,155.579380692398,21.10624522801429,0
263.6247436002351,122.04787498969486,15.438446728587722,0
457.67676502504673,77.71181310548727,20.17153303562745,1
465.62746998678796,199.62634694388578,24.124187368307126,0
113.33692364744437,100.16787906826005,20.194624842703863,0
219.5373300442708,133.35319476433858,16.018215915298143,0
316.9319691837834,71.80401146639585,29.518820135342864,1
466.79680834665544,104.98630125299962,29.256685735673997,1
257.1719277485517,103.56757040312128,27.397706201800496,0
101.66902626836922,187.05160555560767,29.819975869932055,0
346.78675634436394,169.2663071028411,19.955526742079993,0
459.38053540742476,119.8357424594068,21.263570425447124,1
273.7743094555757,64.40494277781076,5.8783535324300615,0
130.7520558688073,195.1260549277252,29.61388003546099,0
410.55634409550186,160.71133250139394,26.158201720317734,1
386.1822849183013,160.00892284248044,2.81403394704636,0
411.99600882967746,154.76605214023652,27.03472257358142,1
459.9344560460605,73.2094694715993,22.786163249420945,1
467.47725904194544,103.92327533521168,13.086548397884986,1
444.7712856572289,197.25039756627044,14.68974945824119,0
391.0278042839223,130.0721269017442,13.064011501183346,0
212.80075254694108,162.35904359301995,12.326656133252342,0
200.55695523557392,84.12699540733234,5.209643151899465,0
202.29246378492908,128.6244364571816,6.399487646739545,0
250.68389371518322,130.0517573537173,20.55794476392362,0
385.3538363067376,122.1774051422419,29.436424289501165,1
172.44132354118722,195.79722536038287,5.645623137948505,0
317.3583522871828,189.487548343622,15.153975438239774,0
253.0371359237034,166.16314921582313,24.942129917235675,0
339.6627641851452,168.71448559441882,24.545013746494007,0
397.2407150971451,184.10906155048153,29.012686562165154,0
417.75000309442316,172.27180843987156,29.624316485641444,1
452.77291344076974,199.85549965672885,6.61214202679219,0
456.1460562404667,147.5741761123778,8.791635980710872,1
387.02161331969126,135.88097254196447,13.556849823119883,0
422.1639139007834,188.24603473657686,12.434933544372335,0
208.31059626493163,101.28143630591859,19.74715080494467,0
426.29997644574655,162.72355881958913,3.657228153888328,0
431.80741631487,178.81197127597522,9.28379600906206,0
453.6885409106489,142.71664370368174,19.45851549902491,1
364.69142946423113,186.1742204236459,13.923043252422325,0
387.1471936736192,61.78601906329054,1.2118686532007517,1
286.79371572745106,119.08591493725297,21.65562083805525,0
120.04189343966857,70.37000037713213,24.06392808455739,0
446.384075737713,60.781701753676856,26.93533612464868,1
107.30918022351572,85.64694327461687,9.907010463262138,0
377.3165596190632,158.98952608920462,23.820906350113155,0
324.10382877418476,98.6651525728073,28.08942669358786,1
492.1877638946549,153.37511374420558,5.170371252928732,1
353.2254580335509,189.88414516261733,10.29792417053741,0
394.14113001808283,113.20030842146599,12.08757136014517,1
373.88507024713914,138.05075131473114,17.58751674074433,0
471.7698070908324,157.69043312254183,29.916385652959992,1
339.0699832003778,164.53035884211212,4.699517775682811,0
309.7669636734277,115.5195148257116,4.0473173628112145,0
147.4156825197879,164.79346732462847,23.883473336923156,0
365.7354813327122,77.29633204355397,23.316470573418528,1
196.4710557262456,90.38295305430887,5.681653829110782,0
195.6164539134985,187.320394563644,16.966389656511993,0
363.5722463052284,100.23786987248317,27.205572912809025,1
248.19549201641817,150.106188940319,2.5822246569766008,0
113.98959696160725,52.883428056480696,1.140934214309497,0
450.77958648536753,115.42429657220075,10.3072588566544,1
252.12767957140608,147.4044594404743,24.878172112171548,0
409.76794061692055,161.12367205957347,11.361863460014261,0
124.00579983596538,75.19408374351994,18.401541615903653,0
110.64356357302457,163.1998098223902,26.702254832996996,0
235.17659573899655,137.96314533674985,13.460352132502344,0
336.1910218986606,51.05422364085208,15.837811827304026,1
268.75412562929955,72.99044983038839,26.63941496393695,1
140.6313848188023,142.53737618969035,29.23495881643186,0
327.7959583734041,127.24734329902616,2.309590822508805,0
181.49780798106366,108.30383465741141,27.915675975570373,0
414.96766415770725,121.47223108802831,13.092045084399281,1
465.80980165444055,78.84364368315629,15.748062732975752,1
405.0984046796124,55.28339933973302,9.63370545616808,1
140.97551560801534,155.51840916708574,19.77222870463286,0
197.78291572752505,113.24886662655132,26.635626835289724,0
174.03062607168465,133.14799999094438,29.18504906665496,0
439.2588486652712,71.64661102394325,10.518501079030521,1
290.8390635264946,151.15068622760663,16.159992437002728,0
189.06976569653492,138.50633725165886,15.106997719614558,0
139.93165282040087,155.77414879499906,1.6657421353009172,0
207.27109701999564,128.15633334175914,9.003995485447664,0
462.29876907918026,143.30189577749184,12.0873802952051,1
230.55949506654878,84.61100887935977,12.097100323432597,0
245.5946526342776,64.52795126996327,12.161810124278539,0
468.1921678404806,152.1364570166138,29.55209397514821,1
200.79419044396178,195.53206872032263,16.01602647414645,0
171.22614882771296,128.23245232908818,22.235446986818964,0
108.29236993588304,182.64487562307121,13.25975683630711,0
374.74146902106645,120.52327229264708,3.2691444770455442,0
137.22482445481657,181.92227100534123,9.141409728393281,0
271.47288949086743,174.90291613083747,13.106516821687103,0
270.4027607896144,185.5341047266285,14.483750653371567,0
248.23530042131617,172.68223099317237,2.5689966549786583,0
446.35000477454804,184.8727075834009,19.55031063767208,0
164.05538600417066,54.786217288810256,9.440956182590591,0
304.79384506487315,128.47606984509343,23.29294184163588,0
101.51250706214046,95.11529797504986,16.75219408686109,0
457.17739911419676,106.38657055401151,23.99191978090536,1
331.6913593914875,165.380445287236,15.755578144343767,0
474.7750451744231,95.15057855473745,25.024358484807873,1
206.6399290925728,186.98080206441665,8.960857001954178,0
423.3656432216508,67.74978203272049,16.673780228940497,1
110.90750863685099,174.70456154723178,5.314972552647344,0
303.9470011554133,62.15478513548908,17.834955905518846,1
111.08420973355679,161.39150868775255,5.357125011156844,0
464.40862523920407,58.35260693110327,19.75041357447919,1
452.5165803755612,175.31289150820982,6.840421480783067,0
207.93726514499147,140.9890630525725,2.4853420140840257,0
349.1110559435899,91.29712352404368,6.3189296937476715,0
368.45392184256133,55.93147588330971,13.454128746843347,1
109.73104686117034,53.32375987543421,14.72773783392047,0
481.3506641100985,145.83520977634447,23.747795546871092,1
288.8063426597338,56.19841739842569,6.7176220773880235,1
292.7445621043918,159.41093240668874,10.525568306518727,0
405.1782846978769,121.49203831180431,22.276910829246386,1
140.6372768987244,86.2366009363156,11.331789023247227,0
224.57992556188373,140.24700608423433,6.475785782972682,0
380.8532587849098,172.71373748388567,18.6528708411266,0
380.80267602245254,51.35399031756984,21.46602577506343,1
100.19392035474768,87.87988569204298,25.577184827335888,0
242.60031030476935,121.45377488279456,17.879825475842143,0
397.08848131803643,142.0413514867326,17.745183214698002,1
357.75097588937325,56.05666510646618,10.193006077965984,1
162.12845016947023,137.8123259908278,2.9740129655357497,0
430.10860933650923,80.77797782591882,17.405638950768893,1
107.80443016998053,175.22000685867206,11.417640707641585,0
426.9987598451706,121.7877101596246,13.563396634855954,1
126.49214663654323,168.97724875704785,14.700321364329646,0
299.8558981025425,88.2033153492843,15.396676002413102,1
496.1489433827002,94.47485155119853,20.425244670155298,1
245.84449347778337,102.23106322218746,10.617270784408305,0
435.90743720840715,52.21590572354559,10.569235202033855,1
160.77843921950438,153.2360640262728,12.293751048671218,0
476.35312816975835,112.64246030110453,23.303940305465957,1
362.9802613159529,131.04490713230132,21.814240146090025,1
102.51930977192387,85.66866315012493,19.564079373188388,0
285.83974643372505,106.68577036831476,15.059147532388216,0
143.964590476542,167.62811970080185,11.117188524925561,0
254.6036639679621,196.1597237205602,14.483455101289524,0
105.15427725916248,83.15528915231481,2.46198826539341,0
258.2086768133554,189.42908289114104,18.249598918897103,0
379.75634831885856,147.48241556302776,17.85537007125791,0
436.9199685780775,120.27602438988927,11.616213375065724,1
367.74750399177975,64.46279604254515,17.708271446446506,1
247.08637605636744,150.73019187653034,27.086362964102385,0
460.841767206059,169.9762108974619,29.079134408585706,1
375.88568878915305,120.31444322985949,17.025015858014893,1
325.08161711203485,65.82092216560433,2.813673534158413,1
220.27080515617183,73.74895378215282,11.826235441206663,0
341.24267215257385,191.99235636586087,6.214324318081795,0
300.2714903456414,188.70036042904886,18.578624336784067,0
157.74171875919936,140.02022747029162,16.70087993686586,0
349.11734317256395,68.06037324196475,14.305760754639765,1
118.96381704521298,96.55027206629616,1.8492810000130815,0
108.94103000848219,139.06354431897344,23.360776627824578,0
106.40360204049509,168.88730960375477,22.28643273639103,0
279.0191226881333,71.81826338231191,5.459494240656209,0
397.918979466145,152.1903338528397,7.949028764019451,0
378.765937172339,97.20243932333133,16.04616522581281,1
330.2181624242563,162.71564220116517,6.181419893501157,0
476.7737447799552,53.359132565681875,23.31692254186864,1
467.8177596698964,125.04838305820451,22.94192707687599,1
112.90166835071567,55.781149109462746,10.894897544379198,0
194.3708372633879,94.61693560863844,6.95473301595418,0
251.28255775521694,55.6633796428732,14.509773021634679,1
437.77974679487505,99.7268387329536,21.86504195050102,1
133.36519440528517,94.45835826138517,23.70992630121391,0
382.3723722457957,157.98020499815732,29.238751539117917,1
401.6924015482783,182.27428476544156,17.414037703244215,0
352.20536950269826,82.84622845979874,23.230033722299105,1
395.5017553185819,186.95290810168868,27.359621837189604,0
345.399067451875,168.88415084706173,22.136715122592552,0
136.71662564742576,91.63971727365968,18.16456925864298,0
489.5391286336774,100.05788817784824,16.302327209567178,1
236.0364210392028,171.71658024455175,5.558842760467024,0
229.96552889599192,137.26121193119485,23.205568520224276,0
270.67804058915505,97.53016290349736,8.21014400423432,0
492.3893791391457,50.791215598504,24.558970411969895,1
390.58020196494437,141.7904532043427,23.237270064270152,1
428.1503564097165,60.64590330854233,23.088047118508936,1
161.01412223351906,99.32513675126282,21.530324079823007,0
215.21866570723867,184.7191027021062,27.231663489242372,0
462.757823497088,131.99107089395727,20.56683580822221,1
145.08531084110598,180.1755007591178,3.435402987346892,0
125.52001654801913,72.55207672328658,12.326517357828816,0
282.61419263666437,123.7782729199144,17.691469701416473,0
179.69314169944508,154.54940853182853,22.11613487112749,0
422.4556915089008,84.18028780232342,19.260874406664417,1
347.63017085508676,157.6735538783447,6.14655539457375,0
339.20339325748466,153.13431833662375,15.894655445884485,0
179.20687861677493,92.2118986776773,9.492457258892985,0
314.429937352297,133.26743352123538,22.32420192835194,0
238.44745184073145,183.27257277530632,16.783137372378494,0
280.76505343717946,134.85729621738693,16.47412996959482,0
345.5866635208877,84.77638995763712,3.632319858342782,0
136.8636919917304,149.4249679290431,28.180115383504795,0
433.9812797603647,175.70264379720896,15.024198189800108,0
319.18255740858075,65.21199993267714,10.076448585699865,1
354.36381803463155,129.04962636997237,28.64727218260412,1
329.4209468272344,190.86015243176226,22.971030275760278,0
257.5326742824034,96.3183147501728,4.628462368515086,0
200.31273615199757,156.16899201488786,29.375821558568482,0
122.31148009777968,85.65610719571855,17.896912987644956,0
386.490828771556,139.91185072145197,28.966190456222673,1
257.9468974016984,105.1099696509304,10.788917130304704,0
491.8328433893254,181.05259189716944,29.77307116668804,1
188.4566449508334,96.54146095400148,13.471368236678838,0
159.35504199223084,147.00154551554272,1.9434729166622517,0
125.45492047384145,111.2516123480847,11.152524283766377,0
376.527106147563,182.94726896749015,9.334259141544564,0
125.79533379034524,149.83500161603556,29.21563210279241,0
148.01102166913282,161.4852189437761,14.933997620899394,0
356.7829136453842,99.42175394780776,25.748888208866365,1
145.33227475334814,83.89431300470983,11.840606779011177,0
325.5056066181548,136.51135015479088,12.368134736044404,0
111.55010858606164,171.2698901357054,5.153521425206345,0
314.44930324839265,140.3810932332007,18.161801264330723,0
123.1137628219924,129.02365453469275,2.809559454507666,0
320.38228384631435,84.76541576862914,22.593244431969364,1
264.57425988563915,98.46791543927249,10.085188989842562,0
177.1389778343991,121.44284571294355,23.6951554012721,0
457.12869305127344,78.18517516187657,24.377753751317538,1
217.8696891992409,180.4422488412203,27.651493480313842,0
384.8997288801796,75.30757336094204,21.01897474377526,1
138.42130413017296,79.76752034555653,27.13867930732401,0
351.74585412174474,62.98715242068947,20.192209405375312,1
192.56093697990852,176.569035096042,21.841908628679302,0
419.21573410689905,195.8421317592632,11.766452537425172,0
361.25926570256024,73.864146261029,15.097138589555215,1
247.37145572269134,145.65288102208814,2.7884004162463194,0
215.28805093872018,110.8821267021738,9.027041672767002,0
361.4381240593006,115.79028530488736,25.6520527760828,1
201.80579067698386,112.0368023024808,27.221388788730927,0
403.63161436209583,192.95007445121254,12.485697344401657,0
193.71168117219025,116.60258951912681,7.09956270935362,0
428.8018485268372,101.53134532782093,24.445359155789916,1
467.8416310847622,153.22062675310406,21.583845836347678,1
288.91527965871046,81.65785331735114,20.799466030520797,1
197.81775205270065,164.22846018034608,18.86479269844274,0
185.48603869303912,93.14585905068361,4.154915571557879,0
334.7056428154898,112.09031754788492,5.510505677177221,0
220.0424156422273,139.64626693368024,22.452059253318534,0
118.64648545875252,131.53566110484186,20.706179311521336,0
130.3866015319473,59.65663962009172,27.4152969905179,0
130.07887597439947,177.68721248574013,19.09535793484593,0
128.15644239122366,198.49171995057173,11.919104877600772,0
202.1015598534458,177.47481555787544,1.7753338202731204,0
169.18855591655188,100.38733936287497,19.719546780323924,0
381.8584335559186,151.09605658727745,5.785846455263649,0
191.99940970101346,121.097714259182,7.047692575469823,0
246.27854279958714,51.09759898367542,5.188318016784822,0
227.60715779506148,143.642937006035,5.1987006581197805,0
275.5734668712777,173.18400149521273,9.681217055249592,0
299.0466972097108,125.14649950857515,6.855548417553004,0
344.28680275180847,70.18560150298423,13.616463579793788,1
225.35665059201668,172.57033242265476,15.328008821105687,0
323.4100805019176,81.127060962013,20.604274894086192,1
281.1049106208633,51.59638406129258,5.604612438017931,1
197.69877969478586,171.31104936173898,13.499816630009365,0
380.40001414156666,132.16308808681094,1.3266969216938818,0
207.63893461796297,154.9705428528886,2.9907907517272294,0
113.68341378152942,102.24009608414926,3.3162536989099767,0
334.86250017658534,135.5318089963635,10.999653194497196,0
306.5445580484635,53.52540230083959,1.7557958937943257,1
129.92433117774786,117.26890198179838,12.13559137019617,0
244.62243525551776,97.0188291605053,16.334582284265746,0
260.4541967997485,102.38501597899024,24.555524536522896,0
377.6008174551769,140.2515835015842,4.298172487330733,0
308.5516077623124,177.00477952597873,3.2167814054321937,0
417.48338889787664,192.97074718424125,28.2076286675898,0
132.15014700737572,191.52953543134217,27.947286416903843,0
221.9443514329138,189.0792486343728,13.007049689127633,0
194.7219259112834,64.3403275728246,4.755597799070087,0
270.89773896428164,60.147667611385955,10.180902015773144,1
437.0815679323196,180.99422202525366,9.410562245210658,0
376.6326817959468,118.03727664977734,4.462361246954099,0
326.62017553246176,116.23234231987087,16.42646850123053,0
490.67736243647386,114.21800536470553,15.61596825527058,1
101.27880167345648,184.99812143283938,10.557458652825602,0
426.075555770241,112.2416557214221,28.11795057039014,1
385.42186487920054,136.1631936281397,11.119675682330799,0
430.20739240234025,67.34079480366498,9.21028867450495,1
160.8451488575108,94.84912635682484,20.497951886082756,0
189.33810939657133,121.5874114639904,15.6069374405992,0
406.9393732527175,135.5466132141587,25.69465786988042,1
293.8885578734676,66.29717203271947,15.093792735644293,1
497.85265860761183,133.17880416355214,12.073881294013079,1
126.25300170943854,129.88705216032042,29.168765721417866,0
235.73240534045112,170.72604616583703,26.60791422575146,0
391.61312362283593,137.76188122368544,17.642308633326554,1
384.64290226783316,110.55830971690199,9.91606429210686,1
446.37965440272694,65.99066845397205,9.778032572533187,1
399.82156161125306,63.273286708405024,18.514447674168036,1
226.5570329470814,108.31462387447408,12.214673984977862,0
418.6725985781857,119.02078648039281,21.790187395447212,1
443.9407413830769,186.65139374009874,17.188816269120885,0
268.807032579869,114.74527772340427,7.930402183883992,0
257.68092672339503,82.77710239615888,27.83288970798855,1
475.4408943098991,62.94384802872656,5.042012944887557,1
280.5341367454473,152.21920036755245,29.473873059677533,0
410.23467558121536,114.22971838030423,17.591007182073394,1
169.51230424473022,196.59629968349012,22.53217518340083,0
175.42625302408558,176.98594797362134,14.85939884134676,0
284.98722164570086,103.23452902424663,8.167394274458822,0
196.43529767669804,98.3675024314402,2.9024105836834346,0
257.3707923535402,184.89710083005554,7.499151849232788,0
399.4969232768236,85.78822279917986,13.76504124919965,1
139.4402492395659,59.952438781149496,21.03346781012902,0
149.04078698260466,83.13505469896104,5.4364862949419965,0
444.01734076831747,160.83257842540453,19.092442355416306,1
221.232906151516,184.65682343452784,7.763697041706831,0
427.03573293139283,127.9010217784955,25.396832970499258,1
420.2125696876309,131.51483150989606,20.512138022350452,1
182.538503021184,55.249409373053886,24.166230957297117,0
499.65815600475827,59.58380906562553,7.607478222843466,1
102.24496315090606,122.66511831206833,21.014930517713204,0
108.26676291302344,164.11440661878152,26.4982322988836,0
346.8114928606334,108.39184419481927,26.946176464971817,1
423.03844793001815,81.60700541539981,25.84636916674984,1
157.0478486598531,184.03114979561715,6.757857561450461,0
269.45511922702553,181.49831122529582,17.772622139352613,0
453.84618703485404,61.48015249533945,22.969031799950713,1
153.74155388377577,132.0306863415239,1.6717265170490834,0
259.2648577845765,71.0414872928661,7.201845082636564,0
414.919799738539,168.4438376398468,11.612639361504552,0
376.3626683523565,157.6664805933197,27.762299861431266,0
104.70686095860606,183.27299425778762,11.369713648901294,0
465.4891804588056,68.08631012107445,18.37517722153212,1
253.15521038893615,129.63546400818575,4.663307511342158,0
136.40911563065683,104.20092468239258,14.55486178135632,0
354.03605282398024,101.38244594504502,5.438876607929366,0
275.36836097981916,182.38183106701374,12.142765244014235,0
110.78359376193423,130.07863818806817,1.2771447750498846,0
388.62929968152747,95.34545236307028,8.238160284982,1
219.35237395671652,179.1528290715117,4.800006202601817,0
166.78088011017508,71.25723828441039,21.155297931404082,0
226.4904530131459,108.75040168334394,7.937613847325301,0
316.4764105121342,156.86391700639564,16.679684684850614,0
202.7027890329964,100.61817414479246,6.56197691006455,0
251.70686749030807,127.4264582576095,22.827909350717913,0
482.45508982744224,124.14342738519932,3.9982412929813544,1
412.0420404481945,107.53941754977036,10.66348497612733,1
378.06969486716105,191.01413730869356,1.5572702215026268,0
249.8177409379663,187.50830419340096,7.486899201497404,0
474.2836781892902,179.88180058907938,20.104564270435866,1
131.04097407578678,83.53052545786883,24.106680724707804,0
211.1851388164908,169.09343197601024,29.53835568571982,0
202.80232052675126,103.74137950437253,27.75980277620363,0
318.82424218979077,145.99257897131417,26.20827267099987,0
421.8063857075085,98.79811281604061,28.578681094585598,1
239.58912150512194,85.41330879647862,7.22960979827898,0
179.73348880179208,93.74072842602015,9.703685413475322,0
222.2970288510251,140.761170206887,17.981844878827086,0
325.83788015018104,198.56723576027247,15.727181876538694,0
250.17937181955986,173.66755217655748,9.991437498953944,0
472.09403174145916,184.267808023125,13.662407184076878,0
192.15283058147006,168.62170126475854,4.623620196106703,0
101.45048784631445,123.50999672877542,7.075373284476383,0
427.7813186243706,136.89524082829212,3.1233060244028747,0
286.05366520684606,155.27371807079254,24.31587183614757,0
388.31426497692524,193.91845620093264,24.11532636896211,0
242.0705846315602,92.84036733352947,14.283539855879283,0
492.6033433922228,116.44036440127002,21.639405012511798,1
130.00012654570884,85.68515158792235,6.69133465966592,0
350.98609888424414,56.59935648876381,18.630528408313854,1
332.56745189628407,71.84564152158187,25.547173044491142,1
494.3090795788853,136.5275436370472,14.823011560300374,1
213.5040450511313,196.1212657699123,2.0447216154243106,0
451.70121237607674,84.94152632425508,12.313902016936952,1
173.72467107827595,166.6774322155036,12.867206031408294,0
244.3766278316673,168.7716529677752,11.21789176326255,0
499.49297020021635,149.37676531418975,12.752346451037457,1
273.8161668177082,142.7122356867368,2.6794436153262713,0
243.753622279259,198.17606118396787,27.389994990535545,0
469.95461977963646,116.20180166443598,10.108024086750698,1
472.8884732699639,70.17763146198624,10.983361187592124,1
413.0392918564916,162.91601875400542,8.978827711767828,0
139.77076809994566,139.00844665984079,17.39365773588401,0
402.81201518215516,183.4646746363081,5.133745165735466,0
368.25652536812925,186.79110173749083,18.39867033725081,0
129.97262194369904,53.40930175787026,23.501268205436713,0
458.862025005127,67.9887063887753,5.203972148738611,1
189.38136494912476,74.65600899092868,15.801679513373932,0
462.322400370199,158.6147690349335,12.386917172321487,1
363.7790835704715,135.6445782270417,13.394621577965152,0
270.7960506574145,147.63414425752978,19.403642570033917,0
329.1708062340034,73.47145112287346,17.090412623258654,1
135.7059535187969,194.21788944159098,27.771990756477,0
175.54102791336166,121.63161653588568,10.458300297489398,0
150.46150344381942,102.28880276775357,8.633597650097897,0
118.26548357137176,126.84564445531467,27.170085626378764,0
282.8775060407228,148.9377707144324,15.084970823205396,0
229.3650403976383,165.25102853535873,26.721621058977817,0
242.93968026371516,117.96453582648931,11.109684298665872,0
404.06462718184736,176.25690986227062,3.2284384273487796,0
270.97262097826047,52.35789600292289,8.164679632271493,1
290.71740652802833,68.87273474739968,5.314137431452988,0
316.5149247044526,98.54734856254092,23.003833973830563,1
116.69817906040261,115.77505224362511,14.49561541419129,0
473.4745828757861,179.14946591554383,26.88185786776657,1
266.465809481302,177.31234260507597,23.766079582511434,0
448.4107166591106,139.26305683069458,22.5516620534848,1
346.3302722254182,118.1517191677695,14.51073445019679,0
221.2099692244212,123.37087482665713,19.24028671054788,0
296.3087687076693,158.20472487092428,27.302808066228025,0
109.07667532192087,156.65848939361513,29.568181722647722,0
297.24816876197895,166.89612840608876,14.952868812735563,0
130.55041337151735,178.75713844545817,19.32191027855252,0
378.5839746742683,150.44594430512956,3.6640298207689934,0
186.85120210069365,58.20866839159379,12.894716682690749,0
466.94703126569397,63.9425815790506,9.895407477648188,1
381.2934884369182,84.07949400852857,25.627902089036347,1
364.4193688067844,84.21652949063447,6.012694648505347,1
451.0752919455622,99.88800217461238,2.0107871285729417,1
485.993305942105,85.46034868474501,4.581713579197383,1
331.21838157754286,171.01578242855237,28.4108818865775,0
153.71582582190197,55.97116916308059,8.144765613768195,0
276.87453406366956,105.02870054376922,5.869084636498794,0
477.6346554591453,62.57038257007895,26.02540017893351,1
334.76852730154746,108.81799638152256,18.62351313723132,1
406.70964606243183,154.01512938907825,7.357758613420362,0
216.1837978566893,119.41889311531516,4.854589362651584,0
145.47066291258037,160.70734549202186,22.155076474615207,0
466.87939796913753,68.5816876713576,19.18082747757158,1
485.3434832998532,71.81102954211075,6.575615009145625,1
166.39419595239792,115.19422401948007,5.559835465577644,0
212.57903861215746,164.15859726032446,3.969497073562878,0
388.69308098291526,90.45418713393244,28.35782523939249,1
311.51003604904713,138.52864791902954,15.116923500080578,0
427.1260768108936,54.188715217587514,22.546410663864354,1
269.99936485235554,135.21056700244233,20.857731326246252,0
322.0287753461596,112.70959838509985,29.060411468271628,1
387.4950577243571,170.58378481530855,20.40241937225694,0
464.3141546512045,116.86425882252055,1.730141225459278,1
204.0749582373266,84.84910890338783,13.16209163979086,0
303.93939245210663,72.7625736493535,17.21450576472608,1
394.09068254582394,197.05505393285557,5.5252269782044765,0
146.76781721595552,149.40496053417712,17.722648347919048,0
469.3348040158888,55.564482475941965,29.911472521042196,1
468.230609714136,112.9124386366349,10.809102600837107,1
401.05354139571415,88.18919148463749,25.306269610430764,1
398.053277792295,162.1195857280054,28.06389008522005,1
113.8944105246154,140.09988263331667,10.208449965119058,0
219.8384228930925,97.71908218548776,23.083714987110838,0
331.2014380847146,106.75831393891356,2.4186193013077952,0
144.0740005563491,118.8172695324241,9.269631768736419,0
191.4021665511941,133.08277871138694,21.518792488854146,0
221.8513382911838,94.14020996289567,1.3181099023115426,0
152.80048516075652,70.87015847149881,29.345655745080908,0
497.6644598656312,112.32064193756628,2.381338083103145,1
144.12033070236174,93.34450665973952,3.113364084740763,0
345.97695676607265,54.09187898304699,25.346447248405447,1
273.81210040859753,132.38350784697315,6.920423842506127,0
410.84778898980153,79.30832623878048,16.918377209440088,1
315.4325200248817,178.1001691042523,6.434788314532583,0
279.56561181124755,54.6594797904517,23.10843035700556,1
212.3943789892876,70.66291507500827,11.029467844442529,0
197.5112816992915,114.2352605094303,25.160509784665088,0
459.2218252751984,98.41600924317515,19.111819129924623,1
266.9417887847497,132.784518318472,13.291811602077939,0
148.32508391417633,118.27700170420637,16.67397956779439,0
398.6585162677577,77.35838703631248,2.5865479807311282,1
156.77608599754586,94.3237772061358,25.14361979141662,0
416.10763299883115,50.26977567970123,15.332141809636529,1
238.08405076045526,77.89391789968694,24.10613843864381,1
318.98579681002644,117.7989660530727,7.600363993458677,0
277.7495821555813,94.24788307579672,21.076636541559402,0
402.4306101396465,56.35004072712955,27.92127051141459,1
405.0480119183419,109.75257183412847,29.78340249003175,1
485.8813935573881,193.24946755047645,1.1909422162871603,0
321.5863857872916,116.13618608981213,8.730944100467177,0
197.77082258345968,150.20465204586685,5.790330709919455,0
354.2672409248049,55.989080217134635,11.699966997590694,1
162.01253425225306,118.20579907276094,4.7004749793098295,0
366.3053899814166,163.0213117152956,18.704734949699155,0
319.23255294299554,58.40039072266836,19.89225640953192,1
374.7212828294129,99.55489464297924,29.85407987694649,1
448.43230516197605,181.2092944738515,18.2997354007943,0
306.1967691959982,107.87136472280153,29.336450402572318,1
411.3750264610223,165.08046686251788,22.006595624853194,0
130.2896830360889,101.51278067981674,15.474444635777688,0
281.1639350394275,63.84075486695285,21.17289527923271,1
233.66608890758607,180.08892216474013,6.025950390331084,0
242.913863338069,57.97877097767914,29.16509888408212,1
479.0761009008902,86.4808625186298,26.771614965348586,1
250.99103647939017,142.04629662555206,27.21396599335832,0
453.93333429305665,60.544159115186424,12.432044166957708,1
468.49323907602655,71.9921548290618,11.562596499181527,1
260.00254573617997,58.68701362456085,3.23993289954063,0
142.38939113985398,182.9616396602055,3.1073259194560254,0
154.52022945334323,103.27996578243369,28.270183150056525,0
487.7728449316661,99.45504376129949,26.58931626701484,1
169.45571083293478,133.32987731782646,13.77800313414445,0
393.6545115588622,131.37522095217497,6.249632718516959,0
139.8590678469148,115.28086236335386,9.467214259390023,0
225.98536699423963,121.68169976518149,7.847499692146397,0
357.0010650772736,196.5100121127741,23.756109264011346,0
488.66359189164433,85.30396650015082,13.40221011732891,1
162.34688437813674,84.64356396032562,16.01335440888991,0
450.0410445368335,163.8049149236736,21.05136445708743,1
128.45492942242288,104.89396916612623,7.600318292377606,0
246.2721630981525,112.35627881333869,27.405683516052477,0
394.8013425174317,176.86911086786793,4.073937260699722,0
451.9347368265095,103.8821613986552,9.569933137274473,1
410.0098450895336,168.5928869367038,8.386894402589107,0
322.2622448490843,194.3995936922124,10.829433155045926,0
441.60487141210996,155.42526642586125,7.090695032979594,0
116.60279956177284,77.31872826451256,26.983127044410697,0
469.0440337241405,108.32605246517218,9.301514679467532,1
399.58676471250965,67.86736323334833,18.140551143542012,1
114.45153610827194,183.3190877077061,19.109132266548045,0
387.8014353721446,150.66373149686027,13.039872620372888,0
162.5028413693496,163.7397810898056,18.948977016976855,0
237.10670361119827,52.28341855164806,17.05337428660378,1
166.36149476760812,61.204045314991866,16.39142088409903,0
260.1484272303507,70.35412774122031,21.460758561976277,1
293.90610817076504,157.47479706434302,26.966252509395332,0
424.67987013376376,169.378535986038,14.591281187519032,0
405.48676171020054,169.92493748918747,20.12880965350046,0
224.21954813297313,182.28423085864154,6.418890225342951,0
165.6710127245265,137.74650758107677,12.793049692323695,0
212.46415741825638,161.47968047864447,8.077453986071763,0
123.41644832245358,177.47436180779476,24.953586128390267,0
129.45936713864725,96.66592285918509,12.725811886261987,0
347.7779416404477,107.81820446011483,28.182080889608944,1
121.96329525405574,133.18505324082795,13.323064415302397,0
346.37295585810836,121.61120474838131,15.302143932248482,0
162.46559939108317,117.21531216067224,8.376052497136381,0
170.56690975552522,175.9019822950148,3.244252603927439,0
478.11259182645614,146.353435240654,13.894858820998468,1
381.1699646188074,139.30008188589196,16.737163884219747,0
160.08284598466074,101.36870175019153,27.120296850393416,0
100.74481904918287,80.72258685378225,23.697227673824525,0
273.10442439561336,80.14856303855854,13.810585688768846,0
186.86018003899872,90.22286877807743,26.74609461631532,0
450.3027363698667,97.47288708706071,1.455275146918861,1
116.60881852201514,199.31353877755348,24.888981682466508,0
134.19402867331604,197.23380622953027,22.843842194981388,0
301.74512320988583,131.18033916529708,25.303147113195028,0
210.77780012190755,63.33896656651814,21.172671785056153,0
341.0505920609796,129.7178563769089,16.33636834623652,0
197.67228596101577,77.47187852640317,10.689785127438752,0
450.5789322771995,102.07269136264657,5.0090706831304885,1
401.70545845133586,83.20803704359491,14.481511665167643,1
454.4338949859286,105.36647098586505,19.08691512452409,1
153.71311023991944,128.39197820056717,5.8766608098592235,0
284.11949890842146,102.97113776669002,11.053810979328599,0
339.50257668743905,143.81813561634272,17.32981484559116,0
356.9428672523912,109.42571796503103,21.51409416731182,1
203.85918605592406,139.689865908937,4.539278315208203,0
212.32156674509542,115.63726286287844,10.701501962889711,0
439.6314261155702,108.19409736416944,3.086328878990237,1
495.47537403191126,119.69434064236572,19.164515807398836,1
278.5481512108133,95.94785941750237,12.767302524607139,0
469.2362366820504,154.55667905856728,23.550287597410644,1
370.74084321990307,147.37019357968177,3.8545028017736453,0
127.21332096252058,146.11842614141773,4.213432250448573,0
364.82178270756066,119.71959916742318,14.15123423575507,0
309.5833245454502,166.1419081035363,4.898416594560591,0
365.8344131614121,109.59178951370583,24.559612716833655,1
327.5846838872169,116.58735506935365,4.413906299675413,0
488.35060695957264,124.67163703141108,20.15094196302341,1
174.22242815706556,54.232203489364586,17.04676713785224,0
494.6103146911545,162.92269680958782,27.754503200390477,1
339.9227762707551,165.02704926921842,20.384678075677787,0
165.3648014904897,100.12771182450334,21.937019468873377,0
320.7856329206211,128.9235996041602,6.630408707966715,0
477.5977943428317,111.97459533976371,26.80094079466595,1
187.63474929456333,178.61584426416806,2.5391858155900584,0
299.08722129530116,186.5654839938943,24.542554986756006,0
467.6595820114878,125.7653468109601,1.3861192118363364,1
143.1296059737004,171.17112659940852,7.541884087091925,0
343.5935098967543,64.67852901876755,16.33423853385588,1
385.0726232873629,50.92044201828847,7.869299885071906,1
213.5622384760332,135.59135077478874,28.452864693305774,0
313.4254740470209,83.03739504892124,27.20130363301153,1
131.53439099915695,59.431216136180204,18.372284898083457,0
443.36100986027395,172.91405826030956,1.5012986813929943,0
340.8046347870096,81.20266018373573,19.093234984569378,1
194.3195843311298,173.50290299656803,16.91808527777426,0
204.19532983773746,103.07257261924273,28.476044053763715,0
101.04968715851324,96.86574947744796,27.455531479467883,0
434.55620952567557,199.45910314378852,18.620855911800508,0
246.98284211563964,51.444752909404656,16.164575312961198,1
248.73055966025865,192.1054453699572,6.0381317270162596,0
473.01182201173435,110.84150633751314,27.52159581142587,1
199.70548580177842,70.16350137860948,6.815291961393687,0
306.60891571848566,68.96267362854987,17.355242610862145,1
443.52632410112005,192.32468338749672,14.203072999835339,0
424.8283554554143,151.77708018753967,25.764768017969747,1
247.56049870853602,74.32793837660168,9.369202093295831,0
182.14702516675052,140.48763008732044,28.173865976504928,0
298.3564961691827,105.44435250003706,9.756562561161198,0
370.6493663802336,155.1438901208399,8.182285058756985,0
217.8648410233472,151.4739689823054,8.230879780666259,0
136.27290247610503,114.7890622296835,15.430561845829171,0
241.42030175605095,150.31101671696592,7.521145102030438,0
269.177720751754,102.89461061959945,17.964085497809624,0
321.4906104748025,96.02961411631978,29.793883115704592,1
123.2953741899396,191.56730475635652,17.81105446730773,0
319.48210393465524,193.5720983544942,29.943667434138487,0
431.0892834106051,166.06333363609042,13.71361963332539,0
227.35590348791038,178.59463683082902,21.945260833335922,0
393.8660895880679,139.16828220749218,7.601075202742809,0
489.076545298541,71.35410302296498,6.3872404029596455,1
231.60143513835814,131.3533150160452,3.6693098919352884,0
453.2663407839395,92.03764321188001,27.365723030486713,1
398.2420187075352,54.80732645651332,2.969122595396132,1
280.22902790456044,132.87965822756627,21.558545526122575,0
368.2156957544475,102.44892112526787,1.0096417805419682,0
433.7741262866091,181.2472181393234,14.894253493753409,0
287.1696934031792,163.7762874876069,10.95403535534076,0
356.01861907994106,119.66718825655586,29.214057099271876,1
289.53211014663617,114.56438837168605,24.77313818111821,0
154.26722660257113,143.69088783858047,29.115333428419717,0
301.8802571371676,140.73381730670542,13.900057776021871,0
166.79028394099805,96.62192421216969,21.622598519604626,0
419.37326634266145,119.50790590826897,2.1941995781403145,0
198.84887431394623,139.63778511660252,8.50640398414556,0
236.1422416457184,77.84231017037027,24.759134798705052,1
150.5046755493868,60.271553000847575,10.288046701043706,0
256.8573128808604,71.99124994617597,6.8293415325120606,0
248.5779623861469,176.95234985345468,15.133007021085485,0
217.32002290468847,52.50379173341902,20.725425940514096,1
121.85312700079471,168.73515646133256,15.72853776397741,0
343.84636780190664,123.73926654917427,7.379992357610223,0
451.3007907550926,151.06992102732733,25.623747506034825,1
318.4635465531537,101.24333288596722,4.986465169849714,0
103.03325601717175,159.83882228450955,12.995370772361722,0
302.3137754408584,118.51945811853005,11.353722410438335,0
262.30919374940345,144.50495309599103,6.663302145925988,0
362.8624546835223,81.08634891408181,27.16746550410938,1
135.88472273432748,172.9985804726336,25.843502460774257,0
273.36057580382044,86.11969403033878,11.445050412310081,0
155.27710578729676,66.71134875165771,8.359886695589996,0
380.0180399360589,175.8329233909556,21.881458756363354,0
397.5318895089961,190.8777979046842,14.000909947080919,0
447.71723066677066,86.41067387698789,25.02541746011652,1
219.72664386920695,198.53914482892816,11.947225128060863,0
440.4065021183486,190.66019483109088,29.636789382559268,1
162.82287928413743,182.21720924031388,18.384254391826545,0
254.55684283551903,98.047627116309,12.439798490831302,0
215.11484947060023,138.49837601624648,24.188941804542274,0
398.2047428577603,51.99469017188626,6.254142825419032,1
417.34270675171723,83.33296154997706,11.593433507498869,1
342.06933245812894,151.86847307434618,20.62396948875266,0
477.0554920250774,95.27010504778181,24.88263821760219,1
154.9779714079737,94.70005204836473,28.979059299154077,0
231.8079604384455,138.9003068450587,17.43122883517223,0
307.69878977498547,80.99489998148627,2.3854795940007563,0
449.7124157533174,85.74889445212793,21.419642753291456,1
365.497860331543,90.90797921644108,9.38252241812454,1
284.3201899526508,86.00859927373077,3.0997734427489676,0
373.3607962672559,199.30551495621046,19.121950473704413,0
101.76978183610417,150.1203087444655,1.562527821898966,0
283.3736934006346,102.87400908833564,12.354602417138713,0
115.4439432704058,198.02111298530437,11.983835165609314,0
190.70466290460462,81.36968379393586,21.328931441903073,0
390.3380709001552,112.34076958179537,21.715196557431437,1
398.6046818310223,172.23537057930164,27.786879512766035,0
191.97610576620997,82.01571447054951,17.588168244402347,0
375.4473000480333,75.3876183198405,21.140781209114042,1
485.4613442856728,162.4854100269281,17.03890176937025,1
444.7141917683697,169.19066854798245,21.188516554928583,1
316.8801759488358,137.1441483281409,8.206748304594253,0
314.03164195146775,108.41100153443364,26.40656610159654,1
141.751975507889,173.52579863486326,28.52528991940195,0
374.7788523255678,192.60698738058107,14.326203173434687,0
105.29310495043033,55.35562248171773,26.219108311455,0
334.469725969689,69.70861611756223,22.376919601930567,1
181.8011742680766,164.8477615034255,19.124082656507714,0
165.36027675144945,91.502918543073,6.243642167942298,0
454.2651871486248,198.81010950824341,3.111138797473041,0
141.9622419228185,89.52912686368595,12.98349128737185,0
496.06586089075523,66.2078888789214,26.99910103672873,1
244.6986728762625,87.14777853536265,19.22969714839614,0
344.0649124909587,59.95323832276057,8.01665182518052,1
127.85493817167875,117.04894983519239,3.8915591417337927,0
455.918804902606,88.04018063104937,26.746230059469955,1
228.11072559179965,92.83651802658653,22.371581877165152,0
194.946084962579,76.39180118830444,13.575224103164656,0
382.92074131481024,86.47346974656412,28.66050398586991,1
183.5825967695291,167.31509051011273,3.4689456442891182,0
272.85815052132256,109.44505749370492,25.625328070814547,0
218.3742287463676,61.23391534146196,29.202606025249597,1
474.5679235060817,88.93650055917526,19.60588202889881,1
418.50516652116005,96.6835082783025,4.524749101933689,1
220.97941311656663,97.27112339763842,22.175591734213242,0
246.10261389195563,191.08228093533813,7.914354857523146,0
217.5101791151441,167.30317836146162,21.37058291378587,0
344.61988932958707,193.7398695934811,13.74842631440291,0
413.6633243865087,86.01796445651551,15.74534908818681,1
460.2238446896143,62.16574970401095,11.488811340730535,1
206.4542201230559,101.76113996434393,4.213839746757731,0
198.274537454058,82.90705797400682,6.762124270031764,0
156.38672842127147,177.1081257427988,12.84631938141759,0
403.4612995928466,106.47073723609131,27.16686932746216,1
133.98117023777027,115.23861621794572,5.041494798629572,0
262.2640342263859,97.59106286407209,8.790030411446317,0
101.91384163630804,126.90063024140754,3.93897402659722,0
376.6297507421412,149.26429444734225,24.150172945493075,0
386.3916196830657,126.92395769055915,6.752569322133252,0
364.5267828887003,142.0089811122577,14.32924767452037,0
394.2860323930142,170.80817752365192,26.090078842461434,0
109.55696611648284,70.18013983436704,8.288327917816122,0
256.83198785411724,60.00179929498574,18.963072850048388,1
242.9311052493255,66.67805207147268,2.618114246043549,0
336.05015820354356,143.02988775175834,16.84109419441837,0
407.3640767190289,148.78205984522253,16.523152023989873,0
305.7956380366843,102.02084525445377,15.039227767561359,0
389.82564589474174,112.18519604366557,10.18036947894456,1
276.21063664300567,193.70658962533193,14.775853001665547,0
114.22851503583789,59.23634894108345,7.4929954790869155,0
458.784370213025,138.03319977156724,15.55306576804567,1
228.48798717161446,79.48500993817468,3.0200762454322065,0
286.2136755541939,54.80616252826867,29.346420083115053,1
260.27324698509454,124.5617673814365,26.67884143600376,0
306.6258206968529,81.70299715834861,27.194895613152635,1
221.35930432156897,97.40489095504554,29.55789482919952,0
285.21871229692294,177.94031361197136,1.666383652301855,0
264.10996087389117,190.78588573792626,25.17754465606646,0
111.66119139420428,150.88842268411844,12.07746955723087,0
357.02096200218267,146.99604600297715,29.585805511094406,1
250.97080723616014,70.46870885855668,6.170812941051257,0
379.35778526727074,72.52808366506687,6.26752785751008,1
447.99725844372193,99.94971004257295,24.82956254324273,1
403.18010267629154,57.1861813346416,25.891969553604365,1
462.2420541158572,170.37427538760744,28.363185515799092,1
369.75494850506846,61.25610880068493,17.518463509189427,1
409.7968243996853,178.25558474337092,1.12944407782528,0
214.92004469405924,130.33332298993037,25.769687235864424,0
443.8803096722788,119.40733050074358,13.328434263819172,1
330.6409589642852,76.96158910638694,11.226523106466269,1
454.78735386665943,61.08677963295954,5.890706605791282,1
291.7171641056035,132.651038825509,6.2865303221293445,0
383.1573160288221,80.69784785315039,14.831723572466672,1
175.73054682582364,61.49182493913494,28.715315904694954,0
376.1982719158496,53.18845077148604,12.88058807682188,1
143.73648115911024,52.343782992623886,4.228952610791607,0
453.70189746654205,137.35916015093164,29.266131539298147,1
342.557438831952,153.58404603180378,15.028973422244317,0
418.1648864229846,174.13358992586987,5.191532419288682,0
329.45687788558985,139.51706381569244,4.174240224878054,0
212.8457733266456,98.69514325945144,3.672441873871486,0
219.6792980996052,55.48556854130042,17.078289905332493,0
443.1841438455904,196.49765336752156,4.1403012276974565,0
288.2687238961266,87.2700753607636,12.643642363425785,0
159.90584991907048,135.44180149093967,25.523558742056686,0
350.341286743487,68.62185813888573,12.362329378526816,1
469.7155544678468,84.90328081383927,21.650591606265138,1
110.46621123482706,140.76120841239984,20.076663954733572,0
187.52664166574937,60.333385362179044,21.800803038268494,0
103.97624231860192,148.92522372033318,25.492695931388063,0
142.43541032666988,149.81488658269268,15.977739018115294,0
390.6524294905246,189.90171839465597,11.046344745081605,0
211.749936208837,92.90559724526312,1.9804766785927428,0
144.86067400323964,98.95773575152703,16.246428073721336,0
244.52446301266457,154.99635741487936,10.264018285006681,0
311.29436479212256,91.67059286472542,18.52795055070142,1
166.38573644328818,181.2038675737662,3.048262660799005,0
231.97904374808041,130.37071973627133,15.405157270625127,0
149.34019122858425,131.75625433019638,5.859195005049919,0
449.09743448279585,177.69475692705453,7.653805405486056,0
271.46817222954337,121.14206489230654,5.1919998070747795,0
420.1474720805683,82.4530522390915,8.399705192201171,1
365.6424763803864,97.33288852587337,19.75314354203096,1
251.15457073289363,191.07070181867786,14.488037234264535,0
111.11233380391235,98.06014172703284,6.591385335104352,0
321.01478335038644,174.62458484161812,14.067572357107956,0
147.39174024916088,123.68636945282063,21.09884258303602,0
217.46745107485356,138.1713918873316,21.538572122690233,0
415.630821311355,66.72544161924264,10.470116351666539,1
182.70940750630862,161.70208421143923,23.459681487786384,0
141.85107163592176,150.7523185100468,16.97690762339954,0
123.15207789504719,176.02083086121192,7.0200426697312315,0
108.39808837345406,185.79956525443313,16.270562417484655,0
327.45759856637824,50.474901307013745,18.194734823225897,1
469.2447921850096,159.12031175703285,21.836665652408207,1
338.06744968326296,193.08007790840998,19.658534254025398,0
359.1120807526755,138.11410585897153,3.059564290976983,0
428.65377662277695,174.3696198384193,24.57607852919347,1
384.47255442541797,182.92728635613932,27.29662854670189,0
211.28160842209556,133.04746836383623,19.221879155650498,0
110.87560258126618,124.70439771939306,5.870063937792988,0
139.65610506124833,192.23576217973988,25.16437070813597,0
234.85820392707794,197.9091863626649,21.32416721477126,0
427.98860792374376,122.16428406211227,28.378909815099462,1
136.27354009725042,109.76766616393621,15.731433374987736,0
183.73109976361508,126.61842048948739,11.075752163037947,0
294.19511894377246,78.39064867680804,8.824841277634828,0
457.62209900685275,175.91578838814388,27.22797217000189,1
174.88101042623708,109.06302879949081,27.945288256664142,0
122.09338623309547,131.45271179483234,26.57876488437529,0
386.1394846948156,75.31584093847265,26.79055905488018,1
323.0307343176038,87.55955981790622,16.746541746404702,1
186.93773818063212,123.1033635351881,8.134924604511024,0
211.17388284953313,187.37923370605793,24.363098718508287,0
132.35604098996242,182.7235102569263,19.294649075931208,0
312.3123975522876,92.85209173571309,13.759586757520804,0
457.46712636885036,185.54626007732443,27.53169005630504,1
472.57090325808974,158.48180760840432,28.479933293359238,1
189.02865485492345,52.618336568662855,25.925280345579363,1
364.8326778722892,133.36258064963954,12.10259133701781,0
136.63589147828702,144.66947441888513,19.449809367947488,0
281.39643864435175,66.42161358164024,7.254114276485078,0
146.55047706234598,145.06905047968377,28.397313766798664,0
380.88886395752155,51.250064013649876,13.093099291495305,1
411.6052428572418,118.98673407785977,22.190239286502685,1
494.37822016288123,86.26205442823444,26.92327069773846,1
225.84070002401253,179.87484064193862,6.248951394493986,0
461.7605375619109,125.96690261555834,5.507855848430924,1
101.18100419042149,153.08787096940392,19.2742206566351,0
293.2734092217786,150.6953119287576,4.729627800628041,0
437.80573976335063,55.67961539466225,3.8052248673971754,1
132.52524006880185,77.9834836398085,20.120472128912375,0
418.5183757218115,58.52660968878749,27.45937045904484,1
152.99377331078955,65.57146864968853,13.680451443224815,0
386.2095551791026,150.23512603099147,8.546628927250215,0
343.03864321018966,199.4624302868579,21.265477975925116,0
365.38155720074826,81.33927588554495,22.70245373864487,1
131.68612539409898,121.9506357385594,11.270903529043236,0
398.191281938998,177.37820264201193,9.587475473618458,0
359.5462074495236,71.2228042194217,29.53677023308468,1
211.18509572967832,119.88679569434282,17.228281315406207,0
416.8834734841066,145.6034305160477,7.448672231766804,0
357.0006260311074,61.9542815465896,21.500291266906938,1
298.60915238684845,158.48180159354882,3.8078715593768417,0
480.6454353576219,95.18589203068674,2.9619492109581937,1
148.72882091009396,186.23152061486167,5.250519165588529,0
172.8658858457898,183.37873022591683,10.408185366673766,0
146.15070752708723,134.45228213265693,16.45365846687266,0
221.32787462633138,104.1057166562523,16.494134279373128,0
435.62726718242897,138.39335531367524,19.801549339822348,1
253.0459729080883,160.06643874495225,16.97772140774307,0
281.1072024676604,156.40375175061064,9.597428542556349,0
357.86325027493547,78.10595899370085,6.184866312762537,1
180.96798242344966,131.8071927601644,28.339118489021846,0
261.1121312632036,171.28017641763768,6.441077858627824,0
117.38249858813892,90.16214135335339,24.833693996814926,0
400.9080600530815,56.71948019854563,14.021080004155337,1
208.30871572247145,144.99530401492618,19.828410811479646,0
354.6066610992282,100.05422631452439,7.485942245799816,0
414.1642817524339,155.0609255621044,11.036040818239329,0
487.75234713997503,130.07873885007382,21.94247486979778,1
174.3963835086937,185.54622681119577,25.434907811942576,0
112.92642277821608,117.75165684964792,19.717156443868085,0
277.4577257256522,131.57024104433998,16.12417094090891,0
396.8855065358839,152.18142285255595,25.60625441381969,1
415.86083205113806,89.04403389610863,20.636265935287547,1
473.90990724953093,92.48849095461779,13.891309071585892,1
252.21790399663067,120.62134944894248,12.252544200078958,0
179.68606877476336,153.51810255963755,29.335055455931506,0
227.9017197275902,73.3388728053711,21.819036226236232,0
124.26797268853966,57.63152801161776,9.679804514876276,0
115.48995981440795,94.29858300434394,18.101016237010565,0
248.7022387220063,131.8224384239476,15.439536153928199,0
453.08569345073965,143.8560881170725,20.410518754015808,1
439.53215165367624,133.2245473939887,10.634132963240356,1
489.4125126017863,170.17834598357422,8.625993071470859,0
464.17927974868303,135.3073133115492,6.919006059319694,1
215.08503729393485,156.30286037835543,28.21402809672296,0
292.2260873413846,186.55691703229698,5.593259436682371,0
117.18360577259341,130.85825649250012,6.553983587834946,0
358.15590699569054,125.05802999193983,2.9624117805704335,0
426.08858887219003,157.58700986091918,7.27591525645202,0
440.65392025903935,83.86547036299984,28.355362097297714,1
433.6717190055931,188.7199884921394,15.902790795660176,0
304.69126268641514,183.37860750263454,19.680568342988018,0
246.2556780583435,119.50480828121424,1.2307181096624993,0
266.2668446361284,136.53271271960233,2.0751667854266045,0
360.10364689975603,144.8531079588476,22.446953671540474,0
219.0183877644656,188.20622175068036,23.542992816713806,0
180.9406111269121,115.13667404738845,22.383201371591692,0
162.76851434624774,166.71736122280998,12.034856587133225,0
154.3442440361576,51.736314679973326,13.686943513750933,0
291.7166281752329,138.0837040516558,8.93373959956125,0
162.46858977641926,165.31943558551245,8.237881264730966,0
440.3891322711986,109.85644783128097,12.039826475154301,1
171.95948213281952,102.29779922176677,5.69157731625233,0
205.18759778367576,122.29879099204724,10.469164561507231,0
382.95878810015984,60.55118785572115,12.872441878366788,1
218.40421118679342,103.45014012119736,20.449616397894417,0
499.0077033127938,108.47902304888854,20.873660213943538,1
401.1649634387951,126.73181388536007,8.755155346063587,0
469.97586008913413,183.75198421584676,16.789942481441702,0
130.36191953644303,126.23765213523627,29.70578519061757,0
347.60210211858816,187.11104891221862,22.502993506624115,0
134.61390023529907,149.7886724709823,20.051433663991887,0
243.12465685360877,72.5033837504624,19.823901963149442,0
246.48373594678685,192.55437400257108,20.383000815034972,0
107.94889976856403,160.61006125036442,8.654775351676326,0
424.66389507464737,68.40031619494061,5.323795746032173,1
318.11785353558616,58.55587089493131,2.2934026001117207,1
425.66116607159427,188.64437426973362,28.54750607618693,0
135.76176845636851,150.6348011767332,3.8755996496267766,0
420.9019119549218,162.4469292573412,14.45174129819303,0
215.88801249036987,96.69744230083475,18.426964165721436,0
121.71704915309732,198.86820255713425,17.953044111628603,0
237.75450783673597,95.9939569426122,2.559915418295721,0
270.72425680175934,142.6055841073666,28.459505384420336,0
111.31719761362966,196.89786557142315,10.750093246714531,0
358.8015670066186,104.76964426312654,26.129905087435045,1
292.5012583965088,78.51521976235162,4.347217957165414,0
409.15766887783707,91.14639520981366,1.0574810837684576,1
341.8847867450887,64.42640269169344,17.54711210286074,1
316.69081539343983,144.00527491618806,14.739399045615487,0
139.61633484624545,52.92408166708149,7.014645197989984,0
311.480372219783,172.2334279738886,16.264112356205136,0
372.0642647578724,191.89392562042565,11.102976644966029,0
342.720034738296,66.82760695716266,24.95235496974122,1
300.56421649588793,191.2825946038606,12.628742382969046,0
441.8738336635252,159.18814240147836,1.0534762257009271,0
200.90005068632274,146.7942796616599,2.290169808296498,0
405.7695476187569,142.9820791810757,21.688987046464497,1
420.59678684358954,116.35932878865592,15.303217965813126,1
498.4077717367056,124.77274662012536,19.103482198124993,1
228.79976502480807,79.64911661041018,28.855912043902592,1
251.6752619178698,190.8699687880581,27.297797077528102,0
386.7757511823737,76.67180292027545,1.7820404690059224,1
270.3620936978479,177.73671899307948,11.776293025339942,0
152.3357155085698,152.13414233514456,6.032603185839914,0
417.3029742375051,96.46247986239133,9.028857184138818,1
238.83692062907485,84.47838544564189,29.308429585409225,1
452.2607570200907,91.15453828405272,24.78358092002329,1
142.5588344012819,166.4245386515134,13.884357750544117,0
231.14884863750197,98.98302295081488,4.8636130177920585,0
119.8524022484689,185.56614698756806,28.117151967054973,0
422.47257896505494,121.34782254512616,4.767087055521575,1
429.267047689334,56.02513505917112,6.516055050682473,1
477.9794670987747,191.8978430894273,22.242856200220224,1
226.76265377566273,161.34049145169666,25.9506051917544,0
239.25884028070246,72.2790914021231,7.25059008347083,0
154.4521212885825,187.29921144726808,18.979680507211775,0
136.94426444885846,198.70660048504593,25.677970995703717,0
321.76384406740374,154.42779782591515,28.899339905116946,0
260.35026637679425,66.60453550175711,23.433138937927698,1
412.4011123162056,93.61323359654982,1.674366266544073,1
336.09123969772895,119.62011024201848,18.32430682184888,0
457.469586881634,132.2662108590241,18.51877787076115,1
390.7978236141761,137.42911627906733,24.39663301508388,1
356.17569019521807,54.73853540990516,8.09311345455321,1
163.5001013521657,80.4170979209802,23.23121456343204,0
175.5191725502682,168.09721439033433,7.812227684682271,0
148.23494951157357,65.7261337502566,15.087128563807932,0
480.74209184315345,55.81929033347323,6.488845335958467,1
149.2162733024107,104.55315637331114,2.353329721481761,0
185.91505482607658,81.25808729868484,28.79420599595662,0
279.4041297413197,192.55787199684326,3.983815997547279,0
172.6079535190508,165.66498971106193,7.548533713550105,0
419.7698768170499,78.63693490905683,22.474979857229304,1
461.1850049990043,109.2574189365025,7.518628457121884,1
255.41816409115023,184.52771602261402,7.577209245436414,0
303.3469134249966,124.51132456562681,12.134379681713387,0
416.8535816848138,142.17259080689146,18.185421488255137,1
303.33086305573346,188.81218409547847,1.4389149147566227,0
224.65592812625562,191.714677356962,11.625369758897602,0
400.18471325659755,169.92168639113356,21.586945587320432,0
160.87748297896172,67.06460338431117,6.007163821550657,0
438.3734593347791,180.5042681764286,12.915694553813523,0
256.22155695217486,122.61996069995932,9.977341234873936,0
117.66596511031224,191.84587308599666,24.02897104756829,0
289.64601426445915,124.37261837442429,24.804093647516925,0
368.53824050798113,100.4028391619909,15.070659821172143,1
122.45717934366226,130.47265294755988,12.860824535639408,0
360.57581741797435,125.9096248042994,17.63778464013304,0
440.0991112164122,114.33594076216406,7.445251439399316,1
478.31581784205576,126.85807118035632,5.950412439276263,1
236.51195015976077,73.70927664473102,2.6744962544970248,0
242.2316088606981,94.7299960342255,25.92080633354442,0
259.743713138667,81.85191691833329,17.62772181935462,0
437.805735516387,63.47213386793205,25.290701049492586,1
488.0689936718498,160.83194103159695,3.078368737231925,0
180.37908106615686,145.62978800926038,5.483432252836787,0
349.74714447175876,80.00357055438886,19.53541626675281,1
452.00593921338935,117.44415357417498,16.499964035906316,1
385.4780511480498,128.93541387195518,16.78824741598087,1
121.8433561564499,162.8376883168513,7.7068474739308295,0
130.54420009171116,181.1812772799178,4.5298741621287935,0
205.9308500957655,74.03969857568985,21.923617276849004,0
303.8870224581134,144.05211060702874,13.54458274737811,0
332.9773118258206,61.62829810127491,9.16701564703861,1
227.28219067351145,138.00553922176928,10.088408655198878,0
140.68056277477433,132.7927493548308,12.227606317664137,0
122.51694642549423,60.22079635879971,28.678689815020732,0
127.42056625543069,105.09458227551548,9.093896538772277,0
406.869367792362,87.03686392515992,1.7060018356913824,1
218.91298736323807,172.69618161788705,15.111802778494118,0
491.8984749400123,81.68731338185947,16.553887813031196,1
454.1467736603366,61.655857071801414,10.938042913959164,1
499.99477583233556,182.97745973898787,5.442374995414585,0
113.39692859064176,92.0728339956629,15.326946234841765,0
204.3788178457889,88.81254942289861,27.21433555885563,0
232.4684477070492,109.06037504083946,22.608856863369386,0
386.280259175305,77.16659634811289,18.67571023400634,1
260.7612050620131,105.53264004481036,8.849106659892596,0
435.0773314452825,160.70528814858778,7.116032931755285,0
434.25225280336434,101.21754707143398,12.11478115686321,1
471.4595547645314,150.10653857011357,6.322673994795157,1
260.3720987661519,198.08019368309775,25.269115887349702,0
267.4886904283354,182.41854835595635,6.235911056555613,0
440.91517474441287,80.84182184245125,1.4051965414388887,1
464.39781495554655,50.3164814077732,17.806400052596317,1
165.5743803169992,146.57341716074882,4.951395367602922,0
400.3602055003665,145.8973342555647,17.35898074476268,0
359.1409865465991,199.25663390271248,20.81623410765663,0
275.6917790441218,130.41751769000012,19.374245835792255,0
342.7719685748717,108.43059194215802,9.630456647755755,0
250.24370850600738,174.52160292008327,19.212815552163512,0
270.9016277903543,89.27935972802113,9.887845534060457,0
402.8386104102881,166.30002721595352,28.563484289872928,1
347.10499850157413,73.65779089857013,29.0070416953819,1
373.8191140097973,147.14457849997825,5.514216359343393,0
217.393766091313,115.56292111247133,4.667755527260196,0
301.17984166856485,187.2025004039228,3.6819184279062673,0
337.7948315711616,160.2418707308712,2.4172171135246887,0
447.5457128331566,194.07007703348154,1.026375201717538,0
249.27445238530024,75.99710732244705,28.440251005233797,1
221.63911519965825,97.7882394842865,18.6965249525556,0
144.52676418676353,112.29821339720118,12.737484646706791,0
208.39904273193667,94.64215271622864,18.762582167234996,0
206.45464367395107,98.29133812810056,4.367133730205154,0
308.61488740330674,116.07801161959304,15.087909792659625,0
443.25274048750674,179.1365922285619,25.895895549513796,1
327.6975889464993,65.73938830827937,9.636626852800205,1
446.7771272788865,123.21827118758692,20.18314536293072,1
316.9568166690718,79.24132828416182,16.477501799637746,1
196.81763129397356,105.79950393817495,3.6698400932928914,0
238.91435593872262,71.27228729149668,25.53401873627372,1
199.21358512428816,53.375636298675474,17.83715397158371,0
167.67328943668883,112.42967668598554,6.544686467891502,0
307.97586845685555,147.41173382845474,3.7856200130937667,0
216.55415726196523,100.05955099414638,25.052723770113445,0
141.92647703818454,121.39562564325121,15.620213652205987,0
382.00786812080077,51.5010821402819,26.79573847536656,1
299.2359330405386,187.44704058468525,1.1254740013047249,0
482.2874753277588,130.40184969116171,13.834087531327567,1
483.5014141922708,168.97593566923058,25.88773946595176,1
381.75884193115104,100.57984462511568,3.6825273036528685,0
497.21312495812816,103.1092170178887,25.035914503822774,1
163.0950992573037,62.02809790248105,15.336108669548329,0
407.7363262656997,74.81111243745931,15.072950377109077,1
154.68924933926527,103.17646198796258,15.331474013757049,0
161.02225459504828,121.11469867022859,28.05716377687339,0
450.58634996427054,123.0485118597505,14.57582465515897,1
127.81718205151486,101.24076694716446,1.793927114405677,0
454.2516328235164,51.808511123314524,12.894749393894127,1
489.7274729332698,77.27242951353143,11.693963720005343,1
144.54569332526603,103.87629289088433,29.17539093634936,0
419.56105258589946,133.56499565995918,5.728716011765056,0
367.4065036805116,165.03639110710893,12.81518603560516,0
101.52164010293964,142.03536674913974,14.803802991952887,0
376.89413589597547,152.0124949750185,18.094387219626533,0
398.5107002554123,171.78251943369827,5.309801855371694,0
345.5342904913203,52.03134599286307,13.652265484005595,1
335.4610082486642,64.64918966764986,4.165680240496581,1
305.1654336145889,164.31414120438205,14.420566963462809,0
349.1448342671672,145.19662826687812,14.454454332463506,0
139.10933928909117,197.2499713090453,26.973509285221716,0
373.29959376787826,87.84197023582757,19.03016073689683,1
282.7860477724374,81.01179354661471,13.428327636801614,0
167.08227225198726,179.29305797196878,13.604922890435814,0
254.03132394177112,133.5110600242178,7.321165905919954,0
456.23434832925045,61.707381113284086,3.5993040806667573,1
315.8450384067049,111.00429393885199,14.263623378115145,0
199.72414431380724,100.52361639555676,27.4410146107557,0
185.41981673726565,81.22534188650708,7.908281506284693,0
381.1805318048105,98.65203245403112,25.19537740187059,1
245.51729011417208,195.53795976228685,5.764037915234419,0
224.47145615961088,157.49111603480577,9.92156471263711,0
385.6608380774808,113.69249268693183,28.051887586962263,1
495.3955286841854,150.52202287058537,14.816359598631404,1
339.9173112641591,101.00835894157609,11.77272686285688,0
447.61319690484925,73.98033557218064,25.854753585026096,1
496.69283692198337,85.22157419414334,15.874796534521927,1
297.6860373613986,191.6906609954437,28.318825839948673,0
220.65810658139182,70.07160211365394,2.4220561891983077,0
320.0081294609545,87.49721853791708,21.8071229873356,1
381.0964796555274,59.63438586782556,9.40762923288714,1
260.39011790883825,90.65262212310927,20.47156182990705,0
229.63312341916824,70.97096246081495,27.22568492943989,1
287.16483107826315,126.47589424047166,13.101610859317582,0
238.22239023267758,174.2387553717494,4.329998810626784,0
353.61221504749193,154.63004796947018,28.38521771919404,0
298.0563515326894,54.023842149322256,24.36371942210858,1
182.47380390180172,176.42470097375661,5.141525325804407,0
379.80575051731245,56.06959398741453,29.22353710613445,1
377.38590338110447,148.51677561038713,17.299833771862406,0
235.65026454656297,76.38851956602298,11.612257594752469,0
245.91049435339932,195.9478925918235,13.831023996517732,0
485.26234900675473,196.81750691321193,23.070392307396503,1
475.71006383579595,156.41192722725765,23.837744566035663,1
389.54235496867125,88.25088071699113,24.728512066387957,1
155.86957570368108,175.39649277737036,16.357535385103873,0
343.71641036512585,103.41778332028699,6.979470983566911,0
327.8801988633911,92.50792645164759,27.221879164652393,1
349.6226524330616,124.29888417859632,9.687644925812004,0
436.9787511494243,99.06984062442545,1.4789081297994762,1
124.91935401394252,127.50970758925784,27.07134974822605,0
167.86775482362725,123.13350123214938,13.410871381361257,0
305.19350059342406,86.03687402683279,24.448276161903124,1
360.50009830768647,124.22112287458681,2.8270302835619154,0
206.88635263616501,104.2673807876502,25.983095480419735,0
292.8887392570938,84.57638810829258,15.264427295637066,1
345.5998157378865,85.80625689639166,7.990055045209633,1
390.48578491839305,186.78568336737106,28.788815337817915,0
116.89432828543036,161.63618709509365,10.800262710171728,0
428.0930345195773,134.77807323087035,14.07429912387351,1
155.34326244673025,57.86452531498612,17.96816139027354,0
337.14290525575825,184.0480381746499,29.80410382600392,0
145.34349651933658,94.58564547809758,23.762945529221415,0
232.22845056140667,155.19368870132956,25.35269560920849,0
452.60738894534654,105.19487027489336,16.704679483535642,1
107.25244491906159,184.9993686825867,16.405824809687775,0
380.7774621164796,164.47285857012736,19.858204410604664,0
191.41142814888994,129.85883147432097,12.202511616558176,0
109.74560853241435,193.05066693543853,2.5755091787630393,0
330.41549186263927,184.57901504071538,20.65523931023099,0
189.70268386797255,135.32927608799298,27.42857663796502,0
249.82042296469746,91.32689648311802,28.38024571146534,1
143.3841568598238,117.57299568618156,8.153450103732034,0
149.50581948481164,57.34747485442738,26.583998274943376,0
271.1885203965078,86.09979172487883,29.67675196361344,1
455.5110703194987,127.60604210010932,13.749462938900084,1
293.561148831329,127.79344229779355,3.699106804859718,0
280.0147257750816,73.51273322477057,6.301391156776354,0
106.28322801755176,197.04170666474675,23.40987935040421,0
477.0047195858098,104.89446762370346,17.360006401641517,1
385.90444191231177,187.38843634715548,10.947510558633514,0
410.58531906190933,161.25667713369972,20.293476009843193,0
220.2201591934713,82.27341296249503,10.815777546691763,0
338.35087384090957,149.0010813425938,23.9321723513759,0
197.83058975138647,62.64222609992838,19.577237699882176,0
465.20278116756526,177.43361756355395,27.821043211854334,1
296.62500304852506,130.2534718502738,21.39810103659501,0
199.39150580892738,140.0556232452709,16.038117052379405,0
127.69283802459782,154.82391521888658,28.578876591614964,0
430.73566427945906,158.87463073147592,11.63803024903188,0
326.64564871971106,156.1653183047222,14.402377701442246,0
156.073061926662,62.65890249180141,20.227244644977553,0
302.40775300858735,174.67217570442529,25.91552499076933,0
163.93598409941865,91.23834785376765,9.852831909343944,0
308.75341645483905,98.13228610997768,16.19690043919472,0
167.0903696093519,148.40746680862043,8.228999935094699,0
262.0725230777979,101.23683189727888,25.512946274752217,0
251.72812250921515,69.84170068696704,3.577181738395731,0
486.5472673709727,116.56820971905732,17.64398147908849,1
257.7715673203496,128.28821949504425,29.204985116346265,0
144.40644555067573,83.38229290586482,27.85947019011251,0
156.8730665139263,96.24173576960976,19.24877925098268,0
409.5720377899454,167.2629844693123,6.18005736398414,0
398.7640251614173,84.84906843640644,12.857070434065632,1
438.1381856758887,172.21368639323674,25.422975178395372,1
454.60959655490274,169.00937990937246,21.535829178543544,1
378.71007038381936,132.4117142691539,2.2067383067554114,0
277.81971838026334,107.39329707246985,16.17775329382703,0
443.0650971297825,140.72752905952981,6.662925635261673,0
131.18290367648964,53.350819438916034,4.78424588816017,0
330.5981141012048,145.86327487742653,19.323796143808444,0
483.0367115223852,105.48201356169326,20.906599310586337,1
389.90799938406184,87.4469880260041,12.919458879725365,1
153.78991340482526,145.97126923619788,20.129964717262343,0
103.80925747217256,177.39316903449583,6.8767488024869685,0
452.8658885466652,79.88652637292529,17.650953793698893,1
337.6678159771402,64.29514911993303,7.227337774067257,1
134.41120793260092,112.88954810438601,8.757716504499578,0
445.3609623257296,63.167941445654094,26.688466449719623,1
129.30834848654024,144.35185154012737,11.783633022928907,0
160.357473484672,114.81698081007177,18.176809054480625,0
366.5312408080815,99.6050977076523,19.636218491912594,1
100.27986509519144,113.07837178452736,24.754585313791917,0
166.37341422434025,80.2964935704145,17.545190560959742,0
304.20788656985013,173.63650725730014,16.418188846205,0
468.6660504329333,181.140142172222,10.195151737565144,0
272.29428318717396,119.06856976766939,27.039897584567377,0
216.2909886384697,81.55725662838537,15.854354090824225,0
460.28506009086783,75.64517114453417,10.320842330064341,1
323.5445988944274,95.50577390842328,14.349180440935626,1
231.61329451727065,129.70854278038792,19.474081070746315,0
377.9379214867815,179.24150207157825,6.929761689626371,0
183.64888337046833,78.56468807544842,27.93135310948476,0
390.40117115418684,148.08021503693084,10.238458154015902,0
240.5508075321507,168.6669695896019,1.5422185261237407,0
488.05885221828015,164.64065572067886,5.758707129064267,0
241.62235131417606,54.206082457280445,23.888929757463426,1
438.2512357540259,137.14788162954608,13.52106635748306,1
474.3344098147623,160.85357948413287,12.736124285780273,1
270.8892003534114,133.7797054764558,27.38544032473599,0
407.5864903055021,124.73585039621223,18.106900702831798,1
114.50241734460161,111.47932644380097,22.54326578675229,0
270.89589731804404,82.1679114179834,6.043627545628217,0
262.442493336511,65.30803636985576,12.551026044941036,0
471.5234719352,104.9951888259724,29.36923561355113,1
162.36384278775816,105.0506767867505,5.701759322280834,0
156.31080926463548,83.36443334548706,10.121053531582067,0
404.0967863467384,81.35906559585081,6.204873837836583,1
479.63773442038183,189.01247711760203,10.206061456323843,0
460.99714196488276,70.0467707184183,13.60324542138019,1
262.35345305351404,131.3004040266145,11.057975131672313,0
236.20843896540785,68.65806898208727,2.3536479990649033,0
430.40341544636294,173.08551962001462,22.470307847200193,0
218.2933477422565,91.35256625225915,27.847891526834797,0
280.7542323241358,155.28182747378855,20.775662464027207,0
496.20631628219394,144.4039357185597,14.400630428925187,1
321.8132733506045,191.48827286688484,4.986748833410529,0
454.18157931658163,58.87996224624199,18.926442020659383,1
103.58926084331625,163.55542801494528,9.319828714290843,0
275.91315200652565,189.95318826175154,18.46669561839548,0
148.63533357319207,151.7270551673958,29.79332911982519,0
161.95465330666124,195.81869507220773,7.862603837145616,0
123.0254384016288,140.27729542444695,8.90786221206045,0
363.7038348016606,120.02218600849588,5.847120193069672,0
366.89737831182373,142.18766028255067,14.692686285215345,0
476.4605640702796,188.00951767253702,15.866017056339933,0
322.77385787945184,148.6791724419216,20.224865952146853,0
355.6503311097106,124.15256802853145,28.885648257300915,1
217.28178277524623,153.72505168327862,17.214971426398673,0
469.7870986453299,179.9733992004387,29.575164059576295,1
436.18308921314065,158.79642087435565,8.5614411102795,0
224.73925057905223,183.83899810631536,16.45063925759804,0
474.5667359240192,84.23604756199973,19.556426777299688,1
329.37735760851456,179.76090360205097,10.68094139023847,0
366.358575324297,52.63140447053986,3.8510162266365304,1
469.77501362325603,168.26446110046652,26.741499455290597,1
226.62000940312225,105.68723890072405,18.976561429971593,0
214.57443522314495,169.1549651549862,3.9327339034017283,0
434.0384893962283,133.86009605035574,25.400878514828896,1
460.9354450243618,159.23274397850105,23.14082948441127,1
384.1970238817851,78.17768508838799,12.560323920457225,1
356.8517548124061,66.03187172672192,23.033154408766514,1
192.582427072847,89.30943575026163,1.8152708073981962,0
281.30721767886087,101.76685820032752,17.082691837208124,0
147.22703314239573,86.73267341597892,19.539831508757324,0
456.7102725707717,142.25187886104396,17.503728231700666,1
341.7122050088693,187.91654947144443,29.27707003245782,0
334.148939086626,123.72236239901186,2.045486525971005,0
459.8522685281576,172.6463740532659,25.464465547708716,1
223.23936621442266,51.031735717750514,25.465051727531236,1
312.86395545586606,62.71416242403207,9.623345666052245,1
322.1956771667523,95.0076149831448,8.467610404901446,0
263.26705699047176,153.62056887144166,9.54047684153284,0
269.86811510478134,195.45096782790196,7.59209174318217,0
240.13329344705764,98.70265065924946,5.356325418743326,0
285.90369001611685,194.11142695506555,9.15472056952271,0
368.4904393730747,156.1583208755326,25.015448224356163,0
333.1409663918149,196.93729984364646,19.391653322936026,0
258.80130244031074,93.84236149193839,3.8424081137998765,0
113.77947523320154,69.48368698373898,11.448823628597188,0
247.22628330573616,145.53043758127467,1.8654421195391686,0
357.3108944091946,171.43750038232895,7.816912559032631,0
329.18136837190013,86.29342693406174,4.7777279825168755,0
226.50526557175635,149.7987097100126,21.69655913557449,0
371.96534274878223,131.76224314058922,12.37768899683455,0
130.1212584296038,77.12446872996296,6.9186632634262,0
302.73297185173607,153.056800627797,1.5671618947491472,0
425.485503501121,140.0497797629496,8.882762829355341,0
246.85792682996959,177.64351020789303,6.235896272153507,0
334.2432223057889,164.94704656701555,5.704144320060231,0
152.58811516975112,138.17333506213373,29.054458693500898,0
317.58133735165075,143.73832418713374,26.328325191140603,0
485.90687693677717,161.6509694005017,12.590454094752571,1
153.66455696982646,83.06282594327624,24.7718563499869,0
288.86769860040306,109.44696007908587,2.018697059735886,0
358.4223934056034,100.31734434158568,25.868744511826865,1
298.59950837757464,69.85984410671679,7.275122444797317,0
477.7370160381043,93.87869704281917,15.89222314993809,1
117.49899656992216,77.12695801447795,26.561700271479733,0
299.1606819884745,94.05855348983144,15.016395347690201,0
392.19976783913893,150.1468697355035,5.6986769989261115,0
461.5483699415879,64.10351492041913,2.8619047319548168,1
246.35627570428292,180.62910695518053,17.965805977695258,0
400.17791799741605,197.7400969999704,17.398564002706568,0
136.15316281955248,157.59242466540195,8.836962594762237,0
355.6189049975538,197.57836878883836,21.72345089772885,0
207.18174388332943,52.89293501112927,13.683339658503936,0
142.526990742582,193.05338173203975,5.898996474251325,0
175.20498354334597,83.10657535513934,19.85248975717168,0
231.53237316089732,67.32562392212282,17.792441598603848,0
117.59276523297433,61.11383905978573,7.233661294634975,0
189.81843697017896,59.36189331543423,27.61106590291374,1
388.34326766356855,101.73012974506153,13.956509411034013,1
216.33683489269907,85.51364355364414,8.602329485831323,0
294.473013651619,132.6017213914395,11.535833648801143,0
485.89848794317504,130.6505890257754,17.04332592908034,1
386.10373224252373,164.63298123304602,3.4141124664116083,0
128.9802637276481,182.4524989194823,22.17247428551425,0
257.4960250551716,120.36026657225813,26.095141675342607,0
349.89909504491914,62.631106492433354,29.907159069033135,1
122.16585277747951,63.38366290515841,27.308913824714008,0
330.2716835182391,58.921044687947514,1.0377088396336216,1
246.13184461790968,198.57100586385494,22.26642105413793,0
164.38032678813994,158.58020938261825,24.67666922654392,0
329.1804196141011,87.9769756871658,2.3796378039492625,0
126.42368784040556,100.89579288031253,10.983995105062023,0
110.82895868944908,80.98899648268079,2.305896627331736,0
233.86530752324884,167.56263956330827,22.702583469477283,0
474.9404504588866,63.342051389615506,14.951042445136173,1
108.73903888035193,173.64460531792298,27.984102033132775,0
112.34279100707792,117.93508329051512,16.372161736755842,0
378.4594693133016,184.25141808913088,9.138569092711435,0
158.07932293328557,76.97488835828158,9.560269080434269,0
193.3639281767325,184.74309744522463,12.433620869586777,0
168.53995896658603,107.899020259552,22.242759119231717,0
496.6616137143227,154.37512412305662,2.6640865265581177,1
122.45017253638602,53.63572436356981,2.0768782060561666,0
406.9547735004003,88.91667120853049,12.99559717252425,1
375.6864129628789,194.2911095079891,26.708149258660395,0
106.85030852479605,181.97859402406493,21.67695052091861,0
352.9901495424831,169.37404859842303,26.68051295112719,0
196.3211524326014,153.03175036825638,13.426921468999288,0
357.70671993578924,82.5829527158842,20.68560431023557,1
375.1443922247543,125.79855666442549,14.054007559134481,0
456.6892714007933,166.79314355044244,27.427602143026558,1
459.17771080608134,78.7170724850633,11.033488289489336,1
142.48602711327,178.0154790622797,29.299745260021478,0
314.8741510194915,133.1027604487042,4.330610134464008,0
110.76931123011965,156.21034483280198,23.304072345780764,0
277.4877373082842,172.9911515122372,14.57564049635347,0
386.1988036258373,124.84251629416015,13.964476969015232,1
218.4929621670264,87.25419634350992,23.08131883994709,0
164.2052412516391,194.98577418576835,10.01830945823714,0
249.3461256525905,94.35965255425813,29.04703133685213,1
346.0259191869304,60.219755226710134,27.925474922564057,1
471.57472920933344,120.07775348342368,2.8560940333816167,1
421.710778279042,87.18752977340978,8.814108496297832,1
344.34765173244955,165.73785769203943,28.806992658959217,0
453.9846447291591,94.23380047303891,21.979328527500954,1
167.71813522271043,163.23039094213232,19.483690559470197,0
463.2838039452065,182.36958347402248,18.41659377267811,0
138.93323112264005,77.21846541792887,4.498201384114774,0
223.61758057930797,142.90521027760008,17.130054158701807,0
187.04639261235673,148.77230319711586,12.743612636822277,0
412.0275790941039,51.082044230093366,23.20632446924208,1
486.4987842917335,142.81510210602323,23.95991245413522,1
444.50882085161885,83.39488616180357,29.74023674166418,1
198.87998220567144,150.18948999422886,21.964003910593608,0
155.513740165783,167.14838684777092,19.228155261257815,0
314.39356919525756,122.04528167287134,2.886532180246226,0
162.35852416656175,78.74982752950358,17.942926904566416,0
238.88740042251766,174.59834689687517,6.064795962654451,0
354.0344803118487,137.08128208769932,27.550037637893155,1
106.41222586858548,60.47943064530777,13.316667750200153,0
310.3309149077014,141.12004559073247,13.182844344555821,0
383.63211991782174,117.18608584532228,19.11146150355547,1
166.0144993241194,64.6576131619379,18.857950394163293,0
205.37326080777322,118.74212375470469,22.662530493647704,0
280.08465204542085,75.07545759360434,19.300637407626997,1
253.99939925980019,162.88929249533214,1.7665339753845468,0
347.4092142714793,143.45414027672228,19.271204411386908,0
268.99254208705804,84.54391194370214,12.468964518643695,0
176.57475822225095,92.09963193935766,28.00108460802895,0
460.7850491527465,103.81036165351682,29.866109554378315,1
192.11865676891975,95.19443392329549,19.914462444424146,0
463.0051356281112,98.14498632881455,3.7773414968955974,1
309.6011943369491,67.02201837848003,18.445103041052835,1
231.5672147884471,197.81314261603626,28.787763894149936,0
474.7454695534953,75.8351729815428,6.023147984024442,1
356.5439583601891,102.47480789806579,11.04114296460865,1
207.1242407441921,60.11996391417544,26.690163258224622,1
185.49081865421022,181.4960480990942,8.776093333648618,0
332.32547163940654,184.55603557601148,1.9428056628770887,0
238.35217414917037,167.73741946902868,13.730313146514764,0
214.40539997471848,56.587983947378376,26.833607092320783,1
412.8524522776637,126.78526853790773,18.923141873760315,1
325.8456174593092,117.80419388581812,24.560823959062663,1
264.2511620902668,173.922227879364,26.82301264024116,0
300.2925091868417,122.08846376811897,11.261068183878258,0
262.87350083332194,113.99980353374474,9.366023615733663,0
199.48333183500236,87.35002307388191,5.676089342270061,0
367.2606565481069,159.52971842051238,6.777885296106055,0
254.26575751344734,160.6358609214456,9.430410023361237,0
339.0469723793312,133.38568969662708,13.207550746254508,0
215.0014057687361,162.6329456047527,28.469883527158903,0
117.0813417837806,66.89437988152261,4.433476979043892,0
314.69017046185166,195.56648055657212,25.83881095626635,0
239.9894654286843,87.46690739747561,22.800892426916317,0
497.5948951457508,176.06576373875114,4.544384161369127,0
355.67248694762435,136.88201530964807,18.196936131071975,0
461.2772036306497,94.2473052964265,13.112914785037017,1
259.1194971580045,58.01656944218763,3.079603917425732,0
205.23956917845953,135.65053197385333,8.146732061040382,0
442.420317894468,82.87307643862526,6.113179339127226,1
429.14195199039955,164.54046825662806,10.43928147062103,0
392.54139370685067,123.57503721831287,23.141674495608566,1
495.94346403204963,141.29102237083242,19.854268299311517,1
435.1257768279754,130.05574886180065,22.81429258293775,1
418.2768736889121,187.03491946668936,18.692009564881758,0
442.55738090831795,64.92849631307254,26.16929538739742,1
219.33291798780283,74.6173254784718,21.77598101503275,0
307.45867893224954,111.83098381855976,1.7013054317335983,0
133.61000528483183,78.31255377225943,22.47809666628625,0
296.20653553305283,188.2863232132023,29.4835462596103,0
236.56592170974676,127.56719868743978,22.61984367883536,0
402.30729300386014,136.13859109571985,25.756942051101475,1
202.99293449539095,170.30683910386693,11.313464115572105,0
428.15071954462684,141.16839696048515,20.0231436049798,1
437.291730573145,197.15654637706487,20.954384600175853,0
169.31696215779786,95.30377898044765,6.658669014335065,0
159.84232547333278,185.93767036024153,19.23563600591107,0
410.3046641037474,109.23203743579103,15.202349304521567,1
410.4416665155675,116.45291440142536,6.124822484756613,1
157.6201786468446,99.6221980644817,19.654649142864734,0
143.3968703579148,101.45018960150463,13.594729390046892,0
433.2223474100623,192.29073218084653,6.7099821451429325,0
281.1453610237738,160.2381835106175,27.607509751618302,0
262.67080786844303,176.62382026364128,8.046209972013182,0
319.0782542998361,173.443662805827,29.372728142388972,0
297.3750137525128,85.76314960821882,19.60472607557808,1
474.75336957876846,83.18154096054329,24.017383126559103,1
313.3934728317987,139.86244851419326,16.847477939025374,0
181.67118430414106,89.67992831149922,4.109444774755122,0
184.6872427417453,74.33079007872755,19.798296824029975,0
117.39050613253227,135.08948142219626,11.569599280945198,0
148.91139881151503,159.01405750562782,15.766816545554171,0
314.2861294285001,101.1432074574744,29.25774099769241,1
216.19955404486802,60.84109149741469,12.341930236890542,0
298.8976766241914,125.78686917072629,2.641561393217312,0
397.33818844535176,134.71047689505403,19.51057804993805,1
306.8021937614371,137.00901796879316,12.436494786218256,0
428.58446280401796,102.00909311674636,7.8341952845098035,1
335.7921450829282,109.10446204649625,9.596667859287528,0
183.84502909821128,147.76668077832608,25.306226977995614,0
385.4776590971841,80.18829495327296,14.388626987149944,1
107.61812517631726,168.82486555020276,9.31776600323702,0
273.88578827887534,87.47727206341541,19.216516477221838,0
186.8787738676137,102.2963682552746,13.756807313368855,0
427.66285732274815,58.48062675873763,20.401274111957743,1
430.7777007598311,169.89539935088393,18.82216255702785,0
223.059715593602,122.0022491853006,1.3834996782231446,0
298.15978467446763,96.23851163750211,24.31337223001349,1
187.94035670657942,52.02276840105206,19.79928889829728,0
340.5359413637334,158.8167234941772,13.444941003611314,0
443.59251384835574,148.48860926470115,6.01431421597228,0
215.80775102503213,142.49823779986815,5.32969944392253,0
189.629899029927,106.48425819405583,28.018404924392375,0
433.13944207843986,166.58843385314788,8.031197765294932,0
469.57797611812146,86.05186546306007,24.61701880565469,1
287.8274328697616,75.31012977313836,10.979811255084837,0
305.1823804542489,122.61208842132842,5.424934092582311,0
245.08080260931374,109.76917541069665,23.91545348915737,0
346.51987635354345,195.85785140157773,4.0383906920043,0
403.84049697201453,122.77914333864987,2.467187682877906,0
101.68085621118728,129.33954218345855,19.642053227469308,0
433.2263161433976,112.2560328871545,20.761219460065085,1
277.27701799217766,89.38980292913762,12.807988496488763,0
339.66064989260644,112.28699664696452,4.875848189403058,0
117.4578032895067,53.1878384656821,18.429545737509027,0
498.34287858404076,153.60078034883037,28.641331533037476,1
331.29099403213934,86.35032806580394,18.28421105009517,1
224.0412195165907,156.5350676884587,29.669100274301805,0
226.9563317300951,89.82404272272005,21.215502484554985,0
425.37938672053997,86.72405953505557,4.624691180094158,1
473.1759674749237,110.77654133178406,22.19699843656067,1
290.8964936754587,96.25064527771062,5.538396024385514,0
121.3370802581526,61.027032492015906,15.032981201109541,0
108.05148443060091,197.61376154684208,9.077837690010861,0
286.35961165979234,196.1666229596189,27.520794044115767,0
268.86594524972037,102.64566326930921,20.949347400420223,0
208.16004436669866,183.3718516719875,27.197695377712645,0
275.8895839688241,54.43653290800809,16.661560066801123,1
259.35933319545677,179.33005603618005,26.116741529028562,0
347.65681370495554,180.61984873862272,28.58147917626648,0
493.5837871371425,108.38947303029096,14.131151282857742,1
209.43093498195284,58.30110812310919,16.603591411654712,0
478.77043079267156,167.7107995799189,27.118204051999772,1
136.85700951540846,147.7047430405118,21.232861739123422,0
147.38640369012614,63.47432587569132,9.409612675550893,0
130.02434135334258,122.8166229551767,16.58689868470023,0
363.9472638559278,146.72641064617306,1.1031442320630762,0
264.09166233305194,140.3445732834764,23.791567035639076,0
363.38001248437195,164.37357368408638,27.88251375609447,0
403.08906217766236,192.44268846379174,28.296349463937872,0
354.5906663909269,151.2510338111037,11.802532984879356,0
373.4802076975328,138.7020288360769,15.627411234231339,0
493.24980075877346,198.99944814072947,2.2099752930207535,0
280.6587956189742,95.28641984928436,14.881069832813639,0
255.32065114075246,185.79557950363989,13.186727084961966,0
367.8805748098969,119.30096047055834,12.469672239556246,0
198.13322086408067,113.18742365141213,29.47804800050693,0
359.4883807511259,130.29540400688404,9.168641575082995,0
426.66830036647497,53.30188534831174,29.21969826576453,1
189.32989650491464,77.5465396611404,25.38399756603733,0
147.11583152563963,55.150699488667456,12.829525205572443,0
350.87911094810454,142.993004418318,17.537331271142143,0
409.799201057038,186.75284635989394,10.460690204258526,0
120.70839307848718,150.10577600087004,27.568862942060573,0
165.46907678509388,52.57491683386789,7.6596639050564175,0
473.3501789700276,93.52276277166698,1.0953085818646955,1
363.6720532727252,75.39637082317677,18.90727011933725,1
246.74034940168085,86.9771820259148,15.279233273518381,0
148.80620860920328,129.20851712451847,15.15010343048888,0
391.79284689588457,95.0626343871769,23.46630443386701,1
286.00859498296325,138.5767521285885,17.805376760438804,0
360.4835827147662,166.0819211696579,24.501440428851744,0
344.780332636931,91.72242137136232,13.772145825699534,1
146.88428630913887,129.33813386204997,26.676658987201474,0
118.37154377227215,167.94085907412887,13.14065652627135,0
245.23587072817043,107.4960712886762,6.059206538200491,0
352.9897520695788,126.29456352431713,27.20386510039513,1
188.3299157187296,89.32515441268932,12.849133908589852,0
126.41508702117017,121.60597962155836,25.946223510015738,0
393.6478478032888,189.59998156292284,5.074376298190086,0
419.78464977717726,192.89993248728587,1.7019725197319986,0
227.1691678511487,177.92471963995825,29.611959751404427,0
459.6832858710737,85.0574256767481,4.096857125871869,1
402.08604430861675,82.48309829174362,17.675147533610893,1
167.07072473628526,117.58593591466014,2.2430032115882117,0
317.83364872332186,72.1615982511575,7.5892578976462834,1
171.31959438738977,120.61963113936105,22.046425030558783,0
378.2199249036159,91.70155865120475,6.962200899783559,1
267.04097581071824,159.3183298053234,3.0060576103362306,0
475.14611605622036,167.7287272709683,27.266105199326955,1
350.8432191490036,108.22004815546686,9.46564606299609,0
227.79292676501154,83.63853103545961,15.605734675544905,0
138.6816406498065,136.75804646315095,5.719740615249041,0
401.4931166748013,57.928764527525004,17.985139608054773,1
487.02787016515305,105.8734291759931,18.842967738522393,1
282.3939424658397,158.52322478666952,5.086738578289804,0
312.1855403671378,181.64132897184595,28.218742420643434,0
225.66949252686825,178.4608261628812,16.055629399974855,0
469.25015886059504,102.53788246989939,16.063499418389526,1
309.44535991365285,113.9517800998185,10.414185039497916,0
206.51622111196065,89.37233801454414,27.94490083023619,0
136.86267257278843,170.61932418615015,25.074008760032807,0
305.43810561135854,158.20287042721378,21.691394839453856,0
428.0659839362538,100.30449178707555,6.733110170734582,1
197.18133893095322,98.20524331491845,8.155653648934031,0
156.86317078321315,144.46173261458563,14.20164749187477,0
459.5569546331298,51.9492469612439,16.392575816994288,1
456.0808128653695,186.6662943993014,6.483413854306843,0
440.5330211915614,108.68127075857267,18.32139576239392,1
284.03832306620507,103.32670841215943,24.440400295196728,0
116.75624450629583,142.88321448500903,17.496371938710322,0
167.25383087113354,77.22677718015538,9.026899325052646,0
338.61380832801467,82.09432672010868,9.398029680147637,1
284.0359957568153,134.63651752094864,3.6315479228345664,0
112.76098151461942,51.50298947890892,3.3386654280058643,0
416.15884359043605,89.2286254205173,17.249342371365476,1
150.37030393264786,116.5884000319362,13.485619744659234,0
365.11357665249926,142.20412081794464,11.896704508535157,0
303.2813368353861,113.15160280254514,21.426514257459438,0
253.83378685090543,71.64411104280336,2.786818707607446,0
492.3566533503705,171.4399401431038,18.44963805646513,1
469.795944839099,171.04824300597437,15.72892167052641,1
131.0586509915973,133.5055995033041,19.66501204447091,0
373.97915591073576,117.48653485132459,12.313385759525993,1
265.80313189287756,173.5985951854089,10.231102592972896,0
423.82861549678694,139.37587527225395,23.050634499906906,1
281.3474227638043,65.49159383321881,27.171532352747036,1
378.7947148956846,199.06366837989256,2.5560642827040705,0
289.3391892483876,53.092344906252166,19.9886145209623,1
199.30135155099666,80.76159155862489,21.23938960329892,0
299.48796140744435,163.11614491444135,11.347823125028917,0
402.45057025215203,134.43940056272962,16.948681387241262,1
449.00596962965733,51.47741497889744,21.252856003647135,1
317.4606213938371,106.9503748338216,1.0497311335619406,0
452.802346481136,79.1293521531712,25.010394672540922,1
300.4095666251518,125.75715996940689,10.684074679066311,0
371.96650838820506,181.6128463695067,9.644239703641096,0
461.0300687492106,75.63753691398631,17.27957994924279,1
334.52477965659943,142.60704806303477,28.438004997322643,0
205.5200634313413,127.70376874986752,4.224859661713297,0
466.5874821039337,120.71736569488118,5.130175934919586,1
216.03910415283173,90.13856421296006,5.068933798162725,0
478.8453289647365,122.54946658798353,11.984099619554538,1
189.8933839104455,181.28449499622727,8.08487254110679,0
338.0123977157345,113.13130473909172,4.792937542702109,0
428.284682539185,97.082669888031,15.80868633419045,1
359.85139010196974,104.45738328139106,7.505698987691344,0
204.2194835388123,196.50097763234095,3.1178358346064647,0
363.32885096501286,132.13143001851023,9.145650901525983,0
346.15796730119814,71.60936747021401,14.43365320132471,1
447.78887652070915,132.70394542094675,19.829987778796713,1
379.5821670012553,199.7011678264938,3.587006842535226,0
389.65960813151173,183.05453868015195,4.404091750169153,0
323.9175755376213,143.40416634788608,6.356581520781813,0
446.7122470440331,60.02993750303471,29.82980679662295,1
169.69940673222675,114.83341248601023,7.924283801272042,0
386.7917144762392,196.63505396262778,24.319792783194764,0
231.85625291399424,112.53601093339579,23.397551933222417,0
431.903205975182,57.5839409655255,18.778405808805466,1
252.33152867837526,124.1970196968952,18.71734657643209,0
216.85917680512338,174.55145095349965,9.853091529213152,0
477.2939755998165,62.29229613549592,6.754196465432348,1
404.22309855180725,173.00787239465942,28.063450094461263,0
192.99500306432327,62.94295555083233,20.124090764654582,0
424.7737271540513,113.86420119887191,14.599737430780266,1
107.01777466035627,79.07902599353967,16.44069614671573,0
339.62446049553296,107.20701230525896,3.169734835031374,0
463.2486416159621,146.07204717803023,1.4218223435630706,0
226.69853851131472,51.79247190347252,7.23940201130755,0
371.02246728652636,197.64148527855343,19.952792773383628,0
313.61570536764214,159.08416600561515,17.849165012128083,0
234.14807000633397,188.97905327621484,9.815948934122707,0
364.75720452043834,147.95116387731503,4.182494637713627,0
257.0847010475835,155.37909031937903,22.030965413339516,0
366.52819439450496,174.45186391383749,25.893863380567904,0
215.44390228401642,127.12163578454921,23.289038740098363,0
369.18867440766115,163.33826671967637,16.093160521790118,0
174.03665097906708,67.29178089371202,29.365736990111344,0
109.31835435978084,132.07476155700533,22.51731302022292,0
143.79821082930607,152.69993836857446,10.640162826918948,0
415.7325206296295,64.60291783346064,28.912571067999878,1
276.2325141525522,162.3559430925823,29.20237714305512,0
260.7638599110778,63.5531059745651,3.7328290273589135,0
214.87114519183905,52.18453688536325,19.715776068137355,1
132.549823843953,126.2969085409202,25.918241453506873,0
452.719552243415,178.8781245183079,9.640437065999768,0
239.0711863002973,178.8916563547545,19.95787346994753,0
152.94581184651452,94.72381682826881,5.498144270746424,0
131.4908254346493,175.6279267613427,6.419872247339445,0
173.17345447399651,120.18496529257476,15.147110084748478,0
115.3727919167292,56.17222396742088,18.91823418075584,0
197.75240884983506,122.66806967864412,10.903539292381993,0
144.4504297305313,190.99352032056566,27.068866496861915,0
197.63370359332248,172.7905768229254,21.544593010071903,0
110.82471863522647,104.48470710224697,11.093363918218367,0
245.7776345497897,186.86922988965918,25.42657870339517,0
238.8910814373311,51.94761779880764,15.614316963488143,1
328.58335466914446,165.9980243935933,19.87241589560753,0
467.80051193575827,150.02393027006605,14.098952142297662,1
150.73187913668752,91.52245119895227,15.15546760877932,0
313.7094316180227,57.358305536757705,28.757009036247904,1
471.99491765533503,168.72046379910608,29.265653759406117,1
266.1713239447165,121.58881110270082,19.603376343005174,0
383.7604538810472,197.0899172760412,24.603471718544373,0
375.06846290413995,99.73360696647197,12.970518443894873,1
181.51651052423983,56.403414473601636,11.759612870106173,0
102.29093763961137,51.40824178393547,24.91507481650494,0
337.60274739852525,173.5163737558508,19.019203309664558,0
448.79018699966826,187.39523306268143,4.449085623844121,0
311.86071669578297,154.2907119486896,13.833948277825334,0
189.15166193371763,143.50175538275585,15.589056014170845,0
299.9674123730602,119.46535361276578,3.415162911906111,0
162.20274600105392,193.56751260009503,13.36112449555601,0
281.80903365839197,111.21708093317618,17.02152003297374,0
220.26770357721603,69.60286167950292,10.661918449556941,0
464.989810502966,123.16327044250662,11.514591337433872,1
213.57404553918354,106.24512993617421,9.040097245886091,0
307.1904272501644,134.3698293793756,11.511811313663594,0
490.8952002645129,122.63806801660007,22.463145611291388,1
267.2721658641361,149.5015237451663,13.626019254315409,0
223.18364012170795,97.67596295725698,8.149988571039893,0
304.2785791678183,180.9725632267666,6.279310986274033,0
349.62517454249763,91.78816649861638,4.8429269010222225,0
437.40951670668363,140.95242265661415,18.126221645691754,1
288.4155665496935,101.26352806688345,22.88085778973334,1
447.1727039351406,186.01683694162853,7.844652395505895,0
428.92386466330726,173.35144469534106,11.022315595248998,0
240.0701556763111,139.22670672294112,20.248765780653834,0
164.92332770510575,152.94060123853626,7.85908620017063,0
274.8708057309551,178.8659893151115,12.628985534181256,0
390.97210304803144,156.75537383203584,27.65197971830052,1
450.48172318648636,74.27313269601281,23.090919302105043,1
382.94214423981896,60.73808244364483,17.35670666974007,1
492.81860126262916,118.8946460037415,17.45440533662303,1
286.53680994235896,58.17050276507366,28.02107066827258,1
390.97821968677357,84.72588610461094,16.70256244153469,1
331.0288221089666,147.98292974080607,19.910148471158216,0
440.9644108010331,181.07613235850266,9.844862824063375,0
337.40354760199705,95.59595511254179,15.90945504886613,1
423.86830113387407,189.58722018697202,3.9378578056174387,0
420.0500529535424,63.44351602015817,9.659807518320607,1
298.62049585714027,124.29505286660032,22.083923076644584,0
409.47258206396737,197.10254658549238,9.499666859978266,0
214.63915136456868,59.50804086186506,1.9518844265103286,0
178.11090038780787,132.71075087421642,15.22870597352495,0
344.8614363073217,84.40074024438174,18.389726182303672,1
352.47537782208053,169.79465132776906,13.177282841787303,0
128.7584368268641,128.11143693040208,5.136683145001521,0
192.8428169015175,71.84536857164468,14.81442174848716,0
333.15699500360654,72.8391017716242,2.6348090778899396,1
391.06076907600504,118.15646934712886,27.32253087090886,1
307.3111138641136,67.53012981321562,20.094165208774985,1
207.68590787805158,132.52145565326492,7.187903696529171,0
337.5650296573306,50.53734980725745,16.19663245769766,1
471.0889363106989,187.94603405355682,10.540026829552895,0
176.1767922742271,93.44304737793867,25.750042435564417,0
315.8956073706147,123.17975041891106,5.781310820532494,0
178.52676503524552,132.8523323074019,6.298257640115316,0
388.110076685862,113.92652283634959,10.228860471137512,1
262.9301675445032,132.14317751612379,27.660615493174767,0
430.59145918440987,100.01127994455183,29.287462672494964,1
340.2352369955172,64.79726285372861,9.317609043335212,1
445.3197435558387,197.935376870898,27.987177639628012,0
449.9088024490059,105.45547332875118,21.304828325582168,1
239.5885431602787,155.51384896094405,10.008872053031054,0
102.70043653637528,194.43161672698582,12.477630043308782,0
490.9483962401069,197.75064850588055,15.112981073999164,0
280.1432719248697,74.47317006247518,7.181428008687444,0
170.33554903720574,137.20885704823456,20.435804730432768,0
493.8757059256543,162.39830880408965,14.7358824399078,1
362.09470041904297,155.69459199346053,26.83665883865668,0
155.42112320462115,76.12329239686626,9.727407408619875,0
114.77274777063862,70.60045362283171,21.9754839311212,0
433.787645239918,145.92290760697648,19.53777214311118,1
456.0095644014244,185.54242930432935,7.331211496159323,0
387.7470757186863,62.177822206170035,6.187089343821257,1
329.9372784902391,68.09006994536335,14.086840738505309,1
217.86486715136812,57.076822229702614,26.88515877280077,1
188.92886872544335,52.12358440123284,11.843490107564325,0
491.352332974231,186.98071107991316,16.347220441968833,0
178.5398608194991,101.16879991546344,17.11134798087942,0
422.39381586296884,128.14884132442785,8.419373016274736,1
367.07801290025117,160.42819013938782,17.47463001717297,0
129.4198037037042,147.34237358420924,25.0007547219292,0
331.65255951853436,139.98295996603588,15.334472929490785,0
266.20252038970966,170.393872896762,27.507081269934556,0
185.187621701188,181.51439980096865,29.07316247912156,0
393.0988087900693,171.16221577039892,23.5216037675163,0
178.1254214053566,130.21139643141413,9.782682717492039,0
202.61843350051106,59.8328298736803,20.751820030314953,0
167.78061313498335,192.88946909828064,8.38430439419432,0
390.9904192382581,175.20785385857903,20.95930689157722,0
254.84938861910175,173.73301220691997,13.725102939141385,0
120.25794669632313,198.964821549493,23.232325397868035,0
213.65068292289135,183.3135699302966,7.015288759875684,0
157.0404042128451,134.19380639954454,7.048792894503387,0
327.5798776959107,81.04441146180763,6.486348005015138,0
239.8069000752097,103.704975639803,26.34943106180273,0
258.9215788005467,97.81613566349216,19.45677708864541,0
243.793103736337,190.57255179236614,7.865238616400547,0
320.6063544559859,197.15957459185444,17.17445313710646,0
129.0910558156574,76.62382796244374,26.11256156636506,0
403.0508998579083,163.4364901186422,23.43802818226048,0
302.19004910665603,121.50393415606881,9.653707719896088,0
481.6708706086125,76.27168541786,16.006201682344724,1
467.1762651109661,173.23781845019448,3.0105443898266966,0
206.84642901652546,75.84074934341865,25.04959027388864,0
158.1790155440062,199.79822163416293,26.124177770154983,0
243.11530444305413,165.15039301462213,21.713907329632278,0
204.38054311075402,159.099705002002,12.221194352639417,0
301.1337675719792,74.44068737651835,24.99375267395402,1
260.0761112473497,89.18176569698778,16.002521184881495,0
473.6574420567273,170.09733883599876,5.1434765977547094,0
146.63121672307065,76.83403492394936,6.344552480382271,0
422.3695426513859,175.68213219020436,24.964492135612453,0
169.08474225555156,88.77876512293709,14.01755257593719,0
138.59374515117415,123.40000241860965,25.001737629218283,0
332.2865273502686,121.67378940462952,21.19486270239215,0
114.7998117930733,144.04476492047104,23.327117244228905,0
493.72768556908204,149.20214497422023,10.136642034092198,1
457.33202560638506,55.93911336420541,28.248424678601744,1
422.68009084891355,148.21507243886163,8.652001941996696,0
413.73805637180925,149.89564333178402,23.94942664490808,1
499.60967026782254,184.82201455218245,4.106522432760097,0
274.0821329081915,85.64135974225805,19.562813484544698,1
331.2464638214974,141.34287549417195,13.781079874183655,0
479.8810197516642,197.62224164043639,29.85282205189385,1
485.83755813597315,109.43254991362696,6.834284269768341,1
490.2034907118845,193.70366591947263,18.94974318396128,0
270.31227356529496,191.74011138963274,29.93957321039871,0
206.74112694420953,154.01027672269532,13.145059487774903,0
447.61947638740213,50.56529151245924,8.711684519753522,1
271.81932314389763,76.04976403386772,21.15464289072192,1
363.0290163786988,134.426716608836,16.150117498876753,0
178.4565772726737,192.04593904687334,20.754247457275895,0
278.6549791256638,131.04550424120956,14.799267480483767,0
313.1803831160213,61.33116455324795,8.994693169837326,1
100.59969360006842,51.32221572778325,29.967390654148613,0
289.4906511935745,152.54761015685068,6.072082882965181,0
172.7795222307251,94.33832135089062,7.163141063762611,0
458.6918528719213,166.49624615644979,14.702308072742591,0
360.50382534654085,157.73536054729826,25.77598197712496,0
299.4819393558603,76.9021956576681,7.878141296486017,0
372.68258636178876,104.91491452488773,26.64639250775545,1
375.0440178466937,137.66001259077257,6.235788869658591,0
491.3417703666243,60.244667472872486,6.061530055016457,1
425.68271856958876,115.18097645932303,26.501458282227073,1
328.9053700783178,109.65426046362779,17.23199128761242,0
323.94281830862974,149.00958173183238,19.45934652263041,0
271.4431990259472,79.258265790167,20.41453968723375,1
222.08462094712087,151.80475585224917,16.572726592180757,0
337.6190920883055,51.2980418853042,21.33736556583004,1
482.7108917175601,87.12975839247275,28.328716336563858,1
416.38316853784534,129.5699319258831,20.08088028042585,1
103.6993096793736,112.6529677763055,26.682557504465812,0
199.33091708045356,86.21954882058368,7.712715419559418,0
268.85936532558515,90.08356205975815,8.551872878963337,0
172.08403592748067,190.7804413982624,21.626622818899136,0
367.7908797932992,152.1134200078267,26.871115207953128,0
496.8181311220443,135.96420962509703,27.266710426613145,1
286.7333391560432,70.1848239744177,10.27963001686559,0
396.36563209734345,51.479548211078814,11.699222594267944,1
388.5113612216676,136.98280038181738,17.5553320078436,1
275.93895291471983,145.42457188163922,1.4956937226480347,0
123.90541869803853,134.2019161339536,28.844349101622612,0
398.0838521680983,74.8472203983293,22.164342218503236,1
453.40660590453786,142.76330666276854,26.478116317894365,1
168.53114684735743,144.26914059020035,17.080527843556485,0
207.35908271979713,65.3886166331815,5.364035797225425,0
349.3995695499674,151.1728696953448,12.812687856920583,0
220.6491682756469,87.97564058643954,11.729346680828108,0
485.0283384034044,58.08049644494506,19.97160302509961,1
143.85782366051285,83.97009447693421,6.615517518489033,0
159.0050916059489,87.67680885139146,15.9745312824618,0
137.80088378052272,128.72634865028868,16.424439284869713,0
462.61886223401734,127.73087811600554,16.36321808919648,1
115.25704814121892,139.4489537369694,18.77673597539089,0
141.85670767886535,159.92353848243118,10.7525750427266,0
391.91926052348515,149.94530623829962,22.850843100500313,1
464.54588932286777,51.67829244940545,6.154136360478485,1
216.7833514858757,165.0479378792552,7.638979467052482,0
173.771067990904,163.38588698313745,17.80784297376363,0
441.2687933114439,104.47057324896167,20.154439543798492,1
177.03521692669256,54.981593333329755,16.928902823245558,0
187.0634035521195,183.03930847840076,1.6554714937762827,0
404.9470474251155,143.85409358707426,22.70488782023117,1
287.0401258411547,88.44853747525389,7.73649564778087,0
106.33457200136873,96.41788977207683,8.051235149015211,0
187.67671539243835,75.27770220281579,15.824845991428559,0
119.04095187384773,163.86888760217568,12.91415680535232,0
292.46397485993805,88.04503876367822,14.897904680136437,0
267.8063601238445,139.73314163148228,5.615503055728974,0
436.52506478557405,156.86317519273229,20.554791517493328,1
328.49291649500697,175.31790301875625,27.749980672848082,0
102.53691514195981,89.66896757565776,4.594187671871455,0
331.8595568312736,163.01049323230495,29.89248923172678,0
357.6880937234179,128.84741725255788,26.72842381470254,1
197.2854919111412,192.6781015584457,24.08728813540001,0
437.6942708398877,134.8102463313834,22.147118112510885,1
276.7061208577217,143.57922514652162,3.3979880496163792,0
365.5818924147427,71.80569009856487,29.493462673243712,1
152.03718239612004,162.6742840531651,2.832372348132898,0
229.65723483186582,160.5584019173061,11.19850436447463,0
107.63613806664503,69.6051058207143,28.443372736078935,0
295.4466664417407,173.2201408388874,18.656768936250312,0
472.4898835745157,81.19522225590526,19.8747400911164,1
104.13907103006,132.55300978777774,11.128459034531783,0
262.19751797353354,148.67471029316306,27.030325963608732,0
475.15702405579054,82.16817005710462,7.890713224450002,1
401.1926158356701,154.36750841298056,23.713333693908723,1
273.35099285397524,60.126285245367896,11.361699620777168,1
423.12795256261774,113.35785023206208,6.994974373780683,1
471.63604283625375,89.66643558077367,28.672816328741728,1
418.31555955221677,60.5605804534131,14.730229540012846,1
258.34316288589764,84.13765475972251,24.508666984322318,1
177.37513193562626,186.69008401381845,29.892992136956153,0
336.4562802804937,187.85746231839255,20.21413014365196,0
297.6038542571116,112.60309885699726,27.038668414312536,1
499.21135441488747,175.80958963377168,9.375006974041847,0
455.1203432740812,91.81241364428905,19.849933083979927,1
448.40014607237924,141.51620190742767,15.490162120340068,1
275.7736268612491,58.00520068681225,15.03500827417456,1
176.15314756830526,95.96344861468998,5.782097661032925,0
317.31471700528164,113.1646892082776,4.184389111871245,0
156.03510775882214,145.19015456016518,15.182562656551921,0
151.34325044090065,103.66874847793324,12.232875655802223,0
470.9426170664391,117.23475912801433,29.405002353891007,1
389.8760016255406,198.09929220718448,20.066827333383443,0
254.64432656851207,101.46752805779467,12.747892914477596,0
173.69798837324302,129.03934831821402,27.075775282289438,0
202.9592819549639,164.98518774620266,2.9938267284184,0
426.0745203391322,183.18742485311503,28.426133493152367,1
390.86358231077736,178.98756506314382,19.527889408827427,0
138.94152470279636,80.81996525885667,18.70819848526572,0
420.5983381669285,170.18756301300954,17.75212339901199,0
372.82617404039877,132.3534046199209,19.51828666650304,1
412.2173363775147,158.30682744221818,1.7848101639534133,0
482.061476816717,192.24393411394246,18.30184658670948,0
144.07203406980594,86.15829148292747,20.574937859048458,0
244.69690381712758,93.47171162233343,19.5262051894971,0
255.43473813764348,126.41569430109536,26.722283056859002,0
293.4287817843971,126.92171676033048,2.750223663851577,0
247.09486813945253,152.7758718185333,15.489073161874257,0
482.32790212532393,107.16084299984857,17.812354943468147,1
295.0698585990726,73.12301983323394,6.560430010272195,0
471.4545149994448,57.92130637809143,12.920275162110691,1
242.65423125143326,71.29605249196368,17.004672583817378,0
405.400374452425,86.87167018627963,5.8952059046830945,1
248.3125361104558,192.70892090364794,26.933266833068064,0
447.4708669696904,123.8782060713809,11.840383239198257,1
493.7460895516124,195.03454695048032,3.5987257216091457,0
416.7416966185339,132.7291922077751,10.62861691157173,1
265.76091719931355,145.45413219592666,12.074748618573734,0
299.2928811514588,189.29244216261046,15.861522605205277,0
478.2499349850864,186.95262663880072,15.394332982347441,0
243.44763006667534,140.6405022581106,21.79887195690369,0
320.5541390875061,123.49287066824444,21.295886751245227,0
302.78372344418835,175.5187739557477,25.114893207316626,0
151.65748552492025,175.38881926844107,9.92707519260992,0
305.7402805885527,67.28831869500752,16.67925697125763,1
208.89512920215037,72.23752543917692,20.166017217114813,0
101.9380116621683,80.01665822331177,29.055301801297098,0
111.0421499828167,179.8425001342785,18.428810661902624,0
108.4227696965859,138.13676426548642,25.03392997180513,0
481.2416546984402,76.77127281787097,12.627413961467349,1
129.92220679524286,193.4630833618107,4.167910151991573,0
205.68779976270034,76.13089160948743,14.406005122707997,0
423.53869524220175,56.14863233202257,16.28673748055509,1
471.7411385606049,88.22693568101643,24.885902202151886,1
387.0293649347022,169.64681323966923,23.44771615474111,0
194.34785906913203,56.821917770994254,17.634482719560683,0
229.8521022947805,133.15965115213012,10.804912319361968,0
126.95409447934787,180.22661788191976,15.364153027542368,0
243.6183225101148,138.96865225812377,3.483756838517482,0
420.9232510341657,75.94584119157679,28.877575438039923,1
138.32940320534516,95.10371930958848,1.0404041881407338,0
354.460648607229,108.08204864325309,6.580168060860846,0
342.50833059706326,100.55100100533261,7.970194219593344,0
410.15817796290213,186.88975117779424,6.357836618852949,0
145.70225050908934,119.74864422591581,10.517199755959094,0
469.05707602224646,107.2915950392534,26.52836081273686,1
339.85839962596657,65.83163089960985,14.496971375135654,1
388.3926776236394,126.12547537452245,28.40099209921637,1
248.81882249542073,134.93260483052586,4.508617675375809,0
101.52392173351785,154.7283989006479,19.162772250077964,0
366.3587507724311,113.47694779060629,11.33847314953441,0
418.6251917238409,194.71907418278047,24.45239994890279,0
240.56530017107895,156.20870879074175,10.630911416418162,0
146.31728048651775,198.39268747991986,4.506603016039845,0
412.44360063066677,187.73756439381546,18.800052242250572,0
130.94053321053445,170.79304138278025,16.935537034421653,0
386.19453742446785,101.91953623412121,27.182301838777626,1
451.59812804528264,101.92207128676155,21.714945594791093,1
375.0919760184752,127.48037219038716,3.524393823213245,0
219.49550058925468,56.68168880566951,18.31947237434017,0
493.7723050190805,91.19311421296865,27.00114167276739,1
177.18928096458998,103.31360538154456,24.263202363194445,0
352.5623134685354,125.60698280461041,16.12305205487626,0
418.78898799141405,52.949683365325996,27.097393416802475,1
369.91260911534425,92.43803474655357,5.623054033173468,1
482.9002592417805,65.27645481541123,16.01341753469516,1
100.80112327695704,106.57708251349865,17.84097730783214,0
147.99135377859628,71.00473550157217,11.742507092194938,0
107.3774533896298,169.75236013041715,22.483600914530278,0
439.98025271239226,168.2366144495471,9.376698746127355,0
213.71488200268996,77.05626212797084,20.4812866905554,0
176.82366423301812,168.97668527690678,6.419634763273688,0
223.6510951925743,146.32767664601442,11.284445810658173,0
308.0082162051718,54.63318284344226,4.494587345368261,1
171.61282527755142,146.54766058700784,11.197748858303385,0
392.96458519061014,60.167886852919764,7.949260855273821,1
473.6503275249314,151.36964560395273,9.616503309546909,1
332.37460548292336,147.50669115414718,15.866416323235427,0
494.98423239409885,150.0653199553692,20.957003203133397,1
135.47394214289102,73.79528158245459,2.3160267583003264,0
150.59041081716708,144.03573880775136,9.701781792484923,0
263.0169763385549,164.49240193277677,29.828442985800223,0
129.7973105983888,143.20139589867722,9.87345422925103,0
376.68144610644856,89.52539615104908,4.561359782682878,1
397.6185093204861,182.41349307014977,19.104047826143056,0
215.5637780538009,165.77879415342954,2.7235491503372806,0
332.2033775368935,94.83140621215722,11.267391065888127,0
456.7230156700627,94.94079474421974,22.340716302279727,1
226.40359610635886,180.47557331916246,15.430775731910238,0
189.3332549474664,55.62708808330206,11.498084039795932,0
246.88994982933022,125.66492530466925,7.681828359917747,0
455.0679023993264,58.38122503739317,16.5681873303391,1
254.64728607625213,160.32825617395866,19.12305942968869,0
126.03277586460533,157.75662058815817,18.713389995339487,0
441.9041947273242,150.2536177824549,24.700791739034443,1
316.5490511007756,168.85896221663592,24.324664970004438,0
389.2249012532075,134.22593708845966,25.210255232026682,1
496.562308586193,162.25266140243588,10.805000982233468,1
343.5311745404356,56.489629579126714,23.530152439871294,1
454.16009182249906,60.6820050455467,16.45046891650965,1
361.97202208893447,83.40018818403578,14.112778855759045,1
163.73560176863083,150.00406055519568,8.289896015491532,0
448.4317647337579,107.80500914502099,12.069218133432265,1
446.12564884443,62.406822936612976,26.240674625320466,1
321.4077279878421,136.92571690518446,17.77533081550497,0
126.42702359161326,195.5572478624738,10.097257952197502,0
111.63751887358626,128.8058628570686,20.461643048918205,0
333.8813708018648,58.25579805814589,18.60750086687615,1
141.39114996989053,144.62866938535302,11.956350904733672,0
486.044493393019,109.74348841381413,6.769221655779957,1
366.87176455305473,104.91727486585333,25.4718887220755,1
441.78976066388367,162.40083864350748,21.82759607737539,1
258.8861322062904,66.00504844603046,6.302268082413179,0
187.60587543071927,196.63841282364663,10.73262514677757,0
102.50275006834406,158.65589434287722,9.125777608332758,0
419.06093386895276,99.32200923559931,4.492728456369482,1
161.76654101610612,146.1999086620054,15.545068390538404,0
284.4101923227799,133.21301587199565,19.495622480078172,0
121.41233907737697,74.9634184880032,3.6761665758091135,0
357.764409366862,97.69065563977489,14.483751886390689,1
224.6053747520838,99.95842581052463,19.637136311137585,0
121.25606919828283,64.0932629888421,8.300952934819321,0
462.31116663848996,167.99821258949123,23.425443575998194,1
494.9625954592659,190.19065780901562,4.949669785776811,0
405.17022949050624,192.1005513918216,12.000718240826773,0
413.9544552127612,187.25010772621573,14.681779568445867,0
188.87688374314786,117.13311200576508,5.659935923192745,0
485.71783853548555,167.6922886166043,9.150839516523803,0
295.16320842668745,123.34391706111151,28.44653108913594,0
234.85036179768008,188.69372933567328,9.730429977190678,0
156.8182785081557,125.76145037971268,4.9079687986786755,0
262.7810079520566,133.5186527390954,4.964739169137872,0
290.4588364959976,144.1478973259051,23.96071020092889,0
312.1851733269938,89.41925321895,16.269634926831642,1
320.06948919335014,182.5045259752409,28.145473309045812,0
110.01499544112816,165.2082683811182,20.17920960179095,0
327.3015632569394,185.80329672944117,20.14406439798368,0
175.67515322409054,55.944781216320706,23.292036503699343,0
428.1335786743528,105.9296374838822,26.06274909119999,1
291.4904343640727,63.35949072876554,16.950691042157217,1
368.2629116267629,103.19611350407656,11.243877133592363,1
453.0092305566155,142.60043612485453,18.890125519257595,1
192.16891069891582,70.68558681277585,24.201426841352255,0
160.31921691996206,192.27671374045607,12.31824943456113,0
290.2408987304898,150.54075741106993,17.170503109952882,0
120.98735550795938,88.53467799241787,12.390700971370133,0
392.86636677367846,141.1884893729326,25.202533566765954,1
217.5013797697399,180.68843204124929,26.174207776485353,0
432.8900611654889,199.24900291267537,26.95722626984996,0
225.2395648047866,68.93620670039675,17.393268567019085,0
191.20420505309153,169.56603582854254,29.735154664164423,0
203.33303527613168,76.01822276380545,20.685341916583695,0
346.21654231989305,185.3832527303049,12.949567312217997,0
419.7717399573042,134.98448301521944,25.508012783038907,1
366.4796331572939,102.29067816877878,12.114892341740518,1
300.31662118667566,63.358833361651364,4.908891545676501,0
405.59490151369175,140.39534597582377,12.564303792029383,0
333.6824699513624,114.63672356115548,11.68370075559613,0
173.4339327879341,55.41734713963187,20.513336630252315,0
194.07630527092383,176.8329234369732,29.671460569525777,0
352.2920356131525,66.49908735603573,4.47945941804211,1
175.22136923999443,103.92836309240941,9.449487872502026,0
405.8989565543509,92.93136181538118,21.740629597073006,1
321.57427248056746,176.46680399997064,11.504236409615876,0
451.73764618167445,73.82319642761507,26.359946804302375,1
336.97993481932815,100.38440113440595,19.400112939005567,1
347.20364760201346,112.54255230224314,17.980695124578233,1
411.25325726294335,161.82625197225784,17.94228554336047,0
171.68965491113815,104.05398748868816,3.8253355567982186,0
330.96568954309294,194.2709560159395,28.546026945818557,0
479.2020340274931,105.4673582959889,8.433554430163072,1
147.96376119423854,75.06761154052484,3.850373236759606,0
313.41760292953234,112.11919992898876,8.15242363531797,0
287.440827042131,189.1718171996497,18.54062653087237,0
166.7323958044102,153.99345322860978,27.547154138789054,0
278.134070890589,141.73105357725296,28.262770959240573,0
292.1432099926089,106.64424107654295,8.975877616815358,0
382.2069951449624,79.79883700701046,4.6767773625206495,1
423.82843588750956,132.71854862342883,19.08046406000251,1
282.82458353890144,165.69466462755986,28.24628400462135,0
465.00647684800936,194.8436162096353,10.223254963485498,0
117.208292586669,175.64737789101383,2.9438606524645663,0
102.39749098286963,86.01473458254941,12.270895805190964,0
210.79600277845438,199.1398922347906,11.824638036411134,0
249.77358537635146,163.01577422184585,1.7349696596890312,0
380.84757565891067,64.01451285715525,13.666439020370992,1
472.514554309703,116.08992474440974,17.374758032455734,1
319.0174854857569,125.07645147470701,21.5284125060769,0
498.14422314231393,133.39241144481826,13.07733757905159,1
310.295009681506,77.8748517598772,26.79794619845303,1
347.9371173308869,128.37181093481274,23.852495118486676,1
318.26453173902826,92.76743660024727,7.153881880070054,0
166.54553430023583,93.50833804026199,3.481759980048972,0
291.14616374202217,143.57880804074927,1.9731999765085309,0
270.3422293482955,179.25286439814127,2.7596413212220616,0
309.0844094350716,84.65130531096662,25.636741211740013,1
239.4711752865078,92.82092862048086,22.170307624055617,0
297.5054160663214,123.64694913758092,7.691492990218049,0
119.32010016270493,183.83852230753698,24.27241064938399,0
141.5806881939584,111.67303370273669,21.98846550787723,0
251.43415713413066,174.12054353428084,22.69858458673806,0
250.787041179551,53.65576881241866,28.04279922292385,1
239.90098528586205,119.35560516685891,8.859048231217875,0
101.99286791884354,82.10672773399534,4.141201310682407,0
490.1444445178697,96.72310330048441,20.122901234189488,1
331.85154998581675,150.93453740025512,19.37242485041271,0
384.17318481127734,112.73362664533562,1.0965533822959388,0
110.56332003921479,161.8892081738485,26.07779309273572,0
332.5774209218843,194.91757114667487,16.345539668832565,0
466.3616897670245,121.94954884316292,5.322738068362503,1
338.6782088834343,154.0679221446737,26.7176784923448,0
163.0497848527941,161.74318224468075,12.955023347786117,0
300.0954633670821,153.15131605496612,6.620305144158834,0
288.4403310161995,64.26216378150733,3.4813639593063685,0
302.0782166046917,176.88797826229631,25.60381277588178,0
100.01245881209297,140.3667065182605,9.996354626926026,0
138.18316566987394,160.7683543205087,15.880597123180909,0
358.59367339160735,165.70888112187347,9.72185915211473,0
488.4506033000964,165.36119327883188,28.62530790335324,1
399.13674274516063,65.553403835838,15.279322583627115,1
133.7449921846404,177.00383388547888,29.684052125011373,0
110.32827503524003,150.56153068568548,19.08033293147841,0
449.8086198886546,77.51496792133649,19.020211031086454,1
104.12958755250882,173.14184196014918,7.248506322399421,0
304.87930995795557,153.52523070360323,10.850712012234306,0
391.9810683799258,110.70326229819935,4.4493307194255145,0
470.6515931337832,106.25818648739924,10.393852093408066,1
454.9506205825439,160.60483593527903,20.325656509880933,1
225.60523420415223,168.31432251475366,6.997564317464355,0
410.7711583859474,73.49433762146728,21.409857155194853,1
207.92044257136996,146.03043293411483,6.527163898603338,0
412.6733344949767,78.16496459195028,6.325121017146787,1
201.7456344247915,158.827094477723,14.610577353293262,0
317.62780121236835,118.59903774927882,27.140375830535156,1
450.0564225515273,151.78694450474967,2.1087005973863318,0
216.77311078296827,179.02893165707926,9.902877098028593,0
450.304266412274,81.322885588833,14.931263037874176,1
375.27488308348904,56.130829269981504,25.91156082493544,1
329.1694294093862,71.04676665383136,29.031400249409057,1
183.87161931522002,176.87067093620436,9.407746731850493,0
103.16337023820621,54.858346643207206,16.954646641951165,0
414.0591604590608,87.18246512931552,14.881405034208893,1
363.3037890501195,71.75011997766647,8.737115188337146,1
225.16306535036344,131.25188977583008,18.68198753178321,0
144.6046883774383,188.8993077054869,23.19642670171111,0
256.68823954672183,117.25635988638953,4.650346829925906,0
439.6633487332721,183.70246380503303,10.440996711776753,0
375.27555891697756,149.54799460287177,12.011133027386581,0
390.32480444100275,140.7651998634995,19.318698493468172,1
129.0077880825303,77.20340314245911,6.423293956741389,0
416.56525637475073,172.38799148710376,8.195837318433195,0
157.23712559948922,74.29930777116785,13.971443394047729,0
129.740427337684,175.28907012408794,15.624413024788623,0
438.79421286617435,132.06396059770518,25.333349835361478,1
150.23489098527207,160.48328104861662,3.5347619628460354,0
382.83231797382933,152.10275727250126,11.680250222134061,0
237.5855612647813,175.47496861520898,17.53593021590119,0
462.9227570976081,188.16441083032103,24.385844649349583,1
416.80867410645124,87.18918011027222,9.218341923590842,1
468.8232310332695,159.46433646499895,12.353917862322875,1
268.0528835821535,51.87796479301017,4.84357612750431,0
378.5051430763815,163.89551861175153,16.217764440965603,0
250.54818449598963,150.80696661898477,4.2554177550234,0
113.95235608460696,94.3072323307149,22.612753542994156,0
141.86008045667373,66.1886081594807,18.865873244673402,0
406.268027718299,94.55139657364339,10.551752398875193,1
324.7063255991603,130.68846810144447,28.449779050720952,1
319.71782200195855,87.31579474166733,26.159172154601556,1
441.99334700440943,120.00894147117982,27.578420848586532,1
280.52477846031684,163.3399728008938,28.26474008111152,0
432.5615045906042,101.52043792005148,20.990846154928985,1
244.31441834139042,66.87940230038582,19.381544673641585,1
360.92495645792997,145.99888274322865,21.61491666669499,0
197.35990197109166,86.439886817232,4.087430949564816,0
400.3252511998795,131.33474430952944,5.788139740027761,0
242.61952128235856,119.99573898494357,1.8037166171916486,0
197.38013120912194,136.35814326635912,5.947271534000235,0
429.6605640400712,176.5210617766832,23.978317095972105,0
145.06961203712913,158.97981599990965,3.0801415116826605,0
396.01881742882637,85.23146992197566,27.226428761023325,1
175.96066700423773,140.89377873056335,28.776126093497087,0
350.5166343474514,91.7723103638915,14.849304028613226,1
399.28931315539234,162.28162188953908,10.558043979628732,0
485.72401010319794,112.65654516566799,24.328269471983898,1
281.1228674472541,193.47116445086826,11.418172960558929,0
481.4966676275342,185.91049040670407,4.506716178306109,0
254.85268834716854,53.19419276954269,28.90328807659877,1
292.46965767581594,122.09587810701859,6.557381716065487,0
156.25797268020438,62.41025543550801,20.65512016030737,0
113.60811410664415,79.81076555241721,22.084335878159425,0
265.11962735864984,96.22731364248575,8.842738512214659,0
282.08620951761833,130.6614119155891,19.466875328983516,0
170.72000093154531,108.90474361182254,16.204888324297464,0
177.8780880447669,126.51564232908115,20.6744200791036,0
116.67674262807083,63.604626203677306,2.954924626543884,0
227.55855007047754,169.5148713156795,20.534856295104863,0
448.9434814529942,169.3558286625212,12.79276251588585,0
350.2874831653307,133.58790998919736,8.689795221177164,0
167.54811435529132,122.80276153319714,27.7712065119604,0
353.75613623005853,147.45047092917517,7.295538168262762,0
305.6856971632139,192.5778512793003,5.377282610801917,0
414.12015996919905,78.51438695892233,11.3384332178043,1
212.64358406478624,63.10659061699084,1.1443970399122292,0
315.6771720312692,84.60039283577017,8.064839814451123,0
486.1964159476196,181.28871854013516,3.902298295571436,0
370.3012705684343,145.26293225302686,3.724351085476512,0
389.2656906579445,95.06809445469193,6.506549475805838,1
429.3995138331049,78.2027691074312,7.293707047128072,1
156.97182910349582,178.45421636172705,29.402830408812477,0
113.9656884633379,199.76750086625918,13.543847467672158,0
434.3203893650421,102.00638196016513,26.45745938187495,1
249.11091056218288,84.10544675792394,27.868371130381874,1
280.0090672963574,153.76359404720262,14.789439054951139,0
301.2814040258743,131.38323960407212,20.673816682406105,0
387.9093245530544,148.0730262757025,12.016908903231428,0
474.8255479877352,188.0456602273676,1.7595753319599086,0
236.92369747282544,160.7797514849888,24.54546171092558,0
306.8872272991653,84.95892768567035,9.010888846033515,0
465.0242475820738,154.5629472524833,12.30775271587979,1
382.01260390500795,193.75834338913313,26.731952030006244,0
352.3536141243261,154.17792211420675,23.253900359093016,0
460.63808637740215,121.43899992716867,6.8034048960298525,1
404.21545085175745,192.6447057422807,5.863742298332094,0
127.77347512217236,141.32321562588197,2.8657212847316638,0
242.31576862896188,142.17080431088868,14.540208046703194,0
430.44378609825236,57.76605267714996,10.786370444243998,1
136.22011933958856,60.51642663037221,10.119482990052408,0
282.67735188957346,131.0292270868839,23.821243175171606,0
415.23230919873777,139.11928769504277,24.079272040060626,1
322.1688359961217,107.7292290474827,6.331723012003938,0
272.8048380989637,177.252543017217,11.38520821741819,0
426.3100175416626,74.23475047126567,23.20368358099391,1
165.7759405733742,97.63973614662895,12.281650619728785,0
342.8488731682252,89.17542533465837,12.871409160859457,1
493.76271335452657,132.60119734243023,7.4246514560027945,1
213.60539259582825,180.33675435023,15.991946025451227,0
118.54144025763546,191.11141907166507,4.39478157451221,0
413.920381044075,56.23519396039897,28.191263017227183,1
408.614454743722,181.3296358156005,16.547705858684267,0
118.84068725722679,98.96860493659358,9.155688816923552,0
311.2338063446752,189.1453446040988,9.606871212392734,0
341.09676456445436,114.95866817701989,17.1270201113996,0
375.6538505610072,189.95547331403105,11.568620307213209,0
318.6341721053634,132.25372624502654,3.7769472997437292,0
303.4243692193928,56.411017461690044,9.665939922440206,1
398.2315933712487,155.89907367948496,16.889323607097246,0
287.9464864268142,154.7568514724034,14.716145804495321,0
355.8124205590534,141.49322994647966,13.686974821272747,0
349.1221606468017,60.90259728640698,26.48151910736773,1
193.05929539508412,191.90872835033764,22.770142123463607,0
292.9940835477064,171.9152179669437,23.835552787427563,0
350.13037231386204,94.64268630904428,28.5171804385453,1
237.58158428614942,175.8026464277718,17.34409468723061,0
353.05992303152425,159.82810629200793,2.714144836560542,0
447.12136878428936,87.08049311710683,7.617679488876019,1
444.3290235177137,180.13751376626817,22.644924928172642,0
294.2819168092112,154.39161277693466,16.03707660162091,0
468.7142291055457,190.12394055455647,27.054875358613003,1
421.137133000923,73.72823844925162,27.339233338690654,1
324.6233035867809,88.37626408193074,12.132221007487166,1
135.92499472271152,103.97985798216527,7.707745748418775,0
389.2873089497547,77.11531015812754,29.172322218103872,1
476.32063526152547,57.77871959279793,29.03430569000833,1
356.7694694779113,163.62123551874276,18.537433950706443,0
244.5597818834774,71.82458563660315,17.715159250060704,0
128.67777777088895,106.72070877728008,23.098355034652606,0
243.21216061946456,152.0753358258432,5.240053870319198,0
313.6047969397263,66.98574465762663,4.343870530572987,1
372.9928780365349,136.4817506558844,26.688972260259074,1
257.77785168878614,60.38598650225228,16.219860573925743,1
291.75938709836623,109.39841629657431,22.360877740134068,0
184.1632131469296,55.92538109141181,1.7439477329483757,0
352.5301016234702,151.65980233813076,12.905840652480801,0
191.32778886329402,152.1332035380639,8.916081902091268,0
353.3937075599763,194.9202282439003,29.265852728645825,0
266.08577764241534,173.94156408161973,19.147923419017445,0
420.0310168352862,186.4531715517276,15.616839100434063,0
136.67303180197408,199.55480416739758,22.165372624612505,0
135.37545967581272,183.7885590359276,5.847737159100352,0
343.17146981816114,195.1365434686642,26.35688622434716,0
106.36078520419633,122.96865911005888,3.4585671288753206,0
262.6200375948472,89.42824242106865,19.01935788738638,0
286.287920274825,75.04530701100762,16.208832414852196,1
243.79895643659296,55.46152714883412,29.551706737290562,1
373.5395793559383,186.565131533056,24.0566387597824,0
189.41762604434604,83.80811109441413,12.272287961319906,0
251.54404459233012,141.79509803781835,26.827426248524382,0
246.40858092550585,192.29169158835154,27.28786695590964,0
297.82903191554544,176.86783344798346,6.013341449690352,0
472.7205286959721,109.1465956460772,10.234313298913953,1
142.38101828354576,142.05760048965814,3.3881722069333877,0
333.4680098279863,179.11074559545705,4.47840251429802,0
145.95174745905993,127.39535155150605,18.43649494074365,0
364.7073789608893,155.92558830270474,12.319563963934389,0
342.0544655049456,114.86310247510288,14.32787964481873,0
252.33509911778734,115.34994586448848,20.83620217174292,0
388.3272958200086,195.1031147038863,24.147166415246854,0
333.73389368408357,143.2199354281601,21.98271421962265,0
303.89821730391327,189.17992229527732,10.558095762039768,0
376.5226293622952,100.02712407718045,23.33803780874953,1
359.2416158490389,115.03130931020006,21.08934689755366,1
497.5553207416066,154.31159694297094,29.586876021590573,1
334.18727781422876,104.2602420806742,27.943788025409233,1
337.9211289075539,190.416557498794,25.992329262802695,0
231.54919985667814,67.01480935398581,13.768694798674531,0
379.0972332783679,102.96223824042028,16.127495807485417,1
481.160106548321,80.1132681767566,9.285510996080026,1
147.49599060026512,179.48656690245753,19.647240354530627,0
192.08916147904716,177.09478933834873,7.81376965628857,0
185.19613192096097,195.65991273615103,23.922143694794165,0
187.62801193838814,73.18438793527187,24.70875179433682,0
406.9047882177844,178.97141733709685,21.02223441133995,0
105.08809135028146,107.42363751563842,20.76479684228364,0
102.25381305477454,145.62901127845413,3.0469992770031813,0
490.29068482004726,149.95943328399818,22.339645715330924,1
460.0630288315106,135.4136266018509,25.452733099045787,1
492.13542030366705,198.62680025207828,10.206032078206047,0
492.8932934059815,134.67875928184463,4.9744513499115595,1
281.0176646900641,108.80144486538465,21.981344639530608,0
495.3141589346452,61.799110263435956,2.385698401704767,1
494.7694184360879,192.85281887029035,26.679364338597964,1
320.88309364193464,133.45490568189308,6.9167060231148305,0
197.78162732058036,194.78297093064535,6.016340705732941,0
394.4452948258871,109.30296389229343,1.9392028015645102,0
371.5074203306469,85.08944287163996,20.45670561918287,1
345.8033469275806,79.59067618836481,15.7449136054303,1
454.53722657236557,69.1736569446911,4.036305546182016,1
146.03182028675334,70.94979115930975,6.518988858425021,0
446.4100183590364,157.48549685812992,17.75283819728825,1
139.2246823886967,146.32896736338648,17.77338409817234,0
466.0020792120084,153.67502114822406,17.83690943467083,1
313.85101275101596,130.1128665294927,10.115485372624114,0
490.6533148057334,88.71057397915139,9.270067869839137,1
252.10912363431498,76.46389330197695,23.998338645189364,1
140.9016678743062,87.51399068899248,7.398994183862234,0
407.592864988449,193.9133730867345,12.076430049129849,0
206.16979210364707,140.94168164297372,9.798195527429288,0
402.69487955533754,156.50973038453003,8.116958953723866,0
369.3843098487617,110.47440711251954,15.801353811631152,1
182.84870142101775,148.3058541798066,9.537623857734495,0
143.54290692143348,83.87500012082884,28.607437656934835,0
373.24881703557486,192.81025005103822,7.051191352385801,0
298.1308268196155,53.720039860026404,29.590234165287992,1
494.88676329723853,180.60865456774692,17.505069445846274,1
168.3997066141567,96.87723924219202,14.521923250203493,0
226.2902243353771,66.8916632980211,25.01823396302607,1
318.75705725115154,112.95648510022687,25.34033046689988,1
283.09352415424013,150.48987519703542,15.039668719090717,0
291.09473968961254,119.86257392248396,29.787893066188715,1
397.6816724378403,179.04418964686218,25.173306341694243,0
337.86881547249556,143.38954995303254,4.432531779757394,0
150.75604527877303,147.35018424278616,22.466335320280105,0
101.76759627217136,111.0698728943123,8.476970466956756,0
228.80646123749796,70.92807323719245,15.72492193111421,0
388.31152870362655,116.9023419370112,24.71296201246694,1
396.18620384004475,179.83441602836453,25.73772889263111,0
348.11911247249725,127.36020582667122,18.044831408384766,0
359.8431576669085,65.82794257930101,21.725746121002985,1
478.29967141008626,148.92431571757498,2.8143873476545713,0
322.9974646285309,166.4948199556198,1.8720316670539798,0
242.60772648503547,169.94223919860653,3.6183715535496903,0
375.99491304282,160.4753510419967,7.663116572286478,0
191.85722315535435,130.2146213367048,10.952130755480587,0
397.6395312885281,138.30366026217175,25.396071494128595,1
230.3090276835737,84.5351631466674,18.544090539271682,0
153.9185528773094,112.09248341944041,9.564909632427732,0
286.3209350769707,159.65804551285635,24.555999091684043,0
485.13604183664324,99.4473050683223,24.936397794750583,1
243.9816047891016,66.8232386656912,28.255164714180168,1
391.229024241657,79.70291489276879,24.416748097415297,1
120.86787288049936,188.39519706899756,28.248704556516962,0
177.14397853645903,116.89711422782295,13.58093603872944,0
147.39650824601793,181.42324547052152,13.639336818221567,0
344.50688561068625,156.14114940499627,18.99574832644347,0
165.13080844928734,177.35393742974537,25.47874730235953,0
344.4779342817082,197.73715915331863,19.953626413190023,0
166.1694129800702,57.83801876456732,12.092756908342903,0
292.9101480702295,184.94387463161004,23.235706424568118,0
288.30988124189,175.16042995129578,23.692277725534428,0
333.51829499818825,55.43105242895174,10.805472799647077,1
207.72874584277304,172.07899393935662,2.180052884947661,0
273.00863069836237,65.06421659422091,12.334900267577126,1
316.96173694465176,84.98964031793864,7.763364424944847,0
119.3042330956593,100.68879784342285,14.918002300834086,0
117.27027463811122,137.0925405129702,9.709158892888045,0
394.8203825923168,186.49084849842626,15.077662263626495,0
211.78222592867763,185.4296874268247,14.671818252579845,0
272.70055305869494,144.04701431942192,10.83832111214836,0
264.93806135191056,139.148402592235,22.943731666521355,0
116.02696900221225,153.85777975260143,6.050195806986518,0
415.0766655238782,71.54579096205833,27.69364463913629,1
470.77837133879353,90.36847406038976,17.250384110752876,1
146.38636145753443,120.09531643004436,4.515263358687452,0
226.20466982468741,155.12275470172418,6.144729968073759,0
324.12546462345864,105.42080587302124,4.630127979443736,0
165.42847684273102,198.95761052760668,11.755614646314038,0
479.1185459404616,97.99573756498195,27.105750423732832,1
223.679963429848,163.8662402615497,1.4113033791730496,0
240.40257441903194,93.21231751945197,10.930182462939902,0
477.02536493906445,171.525879568077,24.511029799518774,1
228.59617674414747,86.59146764273677,14.649954224134444,0
107.35918139608684,51.93779927762891,27.64900299888885,0
369.0426919500102,198.13228492377252,9.457943446993397,0
320.7479269779898,77.45086602610024,28.743920702746752,1
224.50862949464647,131.26017945870387,8.974054515158663,0
396.0173068828393,79.72339636676507,26.778286456844953,1
182.86687745887295,108.17465182956508,24.96180419885929,0
361.13317733552196,108.1695052322782,1.9963916901888181,0
126.06716488426187,171.79741831837708,29.64525660088623,0
185.26796436944016,77.95450514029729,5.331264644060788,0
173.9051305553287,171.88754478298523,25.369100062205725,0
164.55026081844943,132.96036442164382,29.781981875440472,0
479.0804855870723,196.62302643159,19.44619095667815,0
314.72456021145035,56.60568519796269,9.406566312231746,1
422.56916613368696,155.35001623264662,12.293234592702683,0
413.1748474837225,114.67646571539366,5.02270616653414,1
238.67593046089075,144.39121785511168,8.97492234232277,0
258.63669905189886,67.92447259832932,20.954522334703178,1
368.71315508916405,150.8183124161535,22.742818366793973,0
400.1728963139812,148.2313301142882,11.512739574471983,0
204.73935469433934,105.41245700596477,29.81220669355012,0
162.64011454076729,199.66514225480438,16.379025044772902,0
253.661545413067,100.74087775484531,22.540238474031295,0
310.6709546869402,100.1907495554544,22.97322765650444,1
399.78528113841475,174.131115010703,4.19635764867175,0
282.22975313645816,102.07855920723003,14.224746395427378,0
431.2148069152324,199.33773688853793,25.794193423214306,0
203.47722698385033,185.18115603431366,15.510517838070708,0
358.6255311792119,147.2249513196028,1.7972613128180983,0
157.399846166308,195.34965503415077,12.104771064257086,0
384.21945562346565,191.39284328860165,21.446959604356344,0
194.72674487958605,187.92495900822365,16.848199608752747,0
440.8523204241477,66.19223174125167,1.3699121328128179,1
153.77920900818438,68.32691144996127,23.275553258829483,0
275.496454374222,104.42749529026008,17.690916726295402,0
161.50756980312266,130.9672089198555,28.360373769224424,0
258.9875096781981,86.85847816602838,9.039188716532355,0
300.24009072310844,116.59986091435138,8.991487259963279,0
377.3080676257878,83.33996354063916,25.283928953709545,1
264.148277857724,158.7824749095185,1.6886631574146405,0
415.77120339828497,109.79664111808599,23.163631911578406,1
317.5999508795385,132.09566666437547,19.207907210865798,0
329.4356627279592,179.289108658028,21.856878164995578,0
101.48504715464827,62.44803625396904,18.13360433814735,0
313.1363762675881,131.75560993327798,15.767815354198058,0
288.701977140101,191.0772464633301,19.83524275341997,0
336.57912235347635,166.10316906803263,28.06290069641535,0
486.2526641596932,137.61223239123808,27.01762166365396,1
433.1494958025383,142.3547140050876,23.355118222373807,1
199.19553250603593,195.9010188680986,8.108540058913654,0
194.16211579223074,163.98999496311393,9.27083327250325,0
114.33401338029552,93.8429374595139,15.545241795746772,0
481.22320274259545,130.43759340012525,21.68652991984818,1
472.2928839926426,89.18632560667058,8.883026793061454,1
281.78629016941903,137.20811282278305,19.983842551602475,0
239.84393525562498,118.23263103007422,13.444672062689863,0
436.99091507561,182.44624721683613,10.569007158802012,0
486.9178448216115,137.76342740180505,16.66970265997012,1
362.43125585012336,197.1123349231842,2.845959206387649,0
381.95567344058315,88.25323435219254,10.266359300637708,1
401.68109842109857,99.53836181819915,10.111583787681251,1
483.68274609904887,79.75387219086224,17.38436330853223,1
231.34210305220097,166.39531336895436,3.389801256851924,0
454.25503259800814,119.49927532761204,16.640211561021992,1
184.29382278493827,132.55300553998268,7.423973954420098,0
193.67466408768,60.676744234997074,28.88177553826985,1
240.77347521884525,160.95191554836575,15.30346357438092,0
493.8496873386154,179.17480978720718,4.689031820799725,0
166.02975263790097,165.60315493823526,23.498753519936127,0
356.158504767105,129.39551296886282,19.899693691615248,0
372.5147279743617,124.08389247256167,28.67278453882557,1
164.01930721629157,181.5003434742208,6.306541340985409,0
451.9350757427326,109.93697110691949,18.918539031735342,1
117.39867175338956,101.26232119229178,3.2226006697609098,0
372.7857157732684,65.6772526320263,22.98618772352985,1
167.53341711967914,114.9226232061721,4.29672867894811,0
491.3763457939481,95.90282728453059,29.554857336257687,1
336.65239246914604,81.83113266923726,10.541877820910692,1
280.3069922333951,146.02693777157708,26.724610354790624,0
475.00088078812996,101.2489068048771,17.66360381036413,1
257.1440305428607,128.4839051638267,22.54637514805075,0
419.77140351809845,128.80232402221992,20.43801909363174,1
139.00650015656703,73.8568758322157,16.515710232697387,0
353.60548997545516,66.03394560567732,1.4111243638492639,1
146.90976559692467,62.28092621666937,26.994210556623557,0
259.85706415980655,172.66682499441367,27.989302019813117,0
216.0788300770826,129.43389209066862,20.030144487126996,0
452.9993618307395,68.7127831358662,7.650977284866333,1
147.25865877809454,165.67036931850208,27.17873975701239,0
354.3223610705612,53.48491621527191,9.980147552004208,1
268.21869756657156,127.26031912322411,3.5077061588056075,0
295.3657807873423,114.78645950348516,22.468751264935253,0
247.0070107083104,191.50878145979098,13.578172637587079,0
352.81518880322847,69.98384649078548,10.301083768398222,1
208.2939966244731,68.7594001214506,2.8043489378510156,0
451.1259472954495,86.32100846503991,11.451859168167623,1
175.02105984532,149.74686662036447,4.157145427939279,0
317.1839503814682,173.64426486842873,11.77392280257564,0
152.41682603021007,197.49638660948142,9.093938349821835,0
259.32428219633505,181.67540501712188,20.38718869050235,0
131.62750407113558,63.25328502873944,22.14777159241852,0
350.22855703434703,53.92329777804561,25.305764152729605,1
156.70065593278736,192.22114899911796,26.54052831791917,0
277.10132361514866,67.83637608349285,9.626385531190914,0
100.93175793857729,169.3956882038434,25.22527489496225,0
209.12893843508837,107.59756686652494,23.350330281941513,0
301.98064423254306,154.72384828434116,24.705249918665388,0
349.00444797087493,77.85928257937648,27.704686794361173,1
296.2744334494839,150.540394967294,22.356565812281865,0
177.7379957149073,137.6952302447011,18.48049750522151,0
442.77210175098867,137.48352519949137,24.578367391276046,1
226.6416501583168,96.31107386377664,25.55894201676287,0
206.9995508132422,184.60827979638563,16.464122760682322,0
120.0695433237394,167.7184755836723,8.450565088598943,0
276.1265640749633,141.74036301097416,19.951485284757037,0
178.67777359419583,133.2748997271903,21.81967399832795,0
306.33964106589167,165.99627124804363,14.560432055275859,0
108.52509577417769,139.7689795887364,11.533506097999185,0
255.70518126428033,130.34494601570088,25.892993177261122,0
179.24892769693184,60.62679727180553,26.38972030724208,0
455.7078702000425,156.21119479974092,12.184283624645404,1
412.4313336776305,138.1685776000166,14.557423127618993,1
257.98024457054237,154.19918303797377,23.683280690160693,0
455.50212646473875,50.447109990164506,24.802825537140407,1
379.29302955329297,101.78504434083852,2.4556253469444655,0
385.61903304936163,98.57924030414631,4.588500483268751,1
108.30810110321347,82.29251868584947,26.51915300838033,0
176.58423370340697,161.96079745713888,23.263790542314585,0
234.27493504821163,78.30226607854556,19.92652214986391,0
316.60430947165344,169.58213714728618,1.4821315710435783,0
125.14988528157195,101.89506105583733,20.74474173429568,0
248.03727105025905,121.8890532392585,27.10839667879233,0
426.17981047956914,60.9925470176878,19.012885756167027,1
336.6125030429887,190.4538982909481,22.238741658770937,0
479.2422001087436,106.73624270230444,8.869844917758453,1
237.5586775551726,154.30383317948417,21.24981139503743,0
411.0114423539324,194.11738574040805,1.0368082776933312,0
275.0799555251039,122.94768905638716,10.504496560478819,0
318.19312059021155,117.15207527575082,28.046120337999003,1
462.1134494444648,143.35125650227872,23.458633508413545,1
343.90206259271713,189.06349116762186,13.0629843278307,0
198.7626275276997,162.13794583466256,18.4746701343806,0
173.96297037076522,95.92691707378341,27.130705235583044,0
102.97591043950787,138.5189827123932,2.603854964596999,0
236.15824101894947,177.32488699106565,2.8318709200681633,0
431.19706164861526,172.45284718414462,3.4812773972465285,0
259.85004517783125,96.88955115491818,27.016928021615904,1
428.511536426481,156.6738568566676,15.379991713639223,0
337.1993125719525,167.6673505649856,3.255459790708847,0
115.1452286267805,112.52780206877244,21.560565892644036,0
214.02476733684136,110.96103272373975,24.47952246423154,0
319.9230558333725,103.64109247998897,16.990903305232088,0
496.91827551395596,156.4072482740325,9.26158818298429,1
275.80311508420453,108.08821613723165,28.197809506342573,1
290.3900035818277,186.9087192887785,29.243070813801065,0
258.6568251075671,140.99750047128333,2.2281771070397127,0
492.06926948107076,66.45228115560784,29.69540288141514,1
240.09002018302516,135.8043900468777,23.79352781446875,0
175.58360539900394,170.9135168845661,4.105411397293933,0
269.00329189167263,156.48561107117786,21.88831914474324,0
158.93435308032275,189.25752047825264,19.299812843262348,0
134.7006982153816,123.82112855870558,3.1572712549473523,0
254.81095475426474,164.28665131654222,22.11813695532649,0
243.7997453835385,108.62792981346458,5.760903399950564,0
392.31413108963505,118.96584703731024,2.0638960767859817,0
446.7429888232459,105.61861405536028,3.077018898418518,1
148.3745900548581,183.27140508521916,6.7899267753801045,0
332.8829741454274,62.224105596981204,12.824194794888633,1
207.6761213506192,135.6500901522391,18.2192136963583,0
370.5239978364351,87.62161253156779,5.571572838074161,1
210.27545175966952,148.4632228932678,13.830438586578651,0
340.67793928312574,58.916104655238186,22.160905648943107,1
195.3452411987521,171.0207724224005,10.797211815998283,0
140.5565302932222,87.15247881992548,10.95131572632055,0
469.0798763941818,178.68216916571532,17.901390227377085,1
168.75242887549385,112.74947245241763,5.773803691906101,0
427.6906899152847,90.11342226158436,13.760019039930906,1
247.76600981671817,176.4235035996422,19.7903509144642,0
426.1211622393113,159.3234737976016,10.982285036244603,0
489.11235452679006,50.83812605658558,11.06927387317969,1
157.74412229793296,155.4667775009544,28.043562050604976,0
219.7069067786212,126.7054149892486,6.549479415982624,0
339.2830395558782,127.42289759174531,17.48381353481937,0
289.2414763111284,149.5999104124361,4.055119650156108,0
437.52628897105774,145.99965306808068,14.609161234092296,1
232.68497098010735,152.21340727634572,26.042665802708694,0
411.6192979580793,107.53481711540404,18.5859078652895,1
455.1389773317647,62.408619462221125,23.811016182397122,1
383.49646264185697,160.7723860544495,24.249566521734792,0
184.48735652352974,82.47728436330544,25.970934039914244,0
434.38653371857134,118.26522634973341,17.321343736557452,1
278.39905485166673,191.97636611336358,12.61110292651677,0
280.48574283898216,74.15218429007066,9.707658547947274,0
208.95691798746392,114.582837602748,15.89507078200807,0
122.03917898462385,173.5922088512178,21.849519136177218,0
325.8830122511582,98.18868366074298,9.516386055722062,0
287.56170389902854,50.84613937988793,15.591516328591709,1
425.328460687511,182.47969513602072,24.765351497922964,0
419.906604300039,154.0347532223238,13.946539765568067,0
496.9649894730476,167.66330784420558,18.137258959302304,1
183.46397381836317,69.6990610377153,15.802853257632382,0
174.40360959573079,112.64946890408625,29.37755534404111,0
201.7601891709651,56.49049100852844,11.567787426926612,0
246.15511576842053,115.92036864945256,10.017454834666353,0
188.9149225060608,136.44849145906306,14.036131712593274,0
193.16569765920897,77.32625146593897,19.468512377176204,0
170.23219668263332,102.183089344061,27.520525250299254,0
144.7062850864103,63.33653890210043,13.936182212103168,0
220.41490101016535,79.38855451978304,9.60836543053794,0
233.86651379948597,100.2526638109037,17.13992853158913,0
175.12996982484523,87.57941452821876,15.866794803032338,0
438.96228182702833,91.67565998411247,13.46049783066825,1
464.4228397911999,70.46550912487074,8.597406251944216,1
288.81801642429093,84.05452541724264,17.721158418884908,1
386.42504657593787,109.79483604709887,25.72602103314547,1
463.1903170820144,123.74114761706805,7.741921554204001,1
160.48807376251546,116.19877483479846,6.4711835073893065,0
471.73805281880453,169.248649740563,22.440600137414055,1
465.08648281624073,91.03180474867156,1.9911796426171828,1
439.7641589708738,73.76796440384595,21.918344190311494,1
349.31074553715257,177.74731707320376,28.410270065191536,0
304.88866894332625,165.5996941473985,19.693938457642176,0
331.9492861379323,75.18080836752746,26.67744550911808,1
162.43843102606039,94.9067947630088,20.73636375460028,0
117.75289657925697,161.22049680012208,25.047312534113125,0
111.34799013565981,183.71628852483428,13.910027747842333,0
143.09654124330388,170.0035806315188,6.214310281029702,0
360.4004377831484,176.49822339847395,27.6878374190095,0
422.73061233462414,95.20499647735818,22.516559237435757,1
437.7856151626077,130.59059555328193,27.65695772525349,1
118.44595587608136,120.89777313132254,5.22521265315773,0
380.19336240877305,106.91568467119421,26.92684703680607,1
213.4820928045005,50.74471518839051,8.811116841793366,0
393.2421084091915,136.0651105707944,29.58786194419117,1
439.22511516174353,148.5118479235042,17.838226216896775,1
231.15470486431354,105.13778546485597,23.27097807176154,0
418.88375523925555,107.82988478159197,26.05567995465307,1
331.6280899708854,150.15123114232193,19.61873654970723,0
341.29323845584076,83.75058695771389,29.598657661720942,1
174.911755957362,86.64779253250785,2.8831322427580277,0
290.3345421058966,59.51414359583412,6.719709649990252,1
395.69396178208444,102.0975364124765,18.67316222487326,1
159.40238526057402,56.390448345413674,28.978109488839753,0
391.22824678655144,141.48785902114824,3.1610441713794675,0
432.4585872139731,134.14357971071163,5.5711051439656885,0
177.06036665094047,50.10148034332549,28.60670116231608,1
407.26853701032456,168.50867156706738,21.852289840118654,0
339.0475845046734,76.37173429093161,20.260586327886664,1
144.0563688140182,163.7799398388717,29.792169940921998,0
429.7406283434401,78.49915619275092,25.67611270297937,1
317.2976662428665,80.47733962845705,19.17823836429183,1
311.82687224719695,110.29109090752826,25.599941312179965,1
457.07261530990536,137.8335614224174,28.36753655253314,1
427.81519432488676,188.2591669780544,17.90312091693612,0
110.20156872890516,130.13484996449978,7.70952838605023,0
408.36539937317286,61.4229052075183,18.096732857061205,1
475.5127365862526,137.26376927203808,5.77023299630297,1
328.9283135869591,109.07976300104613,13.79303605891287,0
187.0279011191204,193.1634302293203,3.239752982185189,0
389.3291765149853,164.94221291088073,19.716908230205146,0
183.35324515451384,64.95208711179193,5.767309900698673,0
333.7019314852568,139.30813157076716,25.61365064330566,0
304.3025091758689,127.25198616085518,5.710167574850512,0
275.5072587876434,87.78041458025913,25.65415211839244,1
406.6210531601055,80.61651565740243,23.195271064276742,1
410.74704294736887,83.31321385334579,2.1384200365950545,1
268.70045218661073,120.1737139901593,10.943284284909732,0
325.5537195639016,130.52758142630452,26.466837479418608,0
115.66323661599776,192.33626298733316,16.141657266206302,0
200.81055949454463,75.35580949875468,20.021262276872175,0
171.3812054370752,154.57536980706215,20.149535460784993,0
220.01210316395677,74.87785682043415,18.500450098866622,0
428.49589378759015,53.42221737679167,5.61080192393859,1
278.6140224928504,98.56426910544309,2.6115099101646497,0
484.5390538317301,144.61171379921072,18.365075924472134,1
282.5578792632332,57.41268859344646,17.08404572914302,1
107.6320965365884,121.72825328700561,21.201372621542003,0
314.6252755340161,147.44572755753865,15.8138909896027,0
398.14231232820106,87.57822997170501,15.009794953442587,1
160.52305566696242,154.29265060028183,28.77052115891638,0
382.6127125422848,102.83747448181302,3.9506011831814933,0
438.8592999893491,121.70755236992296,19.21486225866278,1
193.65269505060922,154.71610654597504,17.077822120907847,0
469.5812278392711,102.43039893958931,2.5204227414939364,1
471.5623738928133,149.1524244138787,29.25963475609088,1
462.2146304211145,61.36292035842458,5.986220267294048,1
346.37545272619593,84.6098948809579,15.988318021837744,1
231.46605789067985,115.1302371519967,4.7961846111232145,0
153.0197381828907,194.0131594974972,17.451562479390315,0
210.25376393102118,147.5481286228574,9.624091677912832,0
192.4452842977226,126.3537639444733,9.496004347695695,0
146.83601795460484,81.98966192054787,21.150241187836194,0
490.2333190982539,153.37309618348792,24.39440603028512,1
462.08477256326046,63.5116803183818,4.764818995718711,1
328.3783053864656,153.08463561535441,27.87997745007675,0
124.6095597345902,124.28806046161469,12.80719421866088,0
288.3878849197039,91.5683836306263,17.352940270701872,0
105.0819682330332,77.37075424751716,7.372920299937272,0
444.3775326163976,144.21367271111836,9.109574681586004,1
356.1248769957103,50.35842817393814,29.793991667241407,1
393.15251797795264,78.12066255868748,9.60883146709566,1
203.9998509193416,127.26385340331602,25.574093817933022,0
357.9649235957172,87.54187979321779,4.246669939228002,1
371.1709520041462,167.49968787105593,14.374022114235693,0
460.2825241943619,141.05743945203858,17.918770200931636,1
286.40627322196053,172.82259653860677,14.71433345582538,0
307.25125974508796,111.70806341144596,16.91634067991967,0
128.11952026460833,138.54571028163156,16.22789068505282,0
266.70530224448726,97.09332478767641,2.323881250626112,0
466.01909225492716,66.21155671926324,6.363987698015392,1
124.77499968957542,76.18949370394685,27.381874396766616,0
243.72477085876963,87.77906851299343,23.520200476463387,0
454.77085822393536,152.43958736963262,28.783058485596246,1
357.5892086556488,52.185425029817864,3.3480024224920424,1
100.6089662664547,143.2584839874002,19.377496298139413,0
343.36124718949407,160.1985117914515,26.496806086145185,0
468.1883614373701,163.072705690336,4.570301524825693,0
146.02369532748543,135.96367223610895,24.048987116418814,0
467.22612965774624,161.32984494699193,11.795186876714148,1
491.54657634529684,98.41813430506141,19.569713897967624,1
135.09687954795777,151.9527671573435,8.106458504730874,0
291.1451355759526,50.05810939552224,15.136171209918489,1
321.550117426365,56.31308390458057,13.482561740244465,1
181.00750617434707,172.27695265829269,25.896182616851124,0
242.58515527059336,106.39852157448061,7.058183231017343,0
132.87956712020463,79.20684358587533,22.14332986006522,0
127.5197233285354,135.13984635237273,6.60150232602437,0
444.83156569201026,189.31734108841525,1.1574956604725777,0
407.26993941613665,54.90244511301179,4.879791624659945,1
155.0591595060121,107.72588448525903,14.040166021141863,0
455.83556238966787,195.20932659728342,22.367718808030208,0
366.01750603795693,197.78352815598845,21.413264107761435,0
262.32492711854354,53.420795620367976,29.021779332723597,1
155.86532509942901,148.08368997652963,21.87430907600395,0
139.3161790056304,184.717078392732,14.352869265839562,0
336.53308229138196,186.0131597587727,3.0835523623073318,0
309.9134220886061,85.21982320069141,12.719796977525055,1
403.9444272863009,156.64907535078342,25.23327203036053,1
145.61614293598194,158.4764108434822,14.93707689860164,0
498.2758059297844,92.67723231284707,25.982841383356536,1
104.6607137888921,88.80854598699148,24.37465848614148,0
203.77168552347902,74.73307514510802,19.629544923662067,0
208.6131746448204,196.24030502400464,19.560123992186504,0
175.62341802711586,181.96174902845416,29.884396928415796,0
197.92549494550695,182.67969594696496,16.265725113194502,0
363.8043011128282,175.35556221063928,17.837297791764836,0
181.9417191174565,192.68460478355786,10.037086864354649,0
294.71748098244257,194.8484448560896,21.59697327308794,0
190.21353265203106,145.51414364921175,6.3355658121439165,0
226.37337107323071,106.62676286166645,6.794398555080888,0
381.19153801314803,102.59689207145323,27.50697592957789,1
150.97029207661524,163.00655235357397,24.337861594767606,0
459.6032887757341,143.02642047151508,21.912100716631254,1
162.30198989452646,112.74338995823321,28.988833282591496,0
452.7675558823599,170.34993270929067,13.193075179609316,0
319.2748907729833,169.6395189084992,6.206045085367332,0
283.37589995400964,122.91151819264375,29.53537323025447,0
358.4007361256527,140.54387687761337,27.83860695480419,1
459.58407917032036,54.88875641526715,26.977527091140296,1
438.37363397555146,152.4973533059977,8.790262010996862,0
466.8738212806521,158.82531420342275,8.91659158494815,0
404.2559016753878,156.7964535038713,8.877521757929973,0
136.7973469618729,127.6446907400398,22.59028152853637,0
402.2177694971105,166.66197871953906,15.581681095800958,0
157.86303230867782,121.81346514415856,2.4191420825558105,0
122.56345316000461,88.04262958562445,23.827921846015737,0
374.382726201127,90.75506449073657,15.815224968379164,1
291.38203324238043,96.75478887817786,20.807265544269292,1
450.29782532872196,149.80594246229083,13.384585087589857,1
107.6404514823936,79.52307413950898,20.170653771139303,0
427.0552685516651,135.86473060839307,15.017672210889955,1
309.7438543828905,142.3068329042199,6.288578460212608,0
267.86865525634255,123.96963684291832,18.235124070633976,0
450.4344929399751,93.25776922389323,17.92099446472043,1
100.24172839145531,161.85144643311043,2.2951000031331454,0
165.4095819609835,82.66941806121989,6.55578137504595,0
134.27535690957578,131.27191369888573,7.455656943866912,0
147.71014266805,188.18915705364427,4.57481792220625,0
342.55155738119333,109.70755630019542,23.3121031910303,1
357.99577840126125,187.49311999105,19.803502583054765,0
198.85320007748444,162.4403634799171,13.351771893573634,0
353.39750532214805,183.6206500507899,21.869634446036795,0
493.9672385383995,183.8959149164482,23.542709914769027,1
341.1239654677736,125.81462279314104,19.76864925516903,0
107.82229837833074,130.14170365045297,14.932164209542231,0
193.72515293363068,112.21874425322068,23.86877025245421,0
260.7290280591902,123.75977977967621,16.13980242130167,0
145.12643206372186,194.40145219404906,14.542968470757192,0
138.1065739519896,87.5246506407054,15.399778782599018,0
472.6647510891446,132.68474133866005,25.52114649618623,1
346.09609521203754,144.10922535428392,16.29121310013301,0
127.17946761258001,126.48328865205835,28.755481441022997,0
345.3094665778204,91.35052522154392,23.4221952143542,1
121.99436454108658,169.6109859970425,12.388778906500281,0
420.8802340338296,124.79914095926559,22.925466137046122,1
189.49745009861385,57.212194607026426,6.5254717872456744,0
278.19725569432194,66.16955817610481,25.737642666887535,1
176.52141081149972,106.04034080000805,1.5060862277144365,0
388.5134359634023,54.23365046785791,3.7399263570871777,1
361.54250586511273,54.39156533685867,20.49650995917769,1
373.54786289627555,149.60969543944054,25.900127404745277,1
170.0434234235659,153.1868656786812,16.581109635558185,0
253.332655935801,81.04168835463176,17.599962022718962,0
307.9059055195835,105.10468011386595,10.466133908853362,0
190.09864881671402,122.65530547360935,17.826686607348677,0
149.97964373294957,90.61556510263142,26.803033553709394,0
152.94257861175836,119.35167442010331,20.77087282279864,0
127.18561446966893,61.73166272348069,1.4574987944371407,0
254.26231919613366,92.9283178529095,11.026155381329694,0
303.51652918776233,190.47718381792043,18.617487239813645,0
339.339812655452,99.35887818026029,10.285127053074296,0
241.57506356699767,152.8615423774314,19.38380074849616,0
321.2268027035042,106.87691339625479,26.293502620733562,1
311.27556131846484,119.71810917854644,20.791853756201856,0
322.93235866613884,170.37785196740097,12.825619196030287,0
176.9597047299829,115.46231728770424,3.1013638889970454,0
421.8640456412806,118.87118737063473,13.846785050128341,1
405.9487378954104,179.45793134706346,7.229346475482933,0
112.36363115670179,166.32523980267223,11.28978441038122,0
305.1321786541055,75.54162605864948,21.514916572965312,1
227.54233059908043,81.1477926999886,27.282643775091277,1
452.25879224846295,69.01201769519619,22.896714902753775,1
453.0241365439158,131.5854048425963,10.351804640480974,1
199.48390343778487,176.12842045374725,26.347708504858144,0
254.423072656765,124.03575419985023,20.46709444998712,0
320.305330807407,129.89685124228913,28.181230561173336,1
492.40937423544733,134.88980400940852,22.83215520421114,1
320.9916184739377,51.27143899021004,20.692627561394392,1
401.87162837926354,60.12508806726686,3.1922158030765253,1
232.39405792348774,175.1793209084322,10.162133320923106,0
237.97898295432125,81.7801456468732,28.550343501999116,1
335.2016682499368,55.55133790714126,22.967584305610938,1
419.1726566790532,118.9954631472361,22.381850199511945,1
159.66702581850922,186.8934089534302,9.375305940332709,0
365.6144492077508,197.51843675476707,24.279159021782068,0
414.1404694156625,180.90417680429448,9.51319602795123,0
362.3680508988403,198.8085191789322,10.5140430816995,0
163.6342940880384,189.40672421598939,29.912071652191692,0
266.7417219173899,87.09325516271596,1.4293318030855997,0
156.25371144475454,135.23770811667043,16.10533858844809,0
315.75040370656757,68.70029743024219,10.526602208056252,1
454.44558822144063,61.85745851319564,8.703776046126192,1
184.75254544823855,89.68242285936556,25.547342627514777,0
271.00631112868655,155.76756288696944,16.313242121298146,0
438.4166313951079,178.5906295633537,4.166287204385631,0
102.84151101650534,88.94374416590958,19.82925666550807,0
143.93023872092402,87.49668317833783,6.27052252292836,0
399.26526067855434,139.07049763364222,17.611188770271426,1
413.01773593638154,53.16653735497824,26.11339369488146,1
332.54613682777165,180.4201364680245,9.731043250034459,0
320.6719845163011,132.27024974248502,14.227667304162296,0
384.0188901812755,59.762192984405445,26.418136240389707,1
391.7476544213706,132.5211244748123,25.859762745518978,1
323.11619362251224,199.2878439054608,14.32221678781386,0
188.4339301237933,144.67336636819567,15.516386405658627,0
164.78549332893087,62.5154018916494,8.405537244363574,0
406.5522984088238,144.15756369216285,5.622543339607935,0
126.44946095173228,98.63449287232228,15.823879005377272,0
182.38271967934185,52.87758970671822,29.635237072244472,1
413.71256216754284,126.9530784889035,6.559398604639311,0
427.83458888566884,162.65895697817794,15.094570657185592,0
219.8567779637857,168.71080303833162,12.305338838864877,0
178.49788936432446,70.39040165625468,14.007008278980475,0
402.7364631595072,163.97805916066972,20.178807834101683,0
339.70178150224166,85.34487581787295,6.914197382876467,1
102.54555991744452,130.65999898288374,29.928714033086052,0
397.6129714891784,91.58760047808877,1.1544027818325064,1
278.9106935869604,103.27179701829479,10.567175835681946,0
230.81399298751023,71.3186383082157,3.514179200576018,0
194.57046918402963,149.371543608443,27.945677737657313,0
201.57285355130267,85.5294055625182,23.421337990704505,0
314.8290255792049,183.1111765774516,25.54486483812355,0
372.97269946830215,114.77453006761118,15.567678602803005,1
368.44459756564123,94.9271049557949,13.975769265527536,1
428.8427614922078,178.4690184682492,3.8979423632869685,0
121.62728467375103,88.17523125329478,28.59461479854224,0
451.74806809275896,172.73209869440342,9.105166623321594,0
177.59483803977923,98.6212733534395,23.181145788027504,0
401.8679205989341,95.15755023268724,5.657679723747774,1
142.1944142985955,156.09713441760377,8.545940653182303,0
347.1002552366924,70.57352477025526,8.663340437294728,1
470.1133341479927,84.18307403185477,4.177415498829033,1
403.4840961388648,86.28012145283813,14.643144768135175,1
270.3982834153913,197.27697019774268,27.438576797694154,0
439.3078438062679,170.89784563661647,6.944324616816205,0
247.42228379172468,55.87846521179024,25.128072271638903,1
475.0512017186815,107.50267224305432,18.223036434551307,1
193.1972495062111,156.4566606075064,11.61937063718112,0
268.7709313402829,172.3291651871825,29.45014305113221,0
130.5067848035202,86.09605017254538,5.891660689803137,0
480.81811722965716,196.05577855063444,27.49998934744379,1
422.80438223536754,59.00205935008232,7.1998567127097175,1
489.888369964479,156.82213253407414,8.659344931169636,1
487.5587999570707,184.21710378419613,23.39755505661377,1
238.66167474480392,164.67489946854892,17.76588585255952,0
247.23612253199488,61.491485346279724,18.998835729497113,1
103.63472593772948,172.4718403315303,23.666412059548765,0
265.34945102499245,65.00311599492993,2.8113016528647172,0
370.29562260222224,129.39976913122246,12.623636191913072,0
146.1749966952188,99.39482916431712,10.859833492973566,0
225.70622942871847,137.85486543140996,3.444130623137689,0
223.63711248400915,169.5752662686675,1.594743776720696,0
239.85482362581206,164.20258796071877,2.900596749065269,0
207.42642438849174,128.16467395680033,21.696186076170104,0
336.6625624283507,191.96508185030387,9.903380523181891,0
193.49713865528307,190.33789059600792,10.651832636259714,0
276.3233707188549,132.64496099018731,22.271403859599985,0
319.13731604113786,74.36965428589419,21.176752057295403,1
141.88538669884946,166.83345268130338,21.962517234339934,0
123.29058102299007,161.12978921936207,8.793287506421247,0
308.35615039948556,167.22183923470845,5.3398954635443285,0
365.93970592139937,182.50683120028185,16.452018548220607,0
252.932195856562,140.18364228590153,3.501583992835362,0
279.47176675890637,69.50229660428485,27.5750528843466,1
315.0183039212103,176.78444331115045,4.813820069717644,0
219.86773012789797,99.32633753009014,11.029115750070478,0
126.53692134624902,75.97512768948133,4.644892365041675,0
320.55238990595115,185.0407591898624,23.526252279278346,0
283.3919732410827,151.93756073615162,9.219496047688796,0
295.9935973671004,177.31274904433423,18.043797124781747,0
376.1602656326537,109.64845314997066,3.088365826696827,0
482.10282333792475,113.55714920480096,18.019605969716267,1
458.4238711179315,198.3338276143293,29.784144236217056,1
420.3341995088731,53.539470330617924,5.493343766505294,1
159.14747298734858,176.72979542293214,15.028830151219008,0
376.3431155696323,78.8775200944705,11.223194051970832,1
434.6075614181901,176.91166590985605,27.896061321849434,1
470.0245826496928,194.58029535636572,6.368594350213243,0
233.53620378305692,84.58020156903976,18.464276247583058,0
128.1864249979256,89.11754952729731,12.200246885308953,0
475.33156025735786,96.22129724269878,23.972336704745345,1
444.1071925556713,179.35485218266192,7.160303762122627,0
277.28356412430696,104.10486360416473,3.8136376612410223,0
434.9271718895415,113.97130734151497,4.059318031935048,1
208.11024773207455,121.65095262393953,24.5484496074449,0
308.87229018366753,146.33043146359205,13.60196783538905,0
260.9126624060024,118.13927480342191,6.081240870329759,0
431.37395506452276,71.0668489569954,23.739596447111726,1
149.81772272708952,93.1730433044896,9.101491585859382,0
330.6396482654305,77.24712098144127,8.37811820180501,1
362.3108728491199,96.83206615942927,22.32359358351974,1
124.69007764853535,148.57308737567843,29.188195973346375,0
320.1161839537091,119.24088212227873,3.891826612118735,0
170.60869158948128,102.20627556951369,10.592408973010828,0
357.8180234241937,155.59945359156328,10.753147273061685,0
419.7122752754988,104.11880503515223,8.178079600655233,1
414.70824784452833,173.53648943972783,16.471496076196527,0
119.30985675808819,164.961443014486,7.26897516635819,0
157.6748406797548,103.0999226164094,4.186149438568979,0
423.0458415350437,122.48791616768415,9.917998794068527,1
352.0813381846227,188.6573951282433,13.159708993643239,0
233.36969836812216,93.58462103854563,20.614803454880676,0
456.87862622069696,197.77787044715873,27.961799212177798,1
386.02500746851473,154.28699879904184,9.808429670728449,0
239.16035998522588,148.82911091522317,8.101341846828616,0
451.7449143916996,102.13540764556278,13.097318246305068,1
378.0144887564222,51.50968656426565,19.16255089737602,1
419.5435870769361,97.8655885030006,16.909212875461588,1
286.0929612921468,55.00459583182605,25.06395875457963,1
314.38201960144823,141.35799977914866,11.88431807813825,0
259.22865349929884,94.3371503289445,24.516940395996055,0
414.8362094104854,168.3775182204397,23.386323037573312,0
407.6046986675423,89.209174838685,9.617884017596117,1
166.6580226152282,125.70071652046059,29.544834806033723,0
179.86907804462876,124.20099194997152,21.205096109176164,0
438.1510765460024,52.83178249530545,2.0994751453107474,1
386.55111170739997,163.9142782698765,9.411852907800673,0
133.21778303453664,160.770776475206,17.24875375853224,0
477.0111280246487,188.1313162515692,8.388018653503764,0
486.9162343247233,85.97833277422838,12.052341427367775,1
485.8766418824786,166.41219689322986,20.642895879272398,1
123.77311841271577,55.850814110205405,12.238031193182646,0
468.45480949256586,137.742936221423,13.597151057475282,1
207.5201750958127,191.74410316839806,18.776304465082358,0
138.47799182611217,97.34436952879898,3.786048473342408,0
264.1748017229341,80.23717689576321,8.944668937735688,0
339.42123153578893,63.958713440248474,7.71130497839014,1
300.8699894086106,114.14635276744549,21.079134513070176,0
287.00080570455077,161.1180804676431,1.2938385489617799,0
415.5994527150831,145.06676126688956,15.81619689839566,1
235.40298515501394,96.80069379533431,5.111335825425527,0
412.07023570608266,145.0758213470213,16.891602567859348,1
185.56037907666553,137.74146293223947,10.535663657281695,0
474.61247693922945,145.9348641580949,9.657454975428719,1
351.694727440698,142.10699138201187,28.358482177810856,1
455.3983201892058,191.7425612068671,11.055306386926047,0
429.15624602677156,172.79750221056895,2.2596418433233425,0
312.24620068445154,110.4781798607671,13.948128137019461,0
114.76114320455055,156.4755754812627,18.544215559849427,0
349.45006885227815,193.09510608079034,27.030602928566736,0
198.63810452160035,155.59662336149847,14.224706469505342,0
185.16988226692064,96.17252009246127,17.924174923438407,0
446.49550683234247,106.83096642023966,14.446942690967226,1
254.17064987137746,155.6093752966188,6.475843086514686,0
282.2088472372874,82.39837933225692,3.103345296202228,0
162.92817781830598,124.95347580465351,22.990113773721028,0
454.5437026883426,92.9215871961232,16.743546129376636,1
482.67048051029525,175.8384541550062,22.982875586004656,1
146.37979479005548,169.0149659767095,27.843756901636173,0
309.4310759261141,177.63306754758088,26.493821604212265,0
203.4352762990644,102.66731138498612,15.121441130842252,0
470.355903636377,85.39501189049531,12.012063074386605,1
313.2196471876977,121.59558738648599,21.801599689932637,0
497.99256599366,134.91723370845136,2.367695287646329,1
288.2746299533695,191.00352571379025,21.46284229346153,0
310.2413465108651,106.80264459292368,1.0892713797537805,0
219.43088207873922,186.4654503502576,5.206238898095187,0
453.2446091705409,109.910644061526,25.951159905134247,1
255.45420046597278,146.01528695151802,8.156364945804102,0
197.46355316816675,84.16228007271602,7.078809715608191,0
265.0583897413959,111.40886759807813,2.6676620369624064,0
329.4250417122114,122.38385759958526,19.011203826691776,0
118.69666057553654,95.912778060063,19.396101305313938,0
383.4987822920606,183.99164939338522,18.04646372512141,0
449.6075005426707,184.6584193776055,3.509827049972187,0
450.51530845038496,100.07821197471648,7.278383061480752,1
352.92458542158283,126.00821271342737,1.081675515185072,0
430.264341846841,170.1185812176645,20.156235790536535,0
200.68919678624076,65.89586154076525,28.997300692490626,1
413.18171346874976,109.36480718235268,11.791868167423477,1
471.61572085593895,65.63446155698823,21.296117430756812,1
195.6193846382759,149.11824543444072,27.631137934711624,0
349.93353780771656,189.1171199035446,5.836009128854242,0
174.3565451245147,120.90381062769856,14.40414581172848,0
259.6734287749522,162.08220834102517,25.202270287573636,0
235.38982608111337,72.4367249691994,2.515866387691475,0
430.13939193498743,162.31924964043094,20.046796665779315,1
423.9843634088063,103.70603238747827,21.542520359213295,1
493.58897673775675,68.57407389615425,11.49084839322272,1
145.74564579034325,75.53609841468304,6.636839143948699,0
348.4502293934091,110.72515004657848,28.894505195065545,1
455.61119923818507,121.39412775403432,16.09239619068473,1
352.11695496381066,118.88202029841804,21.2434137061807,1
230.38119599183585,74.31903606678546,17.325706871181275,0
238.51746520786682,183.46156909501514,27.682726799198353,0
271.6103138587945,58.40939748191582,8.172170507943829,0
449.5722430503287,127.30248387857986,27.835464747280916,1
310.8415397092417,190.706521098173,22.502741065824036,0
441.90020330469935,114.9495310876109,17.319760168520528,1
335.19741682272877,122.63711070897537,9.486312704258607,0
332.51913092537984,108.7243639635508,29.5390281354349,1
382.6755526418202,199.00240733322758,7.494822195948333,0
348.15201764477575,53.35720862379095,15.83273829564443,1
303.53515925668773,55.1998461007281,4.76097628962974,1
162.9727879564752,133.49643005017077,25.23746683149851,0
415.1321231361573,157.2346582431876,15.664277403135955,0
307.6758953520822,137.40770092077508,7.268872119145399,0
219.62379887582077,67.05122765721379,25.90039143769259,1
231.90474875578323,77.55273850247595,1.2226651720197108,0
497.79757775178206,93.17609260546341,9.106590171265676,1
106.79657982404235,56.45058555994497,8.125884626736964,0
460.8156533268307,133.14993205745296,17.75459579758549,1
390.50334072710996,151.23936418209908,18.64924997950447,0
379.97418055734664,91.8918848102486,11.893169065455396,1
258.21939096744654,86.56695138853001,29.276673291666512,1
229.4189705577859,155.93694955804384,14.534412491825533,0
400.20212130027426,85.58091071289394,16.968332233828,1
109.44764020419906,67.0095424205393,16.130677141187064,0
135.4859753090696,130.69244486869684,4.4434356743257375,0
353.3604826444887,145.11143205283435,19.17703894292748,0
195.25031634482608,78.04579079584394,20.187130744689064,0
400.29800802135276,116.76009083634494,24.545205847458696,1
226.99833107941805,100.71653709359381,26.796295523066007,0
416.15622739049036,110.27368653981179,28.653871420974937,1
273.8229804880665,118.84199757942547,19.464094246129083,0
446.4339768237586,169.83096131434587,6.027973271192567,0
316.92187815171576,104.49957069523106,11.382441872006412,0
361.93427103078136,134.25151421158455,3.429279259247028,0
488.03861611466306,95.03763469343167,16.738263326323217,1
252.0696036002879,173.1017865777133,8.487603179468184,0
228.28131617144743,168.84083669986003,11.924665046216377,0
270.2502270159763,91.10079297869234,28.56191561160992,1
495.6405625680227,150.53894430452533,2.8282729969742344,1
266.06681459347107,75.97226820156484,3.933172124830429,0
404.789996371121,165.86282895782867,27.983945075474242,1
315.26483151951277,194.66873043359223,21.569170047605787,0
268.73283130035827,97.91917664018739,12.84666953855909,0
293.8186167203129,81.85232267980635,29.989564505638015,1
384.03148028794953,181.95629741854017,24.524868773605604,0
344.7119186386524,112.85515936156094,14.428670204934447,0
338.80694970615616,123.48248767972356,23.77536628566858,1
373.5276051047075,61.82806779342421,17.270001069663934,1
434.33799829441114,115.49019303005016,18.961148575268993,1
313.12442949853335,182.63046606038512,25.81439265080775,0
233.6996118031081,163.22436015323427,19.31965035111489,0
291.2569052337142,86.29843464612759,13.565573208347075,0
250.6291275721983,127.65955446921092,29.52307838252119,0
284.8081105515795,137.25115976501536,23.18072474092259,0
409.16911651786603,149.5761803083202,2.337654337168013,0
270.9125518891838,162.9331456807717,18.924238876937352,0
460.28482059866184,132.75702047642068,29.8573268948827,1
147.78484990061457,124.74553057399127,17.176639025970555,0
192.41229669551902,128.656901154827,3.0207567638107244,0
473.28523931361264,82.55106869076036,15.62852378928308,1
263.76058588605565,134.9832366235485,9.352114513181485,0
143.48970136018403,118.00972669289965,14.797958956255904,0
480.95786685984353,51.20576808256542,20.13996158141764,1
242.44472868671713,68.17404048513342,17.307673624512802,0
218.17081069558722,127.19197625556929,18.445889645131118,0
227.70065483018902,75.50237321186796,13.542483177991123,0
218.1946165437442,130.91099523552583,24.187724194824355,0
208.27585965918,185.7465933749324,24.77008799188167,0
305.258816879639,53.66254126904476,3.8772406597209965,1
447.0241608423509,126.15180112520495,22.899399865349622,1
265.78632571014873,116.85103812549528,16.668033181962585,0
409.67809483085136,78.32744573687287,19.215412309561085,1
137.39331459922312,76.96392428268041,25.560417200753946,0
374.48317001949806,110.56397204093118,20.50559803401971,1
497.13244185898236,78.3776518548529,27.73101778727073,1
299.8651313929031,173.96750465804752,22.02392974434022,0
285.82655864628805,166.76003191132034,21.03953516934103,0
230.37988051629816,71.83391315868339,5.04007792272998,0
382.1463756732246,85.11944252303083,14.516658864461153,1
352.86626239233715,71.77056784331276,18.785576913831026,1
237.13102063508566,67.22164558061317,18.56430852331399,0
311.4833767211444,189.1627993609505,7.5103127416349,0
406.74298502282056,80.80757755282777,18.830514010739172,1
257.72058337711144,159.33375026135988,19.600210703514048,0
296.3142954412193,90.71615210413736,15.33560045635398,0
408.45659923753954,119.42482880776858,28.71103741049724,1
204.29254798704565,168.4418564123168,21.860505027335172,0
459.33906999864746,143.5867250047034,29.60001046645492,1
165.91382734270735,162.81352526027155,7.333398418798267,0
359.8957745932008,119.60574986072702,23.650607596183214,1
350.9301552983024,88.89481897237945,21.037864963698716,1
368.21306542236124,160.03561390990944,21.537062998311583,0
321.2429261586471,185.06082758256727,26.242225628563787,0
499.8164752699226,106.7499493766413,19.900029287584452,1
383.5748500062363,176.11108329686067,8.918025185268693,0
356.3798113101914,71.28041921230701,7.893655986243239,1
203.99382600634118,150.93185685515442,20.823632723840664,0
391.7051725540193,69.47017042142093,14.597879692808819,1
444.40010928345225,80.75955401610796,2.0341967475476723,1
385.3029862792792,53.950680856702036,26.06824610314163,1
324.14862317683617,112.45706091639923,24.938010516519064,1
302.05558686306654,173.38511622132194,18.059473039127994,0
251.91016224608452,171.81083714137128,3.4388749894902433,0
262.190437713441,124.78848160994174,24.687337839599266,0
308.91553913381074,145.8306828071571,11.83987810939035,0
209.60288635514988,198.13218049981356,26.046173455635408,0
494.97793379510074,61.72907299824835,3.900207891011875,1
483.71867131055706,120.32359339721985,10.861896055586358,1
279.40607760496886,198.58567954683554,1.0186457680468695,0
350.9872122814462,175.79595975755427,27.82361144681206,0
419.53835600976174,169.40513821206474,26.691321076332034,1
105.93984470417301,59.87243732726423,22.7269054606083,0
197.40303102921817,141.14040783084255,10.883602461607241,0
472.8396147054069,100.0427734184471,26.447627798690878,1
249.26384718633955,198.38430211982558,27.297767566961415,0
234.22405179937923,97.62025559743677,26.95468891654147,0
269.70227961088017,120.91317649468675,14.974649957250678,0
443.6337187293647,168.5459242849301,12.813502806862793,0
292.38708564966714,79.8119453382099,14.7857510935707,1
228.98457720033386,70.60890734029249,18.497730821475187,0
400.01443660075427,148.33996398496646,12.347951284937286,0
123.49603855704041,166.7414054571771,29.846320466031308,0
272.4251011757327,53.28312970035996,18.471432723179614,1
342.752818009815,89.7268958148797,27.297804465578118,1
131.31772877292897,89.63895720009944,12.25611312741402,0
284.7411193058467,54.79618918081569,28.503127174585615,1
215.3367569214336,163.46594730600845,24.882818502888792,0
361.46721669523953,82.95501472982522,22.630786957557966,1
407.99135836423216,100.32416358226791,18.19446703497355,1
142.45157044464378,147.0265351272265,8.801723204752857,0
430.89924668018773,159.03854711105714,21.024267252010674,1
348.57250042664845,176.25129166432407,29.581555223579475,0
479.2364315699686,132.76689662346286,4.911122676709458,1
111.01929395215726,192.59587127447372,1.6144808532827672,0
177.1177163710679,186.28069233102704,6.432787178640173,0
406.04477319169854,84.56649998983212,19.080492837619172,1
193.67073370006244,96.24155885078939,7.817191622941634,0
132.1193117446569,116.92871458187064,21.713939508644106,0
282.90014636617695,170.34099134489406,23.54067108152557,0
453.04371428563786,119.81032811595333,16.02577520445063,1
350.09522785232195,139.80328771149505,1.1077882176376113,0
284.76542207155376,178.77193426001116,29.80562468719425,0
204.27579899163297,85.24584024362966,17.32106107483613,0
405.34260530758155,133.18884631117146,18.278812664988255,1
372.3658307336711,98.24179196740248,7.598873886335619,1
282.9953057008012,129.95274558075096,2.456157221372659,0
151.19713059485002,149.76869683425008,6.946409208113966,0
227.0821484032164,86.7884290548678,29.175530187962206,0
379.94185905962826,187.48963887757714,7.877266861780732,0
128.2571309855448,154.9074438227777,7.678239994767354,0
297.47859043745143,161.8958118353791,25.34604275828202,0
258.04243914098345,73.03499476555908,19.576996572046117,1
282.0419288092313,118.92464085816415,9.321511681889014,0
147.14166963050755,56.8672748433128,7.6092264432888985,0
105.28070779719147,60.24260193347285,22.651401936633242,0
342.590956333965,108.44152133398725,3.2506599555671976,0
371.3762279148978,171.98671874261726,8.88611719227232,0
204.84343209163467,111.1176615906172,20.99311884026568,0
302.81249269558907,119.92671915537024,6.61493623557771,0
142.50377273993166,184.8386626548389,11.189968964614003,0
167.12227629684077,164.95992785969202,22.276543004999777,0
242.5790086727877,144.35204613672917,2.30534234465659,0
390.98895000233426,83.08809531803287,19.27604773819646,1
109.05690629119435,89.04482452743166,10.784504656108387,0
434.6757289738746,75.0772321746468,10.52243240169116,1
458.5708973122293,75.44626992293135,20.094559731305168,1
223.29664677653147,166.48180131802684,27.929124219483956,0
259.91586650222644,66.43317320839856,9.129458305236046,0
287.5131786230889,167.3367099002985,2.828693152027861,0
216.21713604308397,185.75222359740988,15.681479293567186,0
240.4117714546406,138.12242613570422,28.13474003704134,0
225.58740832245658,133.6707518989038,3.837011068214701,0
211.05016895057017,138.63506266888984,6.694571973383476,0
329.19062814552285,56.185497817840435,28.495280374108503,1
366.24182742890326,188.01049001437067,7.520230327404498,0
477.3983841203529,166.7533418827495,17.32959036571006,1
410.1906474393936,84.4991612025924,19.27871952417638,1
361.1417991418105,50.217117068731916,26.860096056674493,1
489.7670967579228,150.50427593960887,4.42972253474655,1
187.37415207255754,72.79950064277341,15.773301847440928,0
326.8454648569284,164.34297987051315,15.007915146867544,0
215.83014625025896,185.36966808063949,3.664531535747975,0
460.26478989491943,103.72771330784309,28.586164809382264,1
313.56212623395436,185.91139969588775,11.17819006453998,0
226.4145006715296,60.172593088617425,18.850067601694363,1
146.613840960792,100.23529988949619,19.755851134401066,0
370.4778740986718,195.09846572302305,17.466053307960482,0
310.1332173636731,97.44108576674924,5.523211328672128,0
291.94965668854815,105.89585064800963,20.09130296938376,0
331.3588653582674,154.0896888733257,28.97313257473149,0
213.7102091259916,74.0581771587658,19.334094214809195,0
367.6603731104501,91.77125199098855,20.953214219917676,1
229.14455246521058,135.16446158153428,1.3178848876979319,0
151.77593743738188,135.39797838554836,22.268155897737834,0
370.8973483081025,154.09350642033593,15.659688705422974,0
152.1283500610465,77.8030692758046,15.304949831026038,0
337.3532109968947,132.82443770063162,18.67236933104541,0
103.71607700900691,190.8856556109975,29.598236528150203,0
418.51070483099,64.58552509734297,5.164412713496087,1
285.3961976622129,148.96523960988293,18.8353084535517,0
272.5135553047645,173.6916977820546,28.64433193784129,0
204.34732116794532,149.8783351769563,17.805927602242686,0
371.6546500297032,135.40307967577405,27.450203028181612,1
177.00837851443194,112.02360179170812,26.28709609787816,0
201.4422973627278,176.7489754156157,14.699220309822199,0
167.01400528942287,106.38539684558444,3.3630924820265187,0
214.5840478250117,145.52726071129956,23.573862521605808,0
330.6613997295216,150.1265028301083,2.1441516877139173,0
476.2924561800975,152.21908672432994,9.470706092327665,1
194.3974602599213,186.5452999695246,15.452809233368999,0
385.5265793140936,130.35659557854478,6.758268828640994,0
481.4025326553456,93.98708264289168,24.952707479007334,1
416.2068203560265,114.62187420367181,2.5519604113736145,0
103.76494532398422,194.24842046995192,20.383529902457056,0
195.04604277745761,175.05259974788737,22.862226231410144,0
167.7586260957715,126.821760304363,9.067315599536728,0
319.98896342902884,188.01406639139898,20.407412814430476,0
483.14074760342754,98.39144285718945,12.623271355431854,1
379.17821629115184,185.37913510810205,20.396784305205415,0
131.93306748506765,136.6172437868957,4.568249875197202,0
241.44441311010104,171.34472567170033,27.46413492030845,0
373.4434793070368,87.65325966542188,18.993664257396162,1
472.6450129526818,158.98122436496342,15.136817425132039,1
230.7837158346389,134.42095208131053,10.699394759039503,0
466.2568769682639,70.977125354599,26.27894766949667,1
166.22349325573214,88.88440059497525,4.599725184383747,0
327.27434618267273,88.24227135823618,11.375662062305485,1
239.53044813248874,199.41654290018164,29.029369921311456,0
454.4535971651528,53.993378642347075,9.017168906682793,1
224.07575462721877,54.6497221970647,23.559247003727513,1
256.12741578712775,185.1614157823142,1.9602102334295095,0
496.7295692603649,71.69388173614874,28.36310608194591,1
134.68887834043778,142.9115622996134,4.1611667989976215,0
318.34070842808785,179.95301337572502,14.215489561600634,0
461.2425255474271,87.83940995949027,1.550540837201643,1
171.02008206469822,105.9181571892852,18.848752994918016,0
375.60940459270546,133.30982582151884,28.801009352897776,1
306.23027801702983,88.44035900505429,26.129746455558603,1
247.4970954911532,185.2651864505088,12.25620550242372,0
393.3062853242206,59.263657220954926,28.488276318505733,1
292.41795328719314,77.63622126427583,19.90311732471209,1
472.1267951856115,83.98482057184103,18.231859949093966,1
168.271318470808,109.32788103374673,3.0456862566228406,0
290.83630142616414,127.55176144586767,24.88026603241047,0
188.2419104520822,165.932533763145,21.620219482962355,0
213.38015726168146,152.20030223171727,4.297083183246292,0
222.80224045260462,149.586298320698,16.73778346603718,0
398.116832122295,170.82098919887738,7.380562226722256,0
345.11464754643276,198.1610990250615,8.830930689041132,0
245.012107095681,173.49914776547627,23.728787250810782,0
292.30067539203935,73.27412279548926,20.063959166194532,1
165.23547758874363,188.10496324709382,26.133725230176076,0
212.77427058918192,149.75695883515027,20.843210941617563,0
448.95518583839777,142.8754609828089,29.074769132691273,1
390.0873758597966,94.70472766808126,13.544086265632105,1
126.86786278346665,106.44382973889071,7.5155139855355255,0
161.1822734088641,56.98525681271869,4.411901135940061,0
253.58534771716967,58.98226785474729,10.256173840343452,0
210.2241533489479,173.73225671789567,14.73170757555521,0
129.02580093944974,116.82964658697942,12.470467732986112,0
335.4103407874351,101.27162990899055,1.549436693941453,0
213.26073908492134,133.90124797792876,3.337886459948376,0
176.21952005109915,80.72923366452687,13.770251950938142,0
469.12707203609017,66.49661678195633,21.613822541202925,1
408.89071154333027,140.72300670578733,21.749518769259904,1
206.67146723131648,81.48299088084858,6.728632681831063,0
227.44748675535843,165.83689291962247,14.27616427765263,0
432.8229686947239,188.4499788430848,16.56244002286025,0
389.7795334344586,73.27809855801291,16.971894637773808,1
285.3219672605926,103.39055888888964,3.4356083585829613,0
181.56945326197797,105.57154687140019,20.05359552952668,0
148.1129594719361,148.87484040781777,19.221725267361013,0
109.53365648585552,106.18207813796576,1.8217386573361751,0
212.43232832441709,52.21945837141481,24.328971236594533,1
246.4613922702334,187.75204237758072,13.966082191749019,0
246.72159252404043,181.2768835757959,6.862275705331349,0
384.5234544086158,61.081272368410126,19.141439721883813,1
104.56489829028177,65.34965378435331,21.751886480442163,0
478.27195980032513,113.57442527027973,9.39924987323993,1
146.18873582421054,160.8726006447023,3.372703929160253,0
444.3097625472693,166.6704188029493,16.192550093369412,0
401.4327198946143,183.51517687334672,1.6311083769599113,0
324.95582486985376,67.88320718482625,3.502041695660335,1
152.6893414790053,57.3983933256769,28.775194084809602,0
497.0544647719161,51.801588217928256,13.91602627085672,1
450.6526381778188,56.902393564037226,5.411176140038669,1
372.70633583660515,110.424444348502,2.9518804226586317,0
398.1437535620299,185.0239269043605,14.438130767111062,0
408.75674961815804,191.17586212016138,5.9827822376214685,0
440.7556101879087,127.24685918623335,14.914956184212413,1
417.2611391192631,78.96810270260623,29.24425174523201,1
418.53944137558136,135.3105016415273,10.126396781554941,0
422.0208635981661,153.46912005700798,29.06418085856561,1
186.95630392853442,110.30648177542099,6.052154930621036,0
300.77798424117293,129.88550111071368,2.8886436406759897,0
447.10100269439624,196.06829179977245,5.857930566957103,0
248.75698353745327,128.07317349545204,27.907610029327223,0
282.3783165679798,72.89781189310646,29.60779988664377,1
437.6450770639222,164.8109777493511,1.8329058235489786,0
107.48054293563878,155.02955565255607,5.521649239906476,0
410.13417056822135,103.9325544596353,21.485038718381517,1
259.203351988146,193.6164343191018,10.217444352747064,0
360.97771371830254,88.59673650436912,13.654012824592014,1
336.726382923503,78.1389619145843,10.93737730061471,1
280.06549117720385,96.82001785105251,3.9488989743177463,0
328.140175561477,169.04109973270576,16.06028928520671,0
473.85252970140755,185.01747041732523,16.264007951243084,0
342.07109461531957,121.68610709991341,12.898611986258151,0
232.49964250257077,80.23719232967032,24.186983903612727,0
125.29866411491919,104.39647053215938,2.354991243235935,0
389.81680231992186,176.41759936018732,26.746282606176116,0
271.13060090100123,194.842888674381,10.646864285605648,0
423.08378293397817,146.5182712376482,19.84018866304162,1
290.29568283104015,98.21983918764181,27.30600229747354,1
128.50847139632657,163.96336251559595,14.182195426274388,0
443.6391035361835,68.21863752313001,24.601117833850893,1
212.7044637512853,110.11010082287038,13.767480873738748,0
209.3173899948249,191.28739463503868,9.755871260769998,0
132.62368824726295,83.0038204201932,3.63064348851222,0
442.2099363649854,101.01938448859282,8.601593036229547,1
490.56987245283636,180.7842064183831,17.68285837331467,1
391.3496578478115,156.1221658148744,22.84360476839683,0
376.37415517996567,189.07136376159897,20.259629034921364,0
317.89306633760253,82.47284867725472,25.815360315103074,1
330.14389196335947,122.14124944519985,27.751320579340767,1
352.1321757745813,56.04419306936887,1.1591521442606119,1
175.31726145514682,186.21050612482935,13.913323884722683,0
128.5464251654195,152.12101576877046,26.287449286693125,0
318.7417607651985,186.68822115350815,23.173344215959716,0
122.12395255579747,109.00614949866974,16.77268592284333,0
256.47734458864863,198.6621353096618,19.17103886971542,0
462.4473622645693,50.55151718767523,29.293582173009348,1
437.9849967280404,174.31033354021946,18.886630940136126,0
213.85235410900717,80.06691273648215,20.958494261801953,0
372.4185985451008,57.39958604846918,26.660202277550052,1
213.38192266012447,159.22002507836902,22.80891860775576,0
454.81024304846096,150.11943384070955,10.5032792373455,1
312.401240124987,199.17734729193938,16.76102787172239,0
202.75706937860008,110.98773413800996,5.508699076617664,0
312.4752796955428,130.8106777232151,1.9768797631682358,0
171.10056401323152,157.6711397708092,18.529125435834192,0
468.6560194843739,53.6909189671942,23.504696885009622,1
145.98676247751314,137.44877819038314,25.576583024527363,0
317.8405483888713,127.10726652481891,27.06766593847717,0
383.563636902572,171.25709927897802,14.85608378716893,0
323.607170884817,190.8220887214388,27.72499780331051,0
238.9347976552417,76.8025532844972,24.351982128514884,1
427.2620958848086,162.316034183108,14.949268882706189,0
206.5726131132283,100.27508241724243,12.055708095366438,0
197.34367766008157,83.8375231165482,19.61076549809429,0
151.832170646796,150.21366034384408,2.730467367494582,0
107.69344383607509,122.4079591189213,2.996696057862591,0
114.32302920362831,76.7682002251789,18.696187059866467,0
457.6019017899898,76.31310416631298,4.933229956917678,1
152.51340937166106,149.74203632722026,27.84333723358237,0
420.62190393409844,119.95923511355025,3.5646381558155467,0
346.46577047813025,162.85195780482496,22.30807999493831,0
250.1053505757119,71.35684566681331,24.540050888092004,1
250.84551300230794,192.32647290986466,7.921876281591128,0
345.52541208106777,51.57980439251686,2.083036580082047,1
474.97008365327684,193.40134765947153,16.45539211087186,0
288.2738894533584,68.32415660741077,12.018929347451095,1
283.67376522097015,125.3749802646419,6.923411317716288,0
238.3875700529027,139.68949505682133,19.089250124494768,0
195.34651536789963,111.72047229341723,27.81777269789679,0
306.2794665938628,119.41176439808683,10.675421607063615,0
351.2773207821866,92.35572600338574,12.428085024337037,1
156.85127346050876,138.8521905766851,2.447003626493519,0
288.83451726266185,157.94281266439756,12.162203641295175,0
441.7768585740562,69.19770780831838,25.103605590460113,1
274.51030251017863,185.2701294310187,29.65990627391479,0
364.0859796835399,164.64371858022744,27.35566518573834,0
357.60129552846104,56.201305337127636,1.715327803335534,1
364.9728745470757,63.59772632056652,5.195667617281748,1
199.41285720480866,93.6263242775817,1.9985022129769314,0
238.16831015761034,162.9746821534256,29.27583223623568,0
133.9637275265197,141.42202071040936,28.577064751254802,0
363.88876745960584,116.08408909266979,22.232420181768653,1
492.0655625231393,109.51573851729054,20.532469839415608,1
413.05138627158516,149.3237679429806,6.654199116126069,0
359.7540515062896,91.19780866615264,23.759228924756133,1
414.97490192725206,119.41098049158983,22.232334538309942,1
201.13072928794958,191.12367647961472,18.17708314305712,0
492.18790894770905,179.04775911467442,19.321590755872858,1
173.5447004388816,138.67005921908333,9.790534193171545,0
230.23090123337556,181.9022969168641,8.100021455503908,0
397.8972742869673,164.67138831205926,12.717007727565768,0
146.29247797095508,186.16447556182308,23.122564005838136,0
293.48743568210597,123.29509230176244,7.208997350442333,0
288.92865114068934,54.51353668751883,16.482360833664423,1
274.69061307003307,174.78951379737515,24.285393108012922,0
257.8489670191615,129.82666444023153,19.238798527438245,0
430.01003885279766,56.467636769307084,22.056951122311766,1
127.17328969871443,50.79573329863037,4.038731733771886,0
264.48746560529537,82.5607422201564,18.060897030872248,0
306.8623278869579,100.49712254371046,28.57919678967812,1
218.94862754549874,127.06029171984484,22.81558540589439,0
419.5398545739929,132.53470724460317,7.346669242231872,0
485.18069159648167,175.26324463382318,18.056220341673026,1
176.93261150267296,88.31770992900098,3.1451198144863333,0
461.9317619155859,112.23376202597785,26.04730138032018,1
263.5042755015985,56.94062452151542,27.45407844893747,1
452.2060746035054,168.51232173435767,19.776228103939964,1
399.9064987029336,172.648439940688,12.00831929952811,0
248.1390848137302,67.71353144784585,19.110236260097793,1
169.86859790141816,134.96703922963636,22.108577936624712,0
104.50179935731967,136.5287393342536,18.648566094545856,0
157.66149983529226,83.43871374239606,29.378205172750345,0
372.69352760081216,84.82115144199577,14.951791362112047,1
145.78262946287526,59.50046237842512,18.12677506776597,0
415.5489407304808,161.83193138117048,5.882463322901608,0
400.35202329535264,169.85005707719412,19.907290258868834,0
468.17051932086633,86.69998407625526,16.40224025827614,1
146.73053128685495,185.17370014353136,6.500459872695555,0
434.2826287017853,180.74290429240816,26.03516710304198,1
478.5079615515647,171.37792262508395,9.35670145649661,0
166.29017644029034,92.99234802170966,7.196142167584579,0
269.21022408952854,151.45639548280465,9.399573258594296,0
329.46003857526136,145.15931144097092,1.7707002794600608,0
330.1524833099396,72.3694889027713,27.096498121781046,1
240.9576226311339,169.39716590423927,19.59248112873324,0
157.61963031334608,149.11923640100474,1.7465871784253952,0
208.45191194943502,70.79255830051783,19.674090002991704,0
436.82635160057674,168.73676726987514,19.042987232092806,0
492.2934382606587,144.96652042409642,5.566659846752059,1
291.4241240402728,66.4721663003039,2.1842159422504315,0
162.26160711753482,78.71839371476612,3.248475728637505,0
164.24492284726512,111.35411610533777,13.642971072434866,0
363.28152433254076,193.50753473107468,20.472282935084145,0
236.5792572838137,146.4685336051213,12.905399993463792,0
123.889788995514,169.00328324782828,29.010812853690748,0
263.4902801807383,124.967310801035,23.98705580141768,0
334.4408763951251,141.07949114162454,28.666008397814444,0
136.8068284508132,79.51955861309358,3.8708568656548037,0
350.5837733022256,95.05911992731241,2.9094471308133754,0
163.95620248336473,129.6543153220142,28.59900311066992,0
238.64551977280232,91.6723116524204,8.865287001316014,0
173.8552487547491,164.9822332253152,16.950481078596248,0
461.9140156147191,121.45328318825251,15.794258939961292,1
486.58419513493044,149.26319420979883,20.657586076379236,1
333.9053007167906,62.252606899055074,21.612432884244374,1
196.9553617163416,90.43426178730456,27.49726171050507,0
139.20448647797696,88.32943970787184,24.937700072332937,0
335.21703527320966,86.23056886244046,13.414139794003832,1
155.49700382263603,111.91540599643406,19.545604189526866,0
376.4173949355475,154.80563321694984,27.443012276403575,1
202.04908633715945,147.7676879324645,26.648958353947606,0
490.37967595219214,93.48125331215027,21.786172880371804,1
294.3750864676326,128.97111333650938,22.654710544714067,0
226.03954852986863,58.64190682452336,23.275274178110486,1
107.20260808645902,107.18673450178554,13.077931520755426,0
364.75548416959765,155.3013245940965,1.2142226619212106,0
400.13962542492686,88.14301974566524,16.011900191179567,1
141.02265718976565,144.08800661382782,14.279921094804065,0
391.8563991279529,145.4955534307333,11.32711769967157,0
254.1519071412448,103.40389954068131,15.368041914448243,0
450.05968456452024,111.64835646832478,18.768835418738668,1
477.820943049692,129.29438528770433,14.297310622687721,1
308.8210262884377,63.30374409969436,14.473434039062878,1
385.34347323952954,107.90165984143299,8.827496730538233,1
385.58086008524526,139.9986515437302,6.195954433512863,0
397.19724523160045,183.69375359179557,22.185360054693952,0
253.2764483562667,165.56359467243078,6.909463174427823,0
444.2879820176055,185.965936883503,19.62750812040951,0
415.84215487355465,108.95844825189735,23.566234560523743,1
431.4788852935589,135.23008118562944,29.861775761061146,1
279.29036937497096,132.55389565492743,5.753096972302801,0
235.68903580763595,144.59895959328378,9.734015082521509,0
197.0852031917023,192.415412730647,5.841769049397531,0
194.89532459876324,97.5966222533562,7.397071442892694,0
182.67123386714022,198.1432681047179,22.530724200796392,0
276.9665176169352,193.4240987102808,10.070834732073264,0
294.5630011902449,98.12610202613388,16.83447774343611,0
140.19404060020554,120.52899587431274,23.932778826002593,0
260.3510958021034,153.1443585354359,19.325371994058436,0
239.11994064871638,82.98350051324259,5.849939750001619,0
468.90376773046466,155.45148337173424,18.31827788767149,1
470.34094675217074,119.19446944592545,4.825815676360003,1
251.29357756660556,128.28856634712616,19.164641575350437,0
171.44148514181592,189.42295842294507,27.46151864951066,0
371.7912234424878,178.2670382980755,29.97051886449936,0
388.8435418950483,199.30520186245948,8.751214853603674,0
142.15680993965236,51.27413642587615,5.369243926209048,0
203.5511341553601,105.95736453646253,20.07301805084357,0
446.1935220809277,81.66985657214482,16.803038839442806,1
358.4710067627501,145.83699347296425,25.38580339452388,0
227.63597815460514,117.84851414066517,27.817505306313297,0
370.5636687603456,129.5704688323159,10.018745216308863,0
478.7360443952172,129.96030913267077,8.97422154764801,1
177.17535280670913,125.34443434151021,21.129211826925477,0
335.0275545241489,114.0151492821708,24.059799372107623,1
268.955512821777,52.57253086465107,20.38352295119624,1
499.3247502811913,134.50935724357865,6.849605588536176,1
310.87440310687236,197.4923451810399,22.042827518953516,0
406.0384806553219,90.895917399278,2.853078129264414,1
167.44814618598025,150.22835209447945,14.50180207385934,0
481.01071559581925,121.95572996901726,2.4602987365251785,1
229.44142317088983,105.57035693864806,22.788449122508563,0
373.6498267671785,137.6413352043229,22.299263666157668,1
138.7387945716949,126.00638079447285,12.269883094879434,0
381.9223942856653,63.08493374696921,3.775351181798092,1
335.88116132098287,176.82566981146954,28.934307356722286,0
378.7630714480563,185.0342333229698,29.68559239182129,0
444.388849188258,144.7341577079099,1.8437292550738862,0
101.80609346578473,134.54305341213,11.90035776794918,0
429.6172211606839,128.2549435436952,9.747349774537536,1
479.2308709893487,73.19835450695876,3.6982704069688177,1
203.82788112568176,154.84181754904603,27.00610415708001,0
489.4990329216604,97.89496538694553,6.745600838676939,1
401.5479963139864,174.17831760493073,8.597382600649778,0
286.36465276337185,78.27949615772928,12.494555319510132,0
180.456946095178,193.12282013625443,17.004516883220862,0
371.6101930108456,140.02783656517852,15.925689935770096,0
466.7359863389827,121.73120149287422,20.97057755758646,1
137.1227759430103,62.02603931487144,23.95116806423706,0
464.50309021476477,148.0400452591464,28.353710659313336,1
104.08441482018067,107.16220373447904,12.05905310427595,0
227.7028320319954,95.03046901648769,21.425430522610075,0
110.21856816070263,167.0903968473243,27.699442685104597,0
112.21226164280513,59.66370772959229,24.92654266572812,0
192.08994806218112,166.70286936532295,27.41445359280746,0
232.07151191599831,179.9044798465029,22.206570422352492,0
100.49273638416398,193.94142724818747,19.30258538733132,0
263.6046234191542,72.2287469535511,9.027504652788865,0
420.7081481013912,98.64021137874977,17.38507940178908,1
187.49549366753922,50.81359517848951,8.537936219323791,0
429.52681366790415,139.57920256916162,1.5099039552457167,0
486.32778210491654,128.28043539784017,22.156760324670103,1
178.71151771599244,124.09447045256641,14.46149003476147,0
200.9136571076407,156.25849073557563,25.639839476462125,0
140.5421832014526,173.81694420177087,8.497391089032046,0
379.2336178129372,54.03408551630709,14.614788905546071,1
176.2733525565721,172.52393677937923,10.187681365116653,0
201.39110953726913,150.35691984251787,16.349147530829796,0
186.85379623536267,141.38151511844796,2.197490103748547,0
329.53767219969745,124.56716576396158,11.610964447318974,0
444.37984731045515,126.6229587565969,23.48553059762296,1
456.0015322548665,82.2390794985466,17.16385173236512,1
171.32805476771182,57.37658275687615,28.41990132934895,0
173.7667248049354,115.47631414541684,29.173715823276112,0
106.93395756526209,78.89359057871872,26.739316668179978,0
353.1725897623843,65.52606222757905,28.170085056128574,1
481.9064182378333,100.5992397929108,22.763163881267793,1
274.9017446093727,131.71934064164066,20.21169725226392,0
341.75139672757183,155.71303679040923,18.16606226067845,0
410.5438813733491,80.84844756467312,15.690715640417535,1
138.3592780139292,190.14808484773894,24.056089955153404,0
230.807664158166,153.73157681085047,26.57998564192093,0
461.41476447759715,198.7699720895099,14.114507135060423,0
194.15137951669456,85.78537003512398,23.22805798395713,0
300.63878789844114,63.415224479196304,22.708102812668013,1
346.4017780719903,93.03570340871369,22.10443212281743,1
114.84303158488723,77.1699398932987,2.7578123129463243,0
458.4057846120126,135.29776086261853,16.242782588969085,1
145.08781213064398,195.421451537266,7.89155956374215,0
316.43405730975053,167.65637761054617,12.9397442294091,0
397.5259521864786,126.7597771206664,11.050063260593785,0
480.574851530235,176.56908183529615,3.08579482389978,0
445.6159721650202,57.893356315399984,12.644123444976822,1
463.0430746660022,137.41010494815626,9.877369701834898,1
436.2143877881475,153.4610364459985,24.67219002329744,1
287.51227252423513,84.22688438402758,26.52606420029916,1
111.78870256833756,98.93642867625897,20.922800615873452,0
430.7896604995605,120.88328941888552,4.114927237747434,1
251.27546308922817,149.62765722505176,23.088970515411077,0
183.0111085175303,83.46827257177353,2.8244193097717667,0
411.63676798394016,51.91786452540463,4.172454355047224,1
346.8651265179551,150.2701444722249,24.94669111708057,0
428.52454781438746,174.43556705480796,19.3250092810341,0
213.75222810510684,64.14297620632388,5.354248052610665,0
247.53224441446577,53.84189608252565,20.613246734175927,1
490.34630855581395,78.50788724711614,21.692924998114197,1
259.3048967593546,71.83082898603158,4.588620254189717,0
439.98273280464304,137.03885762664765,6.022266768786196,0
134.3978554729005,80.93606905236953,10.175724399845778,0
259.2903480037719,113.33464184812539,8.712343813134853,0
183.76984529710842,182.54414735227365,17.37718568692651,0
360.80238473976357,119.16884731187491,25.306506842768478,1
357.61968434142716,104.5993698979872,3.009831208761668,0
280.16127780326497,107.73775304570978,16.40897045767434,0
193.92010342027635,82.20828126733387,20.991111024831753,0
105.42447135517321,181.52305255895857,4.678903331818269,0
472.07120583608366,159.57843176520225,8.08675625219875,0
325.1000599678914,186.56536402105095,16.47152407559346,0
171.63286306346492,60.50766840661418,15.176756948738493,0
299.6390400460074,179.89560400515728,27.29378676027148,0
481.1025308453643,56.4007318510095,10.12701436092394,1
200.78745549650847,125.54997854081174,7.451821194189828,0
144.2433094929028,191.71389050622136,18.77124792915148,0
261.7321268947171,189.72012182994735,4.530144705473802,0
228.5017678144678,106.97346480612846,10.732658201456157,0
142.66291194128402,68.169203679804,23.856752127187935,0
372.1071100159535,139.65633061327753,4.000588346578516,0
107.03627092348276,93.99888438705979,18.338678101168973,0
420.6179716176856,80.95846178934241,12.66338961014251,1
139.99364130247187,93.88622727062382,29.520364153329535,0
467.63024929372375,139.21916315440006,19.300128893704862,1
139.0486527444495,101.34889961406981,20.588900398797115,0
483.6502341413609,123.39117775681918,22.43169611632394,1
359.8306841146097,163.5240878281199,25.968891470302914,0
328.57432066068236,112.95478417887642,23.946620572216908,1
295.5007942472619,133.4158541098402,9.141144701358511,0
187.835651606488,63.60756801504611,12.460394527986118,0
386.05716921264786,103.02002583284363,16.511842833232762,1
340.40695014155153,68.07066236068826,19.695632161260395,1
280.67439083436244,184.37232129651022,15.2763027360116,0
454.7390615889101,127.19394009833367,28.57850754523623,1
245.38175088454764,76.22016056297522,21.0797607954246,0
279.1895173117624,171.26182708751338,25.57480230241213,0
218.35620747342244,132.71756958055013,21.9297522477968,0
157.03357970037874,79.57983281143402,10.28921075047168,0
432.81818860367633,155.5708293060814,26.398181886970704,1
149.53272232267096,130.27225167905632,6.3649974811954015,0
303.1296454758407,152.8885583601284,6.509830180760506,0
378.23174961390725,137.55937773465337,21.778166887210404,1
121.21670376657923,155.39252635361146,16.29230537474157,0
440.26380174806803,185.05270540237058,17.206472615511675,0
277.98900982206175,175.1350537536319,8.431669686991878,0
147.16803430025533,135.97944199556667,12.297182579784025,0
233.7550808247908,150.25972027284763,10.917016865200019,0
306.4445981223521,112.16916157218692,1.1324848750401397,0
353.97929317254096,167.54095652958202,10.7750398626402,0
250.26593929590751,111.69188645513384,28.624038165985525,0
103.46645934953878,63.912828916697194,7.865574073706566,0
263.02748999758364,130.32022203251833,22.403364064070217,0
480.36783152153527,137.23977924959777,20.567101831248266,1
412.44116502807225,191.41949530488657,11.886564379831924,0
333.63038572089164,147.45516670278948,15.701510866897392,0
303.23547201934946,72.84126901722337,27.550484110037427,1
437.34648249911453,187.10651935079244,17.306697788257686,0
232.92801240351596,56.362017744147614,21.24477980578326,1
441.2628145612917,51.772205658739736,24.035853953605113,1
345.4312844054724,55.919281446120614,6.014708519551182,1
151.16799903947083,183.67384120388584,6.8056471026674235,0
384.42621855192306,55.71723775823127,12.62370665253867,1
263.9103779739329,129.78934801094516,16.08568703357949,0
115.44655935345007,60.59656169606292,16.151218858718394,0
157.9009240292628,68.7090548981768,26.83081785379832,0
464.56432942757584,69.17401101115234,18.869746812109106,1
372.09434978175784,188.6538275115425,23.58989703399689,0
132.88327582438453,102.38959392385101,17.109476343182827,0
137.18402953365018,98.57357707394438,10.414517856032948,0
111.94584306637947,127.03530547066735,19.72050419604492,0
492.31498553245234,192.1522715887085,16.3676645432124,0
100.32477075924527,157.5475775450024,2.5088566853357976,0
309.3474076457993,137.57767171378728,17.17877257528527,0
269.0499385417656,133.84451630325412,4.762747391450249,0
285.17995676938745,153.08608277274124,3.0148289013322733,0
145.31624218462898,153.2982852548101,28.888406723372444,0
229.64101756605214,83.32148633027155,20.438140596821594,0
141.24140433171232,185.72076326068222,7.296719992077257,0
112.36864125244401,157.79935253438435,27.779708468867987,0
451.48795579846586,75.21984914980902,19.72999654150528,1
138.6245384023587,192.93288667132515,24.875616790937688,0
469.65581284032044,133.5512371965458,1.6614288799374908,1
220.57188674783606,118.349857527207,4.387105497249905,0
266.62263245428676,142.398864784062,12.584212586743867,0
224.15795581752712,189.28552536037904,19.89420347724767,0
476.242626069904,80.20977587149189,28.161042226268076,1
261.02361490732096,119.43502245242404,4.293951052937236,0
169.78457423087536,164.7115689688402,14.106741818738323,0
102.00473392883089,118.05276212029884,20.305872982119567,0
111.60802646048467,72.87263519301773,22.480194010071937,0
288.6693236919906,174.7121956631072,13.883323556878121,0
333.710712412565,62.10741336965124,24.777537154314388,1
129.92130072139943,143.50929965835223,6.838356562285453,0
156.62273986506858,62.62452103573794,7.680064947691993,0
309.60989712997355,159.87963686087758,5.843917855427477,0
221.68172002320077,158.25478153983605,4.3220709636329655,0
382.8516413178299,70.11552099313353,5.380829666088442,1
349.2712177766161,118.49141196563974,22.87020042041213,1
378.9961273630495,157.451840393647,19.018531343366938,0
301.0038986745145,87.26751431805647,19.661026799876158,1
236.8024088519919,172.81591661881868,3.5571677029232416,0
280.7695482654642,106.12497741755874,14.524771508754387,0
126.2171555290966,73.7815687084846,26.24589701564151,0
382.9119537977585,147.86459389613844,25.331490888892382,1
264.06402758205013,163.53318132071377,5.626512633327792,0
483.9417153415092,110.11896795132276,28.20780483767814,1
442.1413066430312,56.665928000129355,1.5237092912537156,1
317.44155863971366,199.5577257991548,23.74764023393613,0
290.936553940545,72.97671529703457,3.5882803254149986,0
397.5544760308289,184.65139422794377,4.123982859106944,0
201.1054635176169,110.60157455155925,13.247798007457648,0
402.7814138903223,133.17109791856655,21.50045103540682,1
252.70593612983134,198.481097113313,6.0504750462240455,0
292.79853818676554,104.86475724130753,8.589320558117624,0
371.471184603062,98.06195074596423,14.913321252033347,1
457.1174374780328,55.05556166330679,24.719584125098343,1
275.6885884668345,146.42949884538706,24.304401312224726,0
484.8588610579444,123.79638860163463,5.479438767735256,1
366.0428988890649,137.71760437047817,14.825940803414076,0
346.28762202500417,129.06972727172803,28.961268632815955,1
311.58631676945754,56.86772862943814,29.796266805158517,1
207.77250615095818,111.59570624162632,26.366532242143766,0
197.69178768003113,80.02858059182944,23.051804094165835,0
430.5741017703598,92.66578059505687,9.289998217525829,1
324.48238203305107,187.20917762963168,13.797513135942948,0
281.9824791179895,150.8302624855711,20.607019018324955,0
195.61195437604374,125.02664473937914,10.465684227078444,0
139.841862271141,169.19640420653286,13.939228521251202,0
177.3774601788637,150.646366108549,3.5574735140688545,0
453.33655151312155,85.5768433987644,11.644235309692172,1
472.81646961793047,80.43966307490079,12.126741802675134,1
411.6375714878245,99.44435966560296,25.26706817448649,1
482.00926788722245,50.65972152613038,1.7926765257572268,1
460.50990958258626,140.55647101033202,10.371919892435253,1
385.3398886780463,91.08284663494265,19.14820182696651,1
127.22108317245304,157.05805721745367,13.814784921127893,0
496.65406854721107,92.31947389095245,5.683083257267699,1
339.8601495860639,91.93747474289277,24.871425350238425,1
202.1370921934459,98.35514714233265,4.378743469797477,0
230.63572377658778,152.4727165467856,9.101926825350356,0
287.44034848251675,159.20262026617957,24.454699020150375,0
473.2080116546514,74.54798574764192,2.520863026055288,1
247.6478769717036,137.66580502123898,2.8309994486886687,0
490.86586378449476,146.04950452314546,23.435628866164773,1
241.0943046968487,172.162774110974,9.28544119251617,0
341.14587209981545,56.84377858828081,25.900040099509983,1
110.5526640637557,91.7720792828824,1.7866093441881234,0
156.30935428019046,128.93984446333184,27.375150329818087,0
191.69480281807438,134.03971910159663,10.779002946370763,0
401.259581624641,183.95818917999836,29.689445691889652,0
302.649881249356,77.31326217967174,10.67011563003821,1
416.05220324246824,183.010271359822,20.94928599875092,0
102.01264291627848,62.20127322164022,18.248091859485832,0
159.01005574525433,147.44095481173716,6.169508934662729,0
172.98072662703623,64.19786404868556,8.294265048764139,0
256.38213370906305,101.93550873665731,15.4063554923103,0
315.91088205809984,93.80586146494873,28.141573854942063,1
200.209462412823,52.234431476029805,19.13758098479772,0
159.305058070809,88.66396914113386,20.272846956042642,0
329.7474724002768,195.65548080764253,19.61955229311383,0
447.46809628444504,183.493154982055,17.75233965016575,0
155.8555731581727,108.18091889074708,20.425198773079018,0
348.8079442598691,121.95542547684126,2.0950550693415773,0
188.2137245880674,94.23760793626961,3.869789836928777,0
116.71419014613895,136.25053891441956,25.930793674697817,0
210.1043704376416,98.44704818904339,8.68184005763857,0
135.88943578478523,172.48502438945496,10.071168912901136,0
183.06644473103432,168.37381621922893,14.698224523371728,0
243.25483395786006,77.70902235459369,3.736627298313618,0
451.68983710120045,60.652731966982664,22.173010588755712,1
417.2058840412981,110.69722588365697,18.979153245626062,1
233.98433845746845,148.93904642952236,22.54439676746798,0
340.05607368113397,176.56670797992297,6.867905730708091,0
295.9533649034459,147.04007475029044,3.8740971588672433,0
144.29026244035708,140.44139802001035,3.7971726913247372,0
403.8337356451918,101.20494156306617,2.5587548883858995,1
459.694724267849,197.64053236278352,6.005518928255814,0
209.1309701517216,192.52658840871354,8.90621711822702,0
386.12539268334854,197.27440574308704,6.110815217803693,0
499.22440470758744,51.064378259293996,5.438348483461727,1
203.13662266222545,91.12264996401265,5.388104547897855,0
128.10692399734796,125.6394894728143,24.92151488473581,0
188.95898423779062,167.69328913087298,14.674823649598082,0
374.5109343472729,56.999046760262985,2.9194623136559366,1
140.85718663485875,84.61812734132174,1.9814786340543735,0
215.88452516227926,89.40030476212465,23.828904759000423,0
309.40559216890347,77.47142594461529,5.009542810388328,0
346.08685615118156,188.99860170892623,10.29026352803497,0
392.6760102391076,144.78593099222562,8.920224312411184,0
114.93803737480799,121.85005158239758,11.296700694580858,0
447.20497618671675,178.372861984968,13.376927507286538,0
390.7557432349306,84.40198410428775,22.91577351814622,1
234.92795663060284,95.34598762926116,19.567141691028635,0
116.36284814364082,125.67753059262014,22.023557964020398,0
322.6544192060803,157.30949160106493,3.2123155975740714,0
386.0702386266627,119.5984177009869,1.072014544070821,0
166.42298225544758,118.27203611936906,8.35124994038619,0
234.6874727704298,69.17813671547059,17.546220055627057,0
239.66264702518708,149.71748520700856,4.3029462320779555,0
402.0656610249569,130.6744411724552,1.5629317200389274,0
140.19859992463614,193.94031128536625,4.215152052171995,0
376.4283864158558,102.68147567344522,24.44076161034203,1
463.33655931212826,147.41379019934354,17.65349572841384,1
109.28452605790655,104.33948254844651,3.3544922792529857,0
235.0562474990026,71.53524982503436,18.982534481911348,0
496.983232027263,154.64005757814652,27.73453540576357,1
391.26624830722614,56.85925446310065,24.785694734601837,1
477.748165975295,199.0862179960169,12.197374371352938,0
326.6505544958525,160.9482312658788,23.06147302014102,0
262.08100441181534,114.7972728384609,11.508063002125997,0
195.06905906854635,150.4859498384734,21.503441762143826,0
433.7814230854755,73.93379225770065,5.982042332335855,1
445.12999262588744,163.36691101234507,16.45436272618143,1
282.1166791957903,193.2805058761897,8.905279738843841,0
285.4226230105327,184.92360514163707,16.751358472478344,0
381.2757963392413,79.1716232779907,19.224540394594786,1
143.16314575432747,143.30983629808054,29.620331766519353,0
332.8672563415324,137.37828163973117,2.769715466955444,0
236.01826805221592,104.88760365838826,27.89721207789073,0
302.0244558468911,157.91828099749497,21.85062211971865,0
360.5013787561377,159.262501452869,3.028842889299397,0
459.4261650121795,166.22995846966518,23.13326464544349,1
401.4507373858617,148.28290412891573,3.763865458146237,0
443.99858497345105,120.39634777523554,15.187910096862096,1
435.1594950543006,133.64336618239156,1.2713597238401373,0
410.32706875197323,81.20360569296332,10.479070793067095,1
199.48118681966073,139.05338420252315,24.663812864245436,0
342.99065525919667,137.10128661048793,9.326722830492198,0
321.9013925429043,122.0733299082444,18.291140042091065,0
222.97911399377847,100.7213658391795,16.454180992038722,0
277.8966607946037,139.7242833811263,28.302708212241953,0
414.0364699978507,111.03463487299013,6.658171984237825,1
156.00099962619632,58.306014881865934,17.195326315223223,0
213.44609420485563,162.85878683286376,8.226342235308262,0
349.91183241910915,98.11053617189837,5.562998525697128,0
425.7174484666921,160.25375208463595,6.741799810639155,0
371.8241701798,145.59078753452425,14.323752636401395,0
149.64907742749327,124.19089951413602,29.919125512085436,0
198.71884854640723,182.5264394886214,3.1717021617043897,0
356.1788675421583,113.58311786374168,23.804392679866,1
491.4022203965943,83.95922166906246,3.086716668236091,1
236.11353117279458,172.00389428071924,28.008152110672395,0
458.40855444370436,60.95649555324307,24.87339868318376,1
450.5110676496515,119.3969109004629,1.655012660977527,1
170.4580012901145,124.04504223642635,10.60668858292523,0
346.47779100068493,150.53524482907244,2.944989658852077,0
124.25392865977751,70.33245574700106,6.655528663135728,0
115.53590739962205,131.47954537190628,19.10568221086347,0
128.38179358876653,58.5100650205007,27.713895596423004,0
385.3224477254048,199.02890687450468,22.37335738844567,0
244.67847536831172,98.70199365209564,8.329172526057782,0
342.69563430215635,101.56266585554386,18.0326466563518,1
445.7716867272762,135.8265225249836,17.575936401379664,1
309.1428528267759,77.82686711735928,5.170898375556322,0
490.93666770923943,72.07581244821185,19.911535088030806,1
294.62547535882015,189.32642897158914,1.2932982506752153,0
365.7337017116449,198.6475793661031,23.447686357978316,0
209.75200069922093,133.1592335310266,20.811409595159844,0
170.59482201049207,167.36564012271725,4.013825209543696,0
247.68316716209017,163.19237620789812,8.67635076014195,0
439.7264163204964,187.63412319053592,3.4850069786124296,0
448.95958906343213,81.96016486276753,5.183979471098086,1
179.92789867191976,187.29011222643263,23.86034411762851,0
324.410950341315,84.18052964777411,9.891316906682464,1
187.72858483716806,119.50607613247152,17.294480776559062,0
302.3047570510746,192.97254259629838,19.056911851618104,0
105.29210204275641,168.7283523491053,18.028855441640744,0
392.5933776506339,105.206642005098,18.432222461020206,1
488.2281224329483,138.1086911544806,19.629704646092232,1
459.8108392122913,177.22755617131497,6.299551014050496,0
149.42758439465075,154.8779743518795,5.565596999405223,0
106.42865408429998,162.83517892845856,23.98587304121018,0
158.13302999569606,150.0940894834619,6.669753692278939,0
411.28960842706726,115.88044449809685,10.208640834984164,1
390.21654585639635,193.31999220502902,24.108993531968093,0
343.2386000887726,126.34766139071228,15.733089148935685,0
236.37021722857813,98.38575904892816,15.176659858550572,0
189.50086288441503,106.47391987550726,2.5184066413187622,0
493.78281564279496,123.24039415311768,12.641611612265967,1
299.12249509544245,51.838668336791045,29.504209431559154,1
307.86585498900064,99.89989037463071,20.585137081244092,1
245.19643045420486,141.9590123970447,12.271249238035354,0
219.56433766110908,65.9872329333768,22.500779270261184,1
228.01878489987098,103.74359812085586,5.184452130319958,0
202.39768658896907,101.21929558017882,25.281320908934205,0
143.15906109974495,53.47291812762752,5.335572081877619,0
219.43200413374169,106.24143665215408,21.83342849833728,0
277.85433226384464,52.22687105491315,1.9505144318927734,0
335.9956644627499,198.5981992064587,23.97619300087896,0
264.4413229323779,141.4325317677404,1.8312952463951886,0
113.8411180020436,77.22187254807237,2.599003949776024,0
119.14149896633144,182.0675896741508,14.174050795537735,0
197.7157070104701,124.82872272437277,4.521446397543729,0
492.12382608460484,50.92481613269247,3.0706625190779486,1
161.65755707374427,188.74820672694779,10.141577407666354,0
364.5740875423842,157.83205028680442,14.560323445482002,0
140.9488127176962,153.4404215114576,2.5099237527048848,0
283.9345176754896,137.9599886243164,10.245425686249341,0
214.67616870585945,154.48838344923143,25.231697276384565,0
355.2619484829043,147.77364551581758,3.2999666292054197,0
141.4982177120267,156.53150429026047,7.525482297142921,0
258.7491146833656,55.75340888157274,2.8173690410064283,0
305.6388122483956,188.74218657099124,4.723204392653321,0
485.68515975216894,86.2202556896874,18.649457048213975,1
472.41049658569096,130.1228983668568,10.633452650513366,1
304.7702507379962,165.58118872805335,24.775848606515442,0
438.43080118474984,112.34117212968074,14.43580251375931,1
209.36084310611625,159.95740229396142,17.893462695677947,0
182.08637287384892,88.40003745988139,14.31257883906201,0
305.46821189465845,100.37520912714183,23.323219630201056,1
354.8063529602306,70.81838482334074,13.482408245225628,1
258.101689685451,149.1562313665932,10.889272751204867,0
168.44500856437674,145.99040092209174,11.403088379463336,0
440.13433765225227,171.04674649579727,20.419267279107046,1
198.08278404810622,184.14233344868757,24.457102803503375,0
277.427419564515,148.98229472531995,1.8114437387788886,0
450.1990045907715,134.76860519323287,8.756215147000557,1
153.797443682194,160.59087156666442,3.0494169404877782,0
394.84073451644986,51.89349634435453,14.46632454005534,1
119.40078109870583,123.95025662320687,3.326657283474785,0
413.08237125546634,189.5136291458847,22.410774179553677,0
371.8298519315015,50.53804801725868,17.81100624642663,1
118.1806613318218,105.53773191876589,21.24949850456157,0
417.57533989726176,158.05021763308304,21.953889968681693,1
424.2310585463475,87.28880550707348,29.236134273371185,1
208.61928970441946,93.2901226523959,10.448356978138149,0
141.62810292519242,69.78047078768394,23.24687070520708,0
274.9710495306156,164.8903840399486,27.955941181169255,0
203.39661577777667,59.13289342321961,23.062271900468335,1
449.93827421494774,84.37909672816885,22.012012508516808,1
228.89478973433233,160.51386428880966,1.898943718251059,0
411.5067728864199,70.17987977922792,24.208158714777138,1
274.231228063863,165.03258324425937,25.525373443750553,0
290.91773550530485,168.21364078208904,7.274109780842341,0
407.4451063089717,99.59981393071996,22.02662199517392,1
411.44761203254666,179.7414195871999,9.279522592809043,0
477.9542767840121,155.73514808127786,27.1038381917172,1
233.41187393358936,187.57561950925202,5.427154133239511,0
328.01242467032716,113.74999222681153,29.965357234777848,1
394.4133659878542,169.60814060668133,2.3750137920231067,0
469.7720464398595,135.04774638998396,7.682390599878923,1
316.1528593134482,81.42586448183845,18.94867240363616,1
356.7253233207759,148.0998522246519,4.130960122128661,0
296.81058818628526,69.56772104485103,22.877307428829415,1
465.0014784911348,147.21867210898063,22.148873050778572,1
482.73425961078095,122.18194935737579,18.063551738502998,1
273.14529901142447,100.95146172815718,14.984474353416298,0
404.25492858673454,96.36430508351333,25.48628653662279,1
319.80375778877067,182.29887716565963,11.398745498669538,0
275.3261854345376,186.0622618056664,24.23773998290931,0
379.40282619149895,96.64423566493423,9.129195624270011,1
196.42593513238876,155.56751930730024,4.470932202065,0
361.03391922385094,146.47412598863326,20.945901855474176,0
232.82814623615158,59.9357987566008,7.307979267063061,0
351.16075803599733,130.30231591735827,6.5019146175680795,0
284.2245602736635,72.89015940827879,3.095642613434014,0
148.2553607380491,116.79005742873613,18.022653292381364,0
222.38804444721592,197.48214945118468,13.567750485722613,0
419.38529955557004,109.7373709150493,6.184749600935716,1
484.3432309297779,66.91877961481721,20.348803149530355,1
133.68482795861937,118.00748785366055,3.0318380655657906,0
126.00081609296932,126.68573283193473,15.565428771673522,0
389.44598398030615,165.01243774354117,28.19028866821442,1
376.48822845189153,94.44376537588496,29.647444159066673,1
257.5251520041135,112.11879226071922,5.381201869150964,0
400.1521002461069,180.2680385101317,10.912414246950467,0
387.75253867800365,180.50941018465548,9.416929904252783,0
151.6787342560574,178.1212956395388,22.41629968603374,0
176.63175098490362,171.71134711594252,15.838271920613753,0
147.22908459068225,195.15267690110366,5.967846750010777,0
129.51812460886876,55.762364950762006,12.206188031758488,0
496.0824608501978,86.91189917850303,18.56245021308374,1
227.8927164516516,145.38743470142083,13.148436152290875,0
383.4716676675697,102.47069590407659,16.77509671940605,1
315.7882470246248,121.17489758761707,6.10044187925548,0
299.51855179520567,129.22793837750163,23.31394620096945,0
120.74963723604317,87.32519026852,2.1129328120164255,0
396.3326887425806,78.48663640027566,8.038791193229766,1
324.4418254141313,176.09611223396405,11.367547660373436,0
180.8882796284795,99.6933476661315,3.3926792658092206,0
483.31495202284117,143.0453291479393,26.899853099868675,1
174.63938867419375,101.49570174102367,27.99624391623224,0
348.52798527829987,98.45973010621807,9.752377951500394,1
482.1791853947597,95.97176748128861,4.5166361564631305,1
409.72083563503173,167.63879333669067,5.36262361588406,0
219.21711346626265,96.56120935795022,1.9266493300250085,0
341.69062380007364,198.84687146608852,21.844019532178574,0
162.9235148218857,181.79690269179937,21.47782331437078,0
203.6259190428571,177.17984351295726,4.13433648619452,0
303.36816855480254,182.24926469170936,4.386198286108522,0
475.56514265976574,135.58528247541255,8.623304825592335,1
220.32691115372148,73.46940958059784,29.29111080237043,1
266.11028936189126,193.11645444232505,26.917275995461267,0
363.72605034987606,64.1788871305773,17.071748613246335,1
318.0488842478596,63.76250751140445,21.935908309023887,1
491.4311475391,107.88605576837307,18.094061596093784,1
370.94027540310884,76.84315363992316,13.522963365237914,1
432.3481844418029,189.1471448877114,17.00637371091163,0
163.31248295836352,79.8289326082303,6.906984054319681,0
274.1655234644138,196.23299767901932,16.234002794966347,0
289.1841559475963,52.29180681284768,1.0030935808760728,0
275.01227696813226,103.03989868477566,13.638593565108902,0
251.2732594157847,137.3498438507992,19.402894486070867,0
339.2420783542701,79.04880782549631,8.959975482628561,1
168.09192154495253,140.43212972039981,8.374979110017417,0
228.8728898008718,178.69353079383094,28.116556065375146,0
286.07408667205215,114.46446961841946,1.5330195427849054,0
233.36448361296615,92.26907564526617,4.301542912416191,0
403.32674010601505,127.43624737854796,10.526901363816465,1
149.22758682655748,170.0991756673213,3.365855495199364,0
489.21998827741777,71.49982605491007,29.62115506902215,1
133.63445419268186,89.65563084657636,27.57340654229772,0
186.0296804224495,173.02239140442657,22.969348237633955,0
269.48515398252334,140.25135606727522,13.62699320876308,0
351.67372711337043,87.2804302626553,27.88251673764589,1
494.1355054303548,169.25888433101164,21.30961317790952,1
462.88985905054085,89.43525212009855,14.28395489832629,1
322.3616934612147,107.66868258421161,16.45206673865826,0
386.4899704713474,138.5439126759,15.558492297433736,0
216.99820092491262,185.89218945043754,21.953834417386066,0
493.60898898704346,54.66441785024173,19.869101246551278,1
137.5849306135652,148.23104257739772,3.5331560950144127,0
142.69907875585815,56.577188756545866,2.198685998129024,0
265.76820289814,123.14875724224288,4.9308584746546655,0
219.0754720535685,108.04590054178433,23.958103893905857,0
432.9604802136745,128.7095667529614,27.041087861552874,1
375.3699813452422,167.2146662760918,12.805564666195009,0
422.49690767243965,86.64796757747169,29.768966435781334,1
353.83483664452285,106.90925896560525,27.477759342703017,1
145.0175281305241,81.7809298323567,10.086316962819899,0
201.56342035270632,181.08205714078238,14.132965009773288,0
342.2967600693699,128.5553171454967,21.27448386101014,0
254.38607660136094,106.56746500086803,16.371040921501002,0
105.5098589128245,107.67394162945968,9.003154684381173,0
425.3247533682943,85.64228662373213,25.939231482802573,1
292.12666977792213,132.41340152501004,4.379981029636998,0
473.3717338447969,154.53897688532953,11.826980422887168,1
447.24132559844395,171.14530673048336,19.175566721547348,1
253.9595701578862,136.78026382828813,21.875208025738488,0
256.1231391500388,156.9020575336285,2.418991178556753,0
456.97025610013816,126.8589798677922,2.8552758551697672,1
271.34149414838333,83.80669305556765,3.2420654263065796,0
249.57666339316484,183.53999673881705,1.9011083898268686,0
330.55720715012467,154.17279358688342,21.873659519634668,0
428.4669387581934,158.28338192332882,16.015274217356108,0
310.4084528714137,164.09777887182685,7.12240794137507,0
305.09365769530905,73.21576058768579,14.545819544329875,1
244.19176567530957,168.78552814140855,18.337639614943345,0
188.34736349247092,188.95009267156928,28.796847873747282,0
195.54696900712662,187.5697927285225,3.2728254488386903,0
359.6467082011311,73.9393169689669,4.335911301100828,1
229.68505085610724,145.8403448089075,18.973173833626156,0
195.48052126011487,85.05879416581672,6.517533143003322,0
488.4499145948438,142.82108437915758,15.960515927877523,1
266.6268613487721,68.28448171458521,17.410474260207657,1
479.688215528566,60.450147526887704,26.452777708816583,1
450.638750348122,110.10717977251973,24.76972378548726,1
104.77042554498723,76.56670552239055,18.799617454865583,0
314.5031948524771,97.4685805843954,22.881907940689395,1
274.6975185643953,152.77194155125756,10.68743296105639,0
378.55145788812314,118.70855453218056,6.7842659279177635,0
376.5815853159639,110.10283874073767,21.009252428943473,1
199.18361163038998,83.66088766415928,1.472635263051959,0
273.5752715623987,116.3332090040801,17.16800219159531,0
421.76088476051234,174.24764240979215,22.34638130046487,0
315.79961470926173,96.49771254864964,16.599282666793762,1
108.2843215231708,169.62601991521177,5.2933988986752,0
113.71742178545632,134.4197822973423,20.26653618088114,0
113.16217460453126,126.10315790516223,3.475556812688437,0
413.61016491027164,191.0261414221832,22.979697407325013,0
286.0872877383694,128.74113044461052,21.65649347490981,0
265.2915774228493,119.63493266101032,14.216196046973861,0
421.22977134924736,140.34394368843343,29.269261728586248,1
427.4433848766182,152.11879431579743,10.659335077324757,0
485.47875878360924,143.5052387157213,9.473729056925626,1
289.548836007567,161.1954547577348,2.7674926915479556,0
445.82691135140476,56.088388390336924,25.63030453375029,1
233.7197594033261,126.70188427783333,26.118909819987458,0
103.44927887653176,113.92913601585072,22.991523646536137,0
170.16324848784987,161.0748305830444,11.178520414874667,0
314.5446275018239,134.38479345454095,9.404497885936387,0
457.20230159815884,172.37652252994485,15.363153331578912,0
149.06079411792467,84.51653679520288,22.73260927883778,0
239.25161726943904,148.28320041275884,3.8289906387567125,0
150.7852244513934,100.59384340577145,24.584002204419342,0
413.5835783560703,159.97228834067593,18.874683917916517,0
305.79324454424034,168.39918601615318,27.075623504941237,0
292.9165762489081,57.14013572280108,5.291605141593875,1
312.25973129478217,79.35265808235616,5.822312502082352,0
483.1373108025987,160.63312122606987,17.827000057371738,1
438.25368745539566,163.174269882356,21.977940507611628,1
362.173579050482,105.45886207615504,6.776117810723485,0
265.87146045438146,89.1898294261772,9.372714161524177,0
204.35303367784866,91.9215498202019,17.374566286648346,0
181.53058446486386,102.24845735251948,19.565650070442654,0
426.0774122643374,191.65789527726125,20.63999956943972,0
389.03962648492444,181.76854508689462,16.855604107102835,0
483.8693101492875,138.95945173491612,23.47307392749373,1
154.3551287750939,129.01115256710017,4.629754308333897,0
339.90256099600595,84.91613178836175,14.673440628126533,1
277.0758482242494,198.20073546324122,20.660780248666992,0
327.5005129447698,115.6301316410986,26.086578347758767,1
144.33976821559952,61.37684528790849,22.826271887605674,0
287.6662331527969,93.18122355971259,12.572334791963886,0
401.64648330345074,91.35551175189403,10.641106872669994,1
498.2375455511093,72.35743508692859,5.414445653870666,1
388.52623738412285,95.3636642219972,20.968416355334295,1
186.3006994031876,155.83877382672514,1.540021154646753,0
382.71553712205883,90.737866896535,18.75320251784612,1
130.88296218727064,116.31872440089255,14.950354646604525,0
453.82114949589936,83.21683527881979,15.07223293679491,1
210.84370774448854,109.68083940680944,23.577941166244678,0
211.3069215605583,129.56733706473008,2.224738459232369,0
130.79001532978342,156.9825389676252,15.190421364776098,0
149.4877886340649,170.94883797401008,28.690311466141324,0
194.6965556479574,136.30616764953209,18.367192437187462,0
175.55210559156453,184.0073643589763,2.613725194013733,0
285.2441817432016,191.03796129021234,20.299677086062104,0
263.8652306024255,175.22175731702808,1.3680377316413046,0
212.31865793915307,148.57385404961695,19.999737024087135,0
404.23070502254205,181.47161883435754,26.53952731891063,0
266.58712106419057,99.88158064625644,10.711341208223185,0
426.9274530765058,127.46940975891151,17.788152297915694,1
367.1400098293874,85.4802458265132,22.251393449769,1
134.6597836614606,169.52792551982753,9.578095041925307,0
284.30515893909126,146.77206132408637,2.8238656103146864,0
402.38214976637875,133.6829698762674,21.405140675086045,1
182.2564525499469,179.6775246497142,10.66778565547513,0
141.39278568854792,122.94179267676354,4.459249315927046,0
181.92350491197362,191.29646422891187,13.170984340093558,0
136.76631497660634,183.7753972148208,17.468852425844073,0
340.6340388135402,155.81719103881304,12.291801737228678,0
166.50850728067707,180.79461011034132,9.170928678447911,0
180.11389887437758,50.19872551587892,20.395171142451893,0
238.11768846844154,79.25131928326672,15.4533079076189,0
369.36873558166155,141.28871610803873,3.325530546212401,0
252.12787239515615,160.0090329417195,4.584727794530934,0
373.58510831794615,82.75428659815577,14.890230131556677,1
465.32311789606547,153.4182271141323,25.986104718715133,1
460.98739355385254,190.18797895151096,8.45766183337546,0
155.57418248501313,117.89026851467669,19.742943397015868,0
140.42888167450852,164.87123004543625,7.520737877562661,0
112.25831561152484,85.98831129026718,26.779963298448504,0
367.7700715727768,63.7514275067939,21.736975640715965,1
306.3051007727838,89.26841452613542,7.5145608100659915,0
128.04200666522098,56.705309091643045,6.847533956062797,0
317.8772115262315,106.0662653103851,14.453120436392021,0
384.7784631534743,193.79990402273359,24.000556420121722,0
418.9479588624344,76.94168713786453,3.5056805602639654,1
180.0492930915197,143.05326937516085,6.917695925501405,0
457.3916824957527,115.77092269319871,3.341940617539083,1
274.4558972064576,163.87605760907232,19.284027484540857,0
323.2496933923097,114.05137964351658,24.469501429190668,1
167.86134498180763,117.56660509770346,27.097783800487317,0
427.4038761661861,63.23557341211731,6.715305293283582,1
356.68589825196216,162.35087316989447,17.095035348069988,0
197.53609030531499,155.11391508070625,3.46788123074,0
121.12895716727309,149.27284305384603,20.076186972291705,0
353.1975936303604,164.95751467420888,3.8357028113901963,0
462.7869220284849,54.28695095155194,21.69094033993071,1
359.8015668253689,64.85925974210774,28.174181015433064,1
110.25831577852952,174.92434438670722,18.35684682194866,0
189.6274114004507,93.82739819947794,26.08824301304481,0
465.9057863101286,113.04774064415415,9.809300074270954,1
368.3034789159463,194.64582230150057,5.103951681760666,0
203.039237653087,53.81673258217597,28.864873351268532,1
432.6016470336684,96.20903407661999,9.091816642840922,1
378.4701545284067,105.49247286865148,12.252974815043087,1
100.20153188591792,147.6567806621626,23.856955817879033,0
354.3215858976625,123.36546249302705,20.531213954260814,1
447.73596041792223,144.78678516218253,3.868039841516355,0
343.3176012039278,99.83472682240864,11.059941412179874,0
455.1948521767787,111.84785179907658,24.642406343738475,1
145.17539680459834,176.13401466168318,9.60689766366479,0
276.8962135789334,96.23318450910305,22.933052051750735,0
281.67797309325294,148.1062126635684,15.763729692306343,0
341.4772043868487,101.96821634397999,9.30348112609737,0
159.59233383291678,100.54998795613474,1.7493956028289261,0
416.01628130560516,145.64455187857732,8.232103814840851,0
265.584349563566,179.80850845767029,9.199688844150323,0
437.1118164944324,112.72979461677406,10.29544299277343,1
317.96128502553694,99.8728568828241,18.442135293421117,1
319.79982427648144,180.46630647396228,22.01757278005072,0
485.0720567652069,68.16384819107486,1.6957820746117291,1
281.1647220642424,106.64713289129949,17.317853667429727,0
400.51425896599756,103.0091686287125,3.58515398372934,1
439.50401190010456,69.8066840456018,8.758260179479922,1
186.83150115660936,122.18245406459813,13.999213419885296,0
127.7217556620354,71.56779310045036,21.265339589469527,0
222.12986976504135,55.07344375083742,27.797737216624363,1
440.8771274490861,135.39649586621874,9.986815855281518,1
132.47428189113083,160.25838976870045,19.001531100471727,0
422.3804984241752,195.19908403202777,17.725880804799495,0
340.79945033775425,173.66156581278005,21.665251294769025,0
408.1503300175024,150.26037623942688,14.477896189926582,0
147.79297093456466,174.14265421621639,8.473083464300213,0
277.04260491216894,121.03336029048205,15.439731808906238,0
246.67081584464495,140.9282289468341,7.240382711373053,0
164.2902964605628,162.62818665343875,27.198296689246934,0
354.3268048679688,120.30334367765501,7.149412823332606,0
242.13375482173694,55.78678185797513,26.11518590916675,1
215.5460043341804,113.85223668132865,13.388373085075129,0
407.8919488281972,131.26678599081885,24.31436094256675,1
336.92297124487595,120.36584281134016,10.27996697492043,0
128.85173409009533,144.42944297913124,12.489883552897528,0
202.85238658931803,183.37288356215745,19.712453879881142,0
175.8805763292719,131.93824382186244,14.74975858745406,0
121.21390299506656,185.34864703761852,9.240363489021952,0
185.06068123296325,110.98414241275086,22.27634990469132,0
497.43789098769065,75.51737146442184,1.1915340934215606,1
156.3768628921367,154.22196473576614,12.339833519641948,0
424.1819930485561,135.8755759218983,28.094516642917913,1
447.5579785449759,198.94482837973968,6.318906190065729,0
496.7339637221883,83.72931877453257,4.2054919204180035,1
335.0064477612906,72.25697279700069,22.222693169931542,1
131.83860850244537,194.65416925371824,25.1944564269066,0
151.7598831604153,138.31609577044497,23.367179904783423,0
408.90221651942045,195.96282127568958,18.09184039792315,0
340.23971984059114,109.14956295572014,1.234983652324592,0
341.85881325596597,179.68701953382978,18.956844725542787,0
269.1477172583782,156.80513266588827,1.8734146126155906,0
305.1704881865136,87.27158376995727,11.553181294155317,0
293.6799719769318,127.99199264540651,11.444103429709608,0
315.2982705315628,113.30726008321773,29.826494538861816,1
123.90729658452643,125.19936257801001,7.813017182596312,0
477.03807242237565,177.1651046023847,21.787415685465444,1
228.47252711968332,114.11745206485999,10.565989765835067,0
362.7236992143776,191.50375433748889,4.685792563085205,0
210.9089290616429,98.98531953154962,4.670713280768776,0
423.81040493886104,191.31540163280098,3.861758328935684,0
311.0567451687425,62.02395344991999,21.53988452092936,1
276.9613049970857,151.25315988633977,24.259589892429755,0
300.9840453966569,150.9951888080992,20.01506985297484,0
159.51354107204088,51.54312931260724,23.701093144731427,0
167.53940729922886,195.27634349718622,7.724035658797279,0
429.22628013560563,181.78894312958437,15.312929052691155,0
333.42073199023866,189.15928566852398,16.631538354804466,0
188.8579346131752,107.02639589084443,6.607853529147556,0
384.0342992202794,78.61917550749156,23.73783163328567,1
271.756377733121,126.4744537745083,29.01369281887821,0
227.57629897463718,144.87721502180827,14.805393578600421,0
137.08448896865187,77.20388969742798,24.20132461200086,0
356.5712734725004,71.51929724886436,3.814405573244583,1
132.8601257546829,196.40800290935022,15.902492000058988,0
476.3420974354422,199.22776111129045,20.43810071725779,0
208.19889659776123,196.9494218391211,14.654524788605539,0
256.25311131116007,167.9758752772754,5.961183248776127,0
405.20949328050506,88.14605132776687,28.531035086013333,1
476.03201574426413,165.1294602980315,6.514251948067329,0
401.7137826188697,98.08249873830147,12.399301000034379,1
495.8445215479812,118.90772600606836,14.684991376411205,1
186.4437487873596,94.98857591589172,23.51166626862656,0
178.35666891847777,155.89365718604293,9.640590424115368,0
488.59057577359675,114.76680575639975,9.129746216341031,1
485.29023242272757,78.40591899381204,1.2677142954026706,1
289.5753467815149,199.21473895389627,16.976906228396174,0
208.25302925042462,104.73573159029921,22.465175976448776,0
368.5321052506267,81.8582012069285,15.21698169534074,1
133.3834917770718,153.8317207598515,6.505227836406109,0
142.5452085489939,162.25084004825402,2.782679377098464,0
114.47091536078702,179.23102614089333,3.887922935116235,0
163.7298336489369,140.56232459482163,16.420269438434655,0
349.51908136226217,108.79770157198143,5.526384851607978,0
108.99022268597145,184.89371672780905,24.604679498815806,0
114.52635718191782,146.94804903942122,8.077006789722752,0
178.52008513402978,188.85357798300896,27.65181088694918,0
310.41700774323834,173.80362908009687,11.072293788958767,0
133.4630671186581,160.79025197147593,23.177560316615526,0
188.0987839035618,81.07047994501879,22.259881495390264,0
297.5853008251388,109.46104681783063,20.373888924344577,0
276.257089833889,190.57073124883792,18.53495388789162,0
477.57543144890235,176.48097189916223,14.730647343381037,0
234.1679113749989,194.53534469343185,16.59312497936519,0
391.5630121044931,184.39785908531925,14.957483472516053,0
499.37903823426643,139.48224956524388,14.885975156756182,1
227.81750150875766,93.43888406534332,9.573583700118117,0
332.38561475481106,81.4331090517952,6.569279670719451,1
122.44712746917324,197.59311883955482,10.003969977142003,0
356.3974998742232,97.3506389170812,28.59957912568763,1
463.852332501987,92.1047083648872,5.801240469806721,1
445.468754725955,122.7396914457818,4.697183131605367,1
140.89143270800682,114.57050076391552,6.6007719994768745,0
460.7748011621655,129.68549368225308,17.36470009861088,1
266.2218380372225,90.5094221992237,21.994376255758162,0
279.04515257592016,85.93733456820928,6.308349132903497,0
420.80485501827593,174.3999905857836,4.728237859964965,0
303.44058515572135,184.59626954077987,27.14422012559828,0
359.6833387865976,111.64409174208564,8.540703185927006,0
102.86898532847401,58.68843294898644,27.318050109211484,0
406.17450963834995,113.578364840374,17.355198585664052,1
140.00699535381864,66.40729022742836,21.566595679709334,0
394.20085578687343,92.04321863525561,7.943308715879759,1
266.9537899403442,91.34230453920854,9.413188915018274,0
366.6108939752673,191.75138791281486,17.02308715272982,0
221.11959471457084,120.64998907534658,6.484593182920914,0
124.68823502025073,186.41977584054203,25.05417967890807,0
307.59516995453953,138.64716151345638,21.843554987454894,0
129.70406364184936,81.68189698147151,3.2733164964624173,0
289.51080876147535,53.0878539154621,8.546227306387484,1
116.53746657327684,84.34304147841053,14.773924565567107,0
456.8019573299457,181.09064499545931,26.20632181242979,1
212.92362226640432,124.72336102317583,4.683255749754951,0
298.37992085255155,58.41093710971618,27.739652232903108,1
448.16149990841143,82.47909594799066,25.03936386309966,1
301.82261483127735,154.69065254788683,6.3044439631897005,0
324.0634211860594,159.23914407511586,20.169334477784115,0
220.8640984045685,173.9403993056672,25.33767587349409,0
265.27157674789606,182.6980624919597,14.54555551722742,0
162.62224356635855,174.6105295756842,12.306757782933342,0
146.26201129048107,101.76891532799218,26.394168827232424,0
184.53229326359616,162.16712017088145,15.84740841249039,0
140.93002551747162,167.05388416753652,24.420894158595775,0
275.47345676817486,108.45530796226285,4.999890635629784,0
329.526107876591,192.49001315702415,17.8755573427789,0
192.48482765645724,192.5952641394769,5.395540907486475,0
417.01186374912817,77.32791520163192,14.878373048874415,1
229.32494475367707,86.97095355711781,8.110540055772521,0
441.36129867395056,53.56862476054271,24.19199450614666,1
471.5964337898329,176.1395056417893,13.853615149853905,0
327.23300158775334,193.6960882984134,16.915729201827006,0
277.5941974048371,142.9739797672919,1.2568987596428227,0
114.32842258851439,79.75275956367264,12.908108590108865,0
334.73697820906375,185.53763918684953,24.74436494620972,0
194.27366171411614,106.64921115304352,9.119593435496931,0
214.70669950014423,141.3420518222175,24.013834395083347,0
125.62278315492175,99.29501059142822,16.252303413620794,0
234.8070585807121,108.42584426988984,23.16498276194741,0
473.9969811999878,105.73744914884409,8.752376056789263,1
110.40204128374018,115.895483390684,14.642622313051685,0
222.53529380879974,68.92231581032652,29.981390836744506,1
397.9552111657943,83.80028788161121,12.361792170644547,1
328.2593788498589,180.50934528262596,25.31238011465742,0
333.15412117694325,131.97950915067332,25.912963725877162,0
179.79336053715187,96.54978475123661,15.606464862663467,0
254.43075140568004,128.31241466513168,6.061932244748273,0
367.7034862920765,105.09233359089234,29.679881836584002,1
102.87686549940615,167.04628511428115,7.376984455078709,0
164.44584247602847,168.69862642982434,2.4503230940680276,0
479.3082503965438,186.8345804585444,26.301941745506078,1
266.76140113018846,59.709200680980686,10.44087269882415,0
112.8551180479711,158.46076766424295,2.3585296457246914,0
320.48434522418586,133.87281732913198,18.05043259214711,0
218.73007160680407,165.4394109979899,9.335242555106804,0
426.9306037098702,174.0604417350632,27.568813991038166,1
493.31378673522715,61.16765378880506,18.72815554056535,1
419.96147720723275,141.3012139724587,18.663077850838096,1
493.46446930092793,179.9922024767988,12.694949479630695,0
278.0899500922243,62.35462731454366,7.552760559424655,0
121.6933329024783,187.33119925689397,15.480445917877791,0
330.27367833879055,168.43341999285042,11.436075974583833,0
358.2046757342302,143.8658406486918,28.42196345841381,1
144.78466379297123,159.60302313857403,28.617193741176777,0
192.18425103766918,118.69208299928795,2.6917022376887743,0
374.10279202265116,72.83913975533035,7.588262552388605,1
330.51424075511284,165.2216827792439,14.909168498478465,0
394.9384485886535,153.86978571992125,6.230799595003681,0
325.9234511048795,122.79999786058117,2.8758490085044746,0
327.3162740745144,142.04314996103827,13.268318188249205,0
373.6804228736647,82.87376106765005,1.7925459787948128,1
393.3874151338968,187.74212287156598,27.12595914090409,0
181.09099240223156,108.93350670996702,23.850255823045465,0
144.19026470150604,58.84503476918419,11.889366754905444,0
130.78900506827003,53.37951700624785,12.374680612134467,0
342.1329413119097,167.7090775627543,2.8950042940071694,0
240.85764736974716,120.48711103260004,11.528723483181306,0
272.8550746255489,129.41670605877798,2.076121118149026,0
262.41481130221007,187.01872629553088,15.122460558735355,0
390.7030737673162,155.8057465869989,4.934513456863712,0
133.63708891696567,70.38304879013596,10.925953460607401,0
248.250326900961,144.68597531892468,11.555256598209452,0
370.93374819416334,110.6098752255621,2.161290798561974,0
400.7463609871004,118.43021312911442,25.426026199818804,1
473.7003266536244,168.14747656032128,4.268256418463886,0
137.86768301227727,92.46420703994366,24.668613795958652,0
223.8113506227984,112.20058302589055,2.9833100970642383,0
267.20050176630025,104.18295934223437,21.087868271309567,0
155.68140340896855,113.78315445998172,23.851446424641995,0
138.2017148435199,112.7304419437975,9.773829648703593,0
231.89226919953163,187.6445444996736,7.474105942330258,0
155.37554921357105,108.40352562156689,24.80546842879172,0
371.9655057171575,151.3070182706092,5.679208854223698,0
496.31952548839524,93.60950646196198,4.193204138161131,1
278.95333287113715,50.275809355055564,11.651647188763391,1
487.50604838736666,62.34786961575527,10.093902006152085,1
271.66795411422703,139.55529700142137,24.692517574164828,0
330.7255972892042,124.618808045232,26.538529677217756,1
341.95070224537903,169.41505762501666,7.721924134475511,0
445.88905138754376,158.30560460787098,13.364397560062804,0
282.7887251554723,68.49266038561308,25.258306708971883,1
308.8190031909529,190.67003322568286,13.835846943343302,0
478.4101786208017,66.25615636609996,23.280510921431084,1
350.0380714765921,137.26386043740126,9.080481906467176,0
254.34782124125067,167.54970326345136,4.043069584451163,0
302.87157257453816,68.8674425302101,6.920660029522783,0
121.91656794233654,163.2815822374041,26.887336717376538,0
107.30693990767905,99.01773443584784,14.961140709855114,0
218.756412180756,65.41192578320674,8.896935890110413,0
179.46661603920575,81.2167993738348,3.8147918069593723,0
249.21438940183455,166.61530838606438,1.8586389940099357,0
241.11890225909872,106.16104805791267,8.103908661358599,0
175.76028043250406,89.97555428512112,16.03818342528357,0
202.02672307601065,129.21116826375234,1.0290679112786474,0
353.8550475898951,152.07861779166586,20.20846027174605,0
262.28259889948674,61.294039422743836,28.885518877261937,1
440.9281372454727,175.77769909859518,13.255533406403027,0
404.77940394299094,158.77465946595535,7.406493521080139,0
372.3069132939754,129.37124813504767,15.05086779389405,0
323.2293216658427,160.95864780763046,29.271309328044417,0
233.27535723723253,103.12888507796302,6.5101435942167765,0
357.74289593260795,145.75683035203815,5.583765827695256,0
369.17901410823123,61.71301947017145,11.049597876077819,1
289.21261220515936,154.5745918638748,20.667097565133247,0
407.39021695522496,193.53300121360238,10.89652986395998,0
116.48652545052931,56.35798447679488,5.489029671796793,0
228.00592174466038,83.0362153804778,22.43156413837269,0
415.82571903339175,111.14379591761193,14.375123389263141,1
388.9498303125337,53.12609426974612,8.807164182263143,1
284.1084827791738,189.5203189507137,3.4987603042114683,0
444.77748381911067,59.292308279967244,19.601397347750417,1
366.4608611021585,107.99966614324183,20.638857577584442,1
224.33004623438035,100.94393306206416,21.577968534522544,0
189.30345629019504,81.26196467638329,4.931603884482729,0
458.0174064202021,126.75272125745568,28.540518302296906,1
174.35995644342165,133.88706441299647,16.33991535318291,0
302.14191933057793,78.90642113272432,29.39806268030458,1
197.95074668295794,96.78812901420966,29.543874549740035,0
445.87675783801376,52.16392448792296,20.06667553071313,1
169.6539164566473,55.910298258946106,24.650686927607648,0
152.90810204298816,99.57182157416251,13.895400930754882,0
220.57425300522362,77.57766373369644,26.445672018249816,0
378.50326521236593,81.18109804689574,21.290155894010145,1
356.2436512360854,111.84494595336122,21.212653371980476,1
163.9894983405701,186.34747564945525,21.646117942217415,0
259.19704309623165,108.51489188675916,5.135532162257372,0
171.4085433302302,113.84709748661888,15.305575153143845,0
355.8118342057884,54.1348017475902,14.940948342743628,1
143.99086931321543,72.88573774584962,28.062742776754586,0
150.62345167446875,162.47452521775614,29.170937467280126,0
276.3144545284114,156.60865541430127,8.98787892644479,0
317.0722294239448,89.95047611585994,21.843884986321505,1
172.14611899176595,158.73306017081615,20.7836569703196,0
396.4719787897476,77.78808542806402,25.99718849262146,1
465.92998764868724,63.169111580752464,20.153274888408088,1
483.34417434345517,167.22889004583607,28.13407276167161,1
247.05310578529102,146.05663915850664,27.158528550145107,0
456.97492860140176,116.38611467007014,26.04934180960891,1
430.37571245281526,195.2950731460539,26.759885330504936,0
152.32728740170808,96.88297088649522,11.01293918845822,0
351.44105962532853,93.45313603985943,10.200627109066403,1
355.3742285271685,176.7180216793167,29.59804372562912,0
483.1590978979723,96.99409888393731,28.126765997620737,1
294.9562510287872,110.27983874798402,20.30158362888968,0
442.30850689213395,103.49096320601126,28.571113084328804,1
315.3497497777702,178.33721525855162,1.6687902879172514,0
468.5715320534967,61.81225816429837,22.467858517386524,1
211.5801006374998,161.18364031527818,7.620543267031274,0
117.30623462954624,50.101730471419465,28.911864349042908,0
127.70254961342701,184.55621992909573,10.833054523194761,0
254.36094264227802,168.2559378300132,7.604699287028594,0
183.90456872199414,87.4291350480583,20.82292240243657,0
202.65680640218932,58.7500615635992,3.855358081962179,0
425.57110831947625,145.44830670670268,5.727949421001034,0
436.37475999194584,161.43252855717313,3.3793912278653,0
297.8746514703139,175.3770577568044,27.788873818852423,0
121.20865365009226,181.44649307359506,11.113805765245889,0
358.887250732696,77.62439669533799,15.59135519595554,1
465.2146622880458,156.62248804461615,12.802797717707906,1
281.6278181800543,144.46075322149306,11.463109890683722,0
391.0321576038203,102.12486994844514,25.837624922550788,1
474.4202080206712,144.65889133560893,20.91101842222399,1
389.0425804822385,113.1276857137399,29.17190402565919,1
374.2730782016598,91.72550579921223,28.920732617882205,1
467.5444159041313,189.06122984233522,24.504471173621095,1
299.9180791922618,115.31330628208315,16.426207889495,0
483.30453086162527,159.28992726552994,21.83284636964725,1
461.38348664438195,91.95273149991638,20.22275443049489,1
481.62069736312816,199.34666674218775,6.590903116264215,0
369.610180228571,87.0448535922724,6.557585244959914,1
171.02467999324915,53.394240112556055,17.078744525945176,0
287.22551096290124,151.93412445336975,23.059574381670757,0
373.7781206450171,129.58878572044796,20.429281617708632,1
445.310600575775,132.77165484108434,5.761063891305059,1
267.8773874385693,170.4187863901332,17.64716043006432,0
362.3455387201837,119.23605569879483,11.560538791025694,0
458.6908164248908,103.46430601931064,2.0040300776062963,1
357.07990246812204,97.70300456953937,13.561433468538176,1
388.2152858482303,143.24901130844654,24.766343395190898,1
409.27150124901914,95.76877400186984,3.5636522579532324,1
456.80804853586983,160.8535593319978,17.192562652992248,1
328.3382408472931,125.84446909501462,17.493830542802197,0
218.94772123456823,58.9630287055513,29.40960352224198,1
497.57272591121745,76.9132426701821,4.346623874862596,1
398.7065551033009,124.45300722397538,3.4842322694035497,0
353.3245633873605,134.66303423372761,23.600712779394588,1
130.50550085687732,155.48816609613021,8.832653148790307,0
136.56415310223525,163.9526671878408,25.047053646708545,0
398.3651642258152,130.39974261566275,2.561918395066257,0
228.48197536632625,55.11294992362792,16.649440214392804,1
183.60493542995255,157.41449246322344,15.215414481547732,0
126.69365532702743,68.99897991697617,22.262161790471218,0
463.8888496219718,187.23394583630827,7.439312134969841,0
181.36842240529893,148.0671168943225,4.689894075944985,0
316.0884044711921,182.32185825995535,21.22726457933163,0
336.62714113955127,146.68319427224526,21.78635185736934,0
296.22812019826404,186.6740113015553,18.073167718491163,0
375.2990290636212,86.96203579856987,4.388876269361901,1
450.4406096516865,70.5695094561212,11.992152067670366,1
380.36593267293455,57.48319473010462,8.04746503811009,1
205.6343416106074,186.58339152066978,5.583726279222985,0
285.4452131675462,94.9110274465142,26.86277990349977,1
464.9872791502768,153.41806959848904,5.696992421926142,0
209.75432997646334,181.97100527561648,22.323548231979604,0
209.4748711360551,181.771584321314,2.3142968117537746,0
340.2455083323013,59.55350281076942,5.194629438358309,1
466.06922425919157,106.83583707862766,2.2145787439124898,1
273.98817157934957,129.93342629247567,12.583996472383243,0
472.01698061955807,133.01460190647623,8.267507444199659,1
411.8190390258168,172.33533839265226,15.818308622403434,0
117.29953489075533,156.16793994014097,20.069126317131698,0
256.8922451396213,159.00244670134686,27.809195775525367,0
165.1553161389065,56.88389777997394,23.362740969383143,0
112.97315857020669,71.97103455946775,1.8922877538284066,0
397.6411336637212,178.9943696633847,27.495438269803525,0
434.1353305754641,160.1077089121204,9.2254069655644,0
164.32574620982675,123.69530321130748,12.325653314608683,0
497.1631843425673,163.27120924246162,16.210403701676995,1
451.144283491873,147.2346148292061,8.992404966739954,1
495.2961646383454,133.99036627399516,19.19250152548352,1
240.29455393921012,147.38647609858134,4.225398192614145,0
353.58761105063127,74.99047244841807,28.800319640689864,1
382.23230623594446,74.76738535114501,1.1262124710717774,1
413.3288436464682,110.67649377509741,8.405087597848475,1
384.7131338142383,110.26032682753144,13.143840106184673,1
401.5146042775386,105.52542351007999,28.416895408039522,1
422.9674310793699,91.98274788229071,25.39196460961716,1
176.3463600914925,154.3691003658961,27.132104303683377,0
375.2234988053648,59.079556014691065,22.41687046892583,1
436.53915051107566,107.05865011478662,20.86942482631264,1
370.32261493404025,96.10109565183811,14.61663270956615,1
474.87992718971066,161.97436479951784,15.982097738465644,1
292.0165184602896,82.70505939089537,19.78385697543062,1
333.7048780631225,147.11184405979634,24.743105086622162,0
293.7982838964175,131.58384155470475,25.601367868389225,0
224.5867265919872,134.1803953282719,10.578248257321306,0
268.42790449214453,145.4135680099925,25.73139970691467,0
445.0695132302732,100.12716110595872,22.794812950111634,1
113.25726234470027,102.12982428399283,19.345910176955083,0
216.70404892312303,119.7516053896217,13.42405790471632,0
362.5318161178048,55.47380922187378,25.091904644215752,1
496.3806494660159,195.27306493607418,9.426478299708492,0
109.50481147001008,102.9998517022912,26.924463694751637,0
141.69113659849572,141.0703592608595,2.919611210716609,0
356.29910343557873,80.73049503400523,1.363579844857627,1
467.6844306469734,99.53260475600021,23.779100229048403,1
161.0064476989897,58.92099834027963,17.39932964221507,0
149.85074811608854,66.73423998299812,13.121680567840322,0
363.8438500394834,55.55514588195264,29.748991381032678,1
337.1783933908247,139.44181405459042,23.398444801176737,0
205.22356408672164,197.2827429288695,10.426339288671874,0
101.60548054649769,104.60857581957009,19.71247994587995,0
156.04454426317068,129.2473097150206,22.954420675068036,0
266.6724777745345,178.05957247774552,27.94549128173092,0
426.50709305781123,154.56104911690056,5.134318711796909,0
353.7733659937609,158.28906169892943,18.243809830231594,0
336.6204216924907,175.43565755916745,24.28200479024654,0
456.38880116726426,177.1430858558478,24.333840300904768,1
246.97049603836393,123.50147527166536,28.681673170755445,0
134.8969955639011,66.50645441458506,19.238107520159783,0
292.59502928824656,193.71994659528576,14.719904585813792,0
464.90833647087726,125.45350942086573,25.628996869730244,1
421.52256543282556,113.16285927374874,25.995737465688173,1
267.33448623963693,68.41616711812469,16.1401058578015,1
354.3227663697628,157.14985598968252,12.763768732873498,0
396.7665316728206,191.53181936589502,25.64305971553368,0
172.01390901259552,198.36731263706005,11.235345731152172,0
428.5858009067486,197.79528857933724,23.800768961110695,0
287.6374690253281,135.07320709553656,4.520684350245492,0
244.74145504605536,174.9434618600303,2.5223279490504997,0
471.8425879000735,100.32716790064356,25.27481638759909,1
383.6534358645679,120.81966148541179,15.39367641744482,1
440.48817621016286,121.47063764696637,4.711632684153969,1
138.9869629040112,68.09600687889511,16.740150477466372,0
460.60809606117965,72.26832349375161,14.834185282953117,1
158.16964108743284,114.5599748317817,22.43790159008824,0
440.71208012822945,102.06266093823987,10.168715770625658,1
120.21517556513555,58.789005729443026,16.769073768361935,0
374.38791426949683,80.98809220783514,3.0654547870750273,1
471.3081902804156,161.0284403045492,6.132914964445705,0
339.8939873005285,112.62119941281469,3.537136382463885,0
404.9733022239631,126.62830118750378,17.11372673520028,1
292.0616920762859,185.76161008033367,4.812666380154299,0
191.37137423297443,160.1749996188264,26.731919850259967,0
210.85880541244467,59.17037365917634,15.838512400402347,0
328.0986051814723,67.39616208794976,24.748233752810407,1
150.0176880455466,145.59233524454493,9.187798806575154,0
340.994268878055,101.86802806755671,9.33566875647782,0
172.9821708519313,191.50219659945452,12.6767238912509,0
309.3078021015615,126.11661304845575,3.5352278290892833,0
187.66608125778478,89.49653076084671,25.739750832299695,0
369.781329057536,84.86247197517906,9.563937265657941,1
222.88612470062986,194.34327121943917,10.867091232702883,0
277.9733217164246,133.5004961947629,26.913806610358836,0
293.8859517093312,81.81566945198294,12.265472234617325,0
407.59251826421473,80.1101292767726,14.219160784427354,1
322.70350719000004,122.90488185394004,21.02187194541791,0
227.22977780789319,74.64300410985679,22.78591848300116,0
365.957945223716,150.90040040841234,4.467539992412291,0
349.5083753927829,102.00883023052452,28.518836572620202,1
309.9076400545523,193.39629755297312,5.479574469335676,0
308.6175037118167,114.87715783178258,26.80248089220341,1
218.53809459100174,109.12747573632822,27.611372123022672,0
443.0908180836197,119.67068595559792,1.4872999051970996,1
441.5535375787879,182.85895869139432,26.962686686751745,1
141.23945882541517,98.52505927131335,4.564910115807713,0
498.62801781931836,150.9474599850509,27.032882493724117,1
370.41084554683476,191.0217159939834,19.546915643834023,0
145.40038508446543,166.64298721153014,8.660892476963099,0
256.073438283737,120.93688425502452,9.686303390585218,0
346.7067542404036,130.95163453607123,6.559430530057387,0
314.9370122594228,72.33422771021021,8.937539152628409,1
184.9388293259342,94.96573723778289,24.67680575459186,0
474.2186945874911,144.07671337945652,12.994567593193418,1
127.70161039488106,70.11684656220542,2.342306006591021,0
121.3921428375869,118.88496215072077,17.047841982778912,0
210.43882393441362,108.69348867087186,6.17216058352773,0
378.8687927585612,81.87372070828279,16.094971031087596,1
307.7017677233824,100.07673550964725,29.968988323721796,1
498.16738562807467,90.39769774228876,2.625151033635874,1
273.16513160887297,135.3510490990471,6.130966365091531,0
320.84984477196633,77.68921990619826,6.153059848805229,0
217.62932289831807,133.47074161746548,18.456475992925302,0
251.4457678409494,181.48136072194495,16.904836516917623,0
197.62406316524266,174.25767313973358,11.507349802383759,0
458.4877550635069,181.86584023837412,15.337668735534375,0
177.99044686711085,118.40831889326586,22.771281064284807,0
141.99710127786466,74.11389276695388,28.95921251495625,0
186.21164890801785,104.33228016085522,21.02014859713013,0
115.37727282786653,111.95256395229846,13.396807622629467,0
292.8088041237668,185.83908508397815,18.80121149515665,0
366.99064709966524,118.5947565042369,18.583161856171426,1
453.8539182079541,134.10792380545314,7.372017237614547,1
443.0188825389624,78.60481054533594,29.276689408283247,1
137.52853354885826,62.65771956252259,1.6110430845033918,0
357.2826099954285,138.38336700529442,26.22269364116894,1
261.65265999113444,159.8648406960936,1.6527954020874078,0
389.1517774156009,136.59751319980307,14.613148066925637,0
150.6767096262805,82.67840667831244,2.545311720941263,0
141.7448358207492,172.54493308294553,21.99822174170926,0
187.435195383655,139.0590881878121,6.680933626235721,0
207.1737290885205,182.39153640567278,7.332283045784342,0
225.0124126937597,106.32673896254445,13.23551938983385,0
245.6942594220751,178.0069691115644,28.011818142720983,0
462.1586026571331,81.5542798793789,28.05778156730796,1
493.0779402097572,60.8337753061314,12.321157680896212,1
245.08776142928278,124.11001120784312,9.850879880176876,0
168.85887709678292,77.37880558600311,23.673127126840576,0
201.555375286606,110.17878604844034,2.919182615810468,0
375.74752082209784,74.7489592040243,4.4180330704024,1
461.7317216890699,81.78312610297434,15.969621468179897,1
429.818576685361,141.41133408556743,19.59668563896117,1
493.3529422518404,144.47126427347644,26.05509666010252,1
155.84844136014198,191.68181408313376,17.686090256035104,0
441.4015672110264,56.48033631388421,15.85681131727037,1
340.14160397913156,122.56902779211543,26.515024984169344,1
298.4440226075395,168.89506692922265,29.167108372515003,0
341.22995773189393,117.97573395324001,14.269100065632776,0
379.6180088752949,110.83915023241804,5.17815182430599,0
264.1446374473188,93.9732421461909,3.8192972532145517,0
176.80425993028064,63.89489812215534,12.715856558391831,0
465.81468128394306,83.08137081091665,22.64220931923699,1
414.0686391352468,162.5304629854943,3.3197308884764434,0
103.11025497638914,197.02641487682328,27.72569798064848,0
400.48531875032734,73.4547784105637,29.021428059151027,1
185.2421689768367,192.55547085236418,15.382409356926193,0
289.46947044876026,130.21794836072198,16.73264388284239,0
340.28296593716226,154.0814302615891,28.13900226673289,0
242.9663254283928,85.16716881971388,29.700553983632354,1
254.11761500071083,187.80299680357732,23.50400379965746,0
486.96453831681714,182.6545671506954,12.892402389268092,0
477.68200269743573,173.4489927324037,5.307378380984317,0
472.19879662747536,186.28349410621632,19.835476393459896,0
499.61432570835694,81.74776334133455,2.4335422671946763,1
462.57612355132943,129.42413171508133,19.282859235960522,1
443.4014626700938,51.4441406192617,17.33519488787217,1
346.8364898927815,178.19299483627233,14.62820546948711,0
307.33560518291875,156.3996602974549,11.739555881269906,0
485.23968000210755,166.24276352479146,19.906627946451497,1
395.5230105558217,67.22863990940635,9.711048809067558,1
472.5000063045232,170.03080428062847,26.077514802204234,1
170.07154073859817,162.23018228915936,26.238701320512682,0
452.46985751040484,113.07191127115112,3.347336528849098,1
391.55871216438055,154.48669655464357,5.08614285231101,0
285.0713833295431,133.85635057523314,19.104940257411563,0
385.3360694175235,155.83034580304604,5.747984634336014,0
489.23041151022153,53.167265482493804,20.048464108714235,1
299.05001048763825,94.88547948708779,18.72385321342599,1
158.1112432599301,51.536678155247145,13.897889868827384,0
314.5402814027096,107.06588248357767,21.06808395853602,1
134.99879022812678,133.92026633770294,8.838384224793222,0
149.90444697708796,70.07283519296271,4.010000165946033,0
128.13992154145558,64.10755036876051,1.5924689410868946,0
382.6115410552618,126.12780483856965,2.780437420141232,0
113.72701618242603,71.98751545708623,17.254138003737154,0
368.9746952765116,134.16287913393109,28.176032109518765,1
429.38530444295424,190.60510997581744,2.407296861960466,0
479.5793196499532,68.19912949876239,29.799117983238837,1
321.53986491894955,160.92428743596105,2.5298181492786416,0
326.73642192652517,132.4168075039408,24.524379941489237,0
341.776160812158,61.8931138922841,9.022974901039342,1
124.59583609569708,83.42980282558693,17.98006269446234,0
112.09419209504267,198.28552257293606,4.441734761125327,0
237.39590414690545,155.308622945029,22.099273903517407,0
313.91085025597476,165.76951663842152,24.29567327811974,0
139.9631674782736,198.70904727338757,23.7192967483775,0
325.56717397356454,85.59336265616223,29.85927488744974,1
305.66967369639315,163.69525610941434,23.549273999495288,0
260.5474996876042,100.16100606305571,12.815414558725806,0
286.15576728916176,72.70433126240573,22.210135542942716,1
225.00492875461146,142.41726558536823,20.32627594560252,0
195.69631619794603,193.46372639382398,26.450747781964637,0
237.9533145377803,142.2951805717585,26.71988406014551,0
173.917852402697,78.885477187526,7.430977059523905,0
195.08882967232694,101.85491882730052,20.330409123800163,0
195.9525553247042,82.00267646807056,7.793026392549932,0
498.2725594466825,79.33451947926523,2.134667999288305,1
378.5279747214495,95.7863236441089,28.92718717475595,1
265.5695598201058,146.46210838592827,15.975778758550602,0
143.1763471289325,113.32949544555512,6.651608422003888,0
409.6165743937876,198.95629252409555,24.936865797997747,0
163.47060814645116,198.55327775496096,1.0221524260478947,0
369.26310773125465,129.59809169780306,29.25416198286064,1
327.506906711787,160.89363062779245,8.85358157836799,0
401.3295249142611,144.82407880494083,10.89830920711665,0
336.8340213864939,131.20253260486666,13.249727178770085,0
315.74730166344017,89.19492568806814,19.22797087138214,1
477.06422341622,195.36633523843253,12.334318808305488,0
172.05953683334437,172.2694556480835,6.014538585146222,0
460.825249307108,183.75642097589838,25.543041599898682,1
347.20051183229975,142.66322047100178,24.734313037714017,0
269.8627606056541,117.59085298440385,8.88800573371703,0
134.40380245562906,138.45776543456083,4.703834371207297,0
294.28133742993725,120.07428151767334,4.337351835367228,0
488.1980506716063,129.64588277495673,12.165651097868066,1
371.8722848444294,96.69280516788737,6.0582247720399565,1
313.0738705723901,105.51028742774349,27.089778293048827,1
411.59425695508025,124.29898819648466,1.7286993429453672,0
289.1401615969811,180.3677522633824,1.1331723088007855,0
234.43405288281394,106.77676020199283,2.312036213604083,0
196.44395490028663,84.40727591677002,8.831688500565066,0
415.35992459723997,118.96334689061977,16.398722072879508,1
267.49099150822383,140.96718720111056,14.956575337682523,0
165.31858433062752,102.42506526882326,3.723160438419783,0
112.00572411999036,88.68394154435967,4.934400520068578,0
479.2730992655065,119.95209250668785,12.86073822201747,1
210.96612269162156,67.5913500217892,13.10176199156401,0
334.01959907204105,138.7525777786667,21.26520371201982,0
440.67367698359703,144.4613741785662,16.103657247651004,1
365.4049242315049,120.19235173147422,22.219768648337165,1
243.86736580721467,197.2591082338936,7.215842215816002,0
192.18081725165746,121.32997083167363,9.688821669263088,0
498.22633533064413,118.43588252345378,15.809817267619666,1
296.3691895548857,117.65993090678761,7.421221590954468,0
312.3881273694364,198.3773672064187,29.644508442084813,0
460.92281734266714,55.13212571597939,20.595421572044028,1
147.24477093824828,107.50045859534612,7.878034067823929,0
299.876577669163,151.36657266033032,21.54211103927666,0
377.4385215591718,85.88786960176427,22.09101315401798,1
458.5593801709126,64.75140981653902,19.131253446819084,1
293.3599088446597,96.68874232594075,19.27260585489301,0
184.31362872872415,196.23356155753234,1.583908462842364,0
221.3243952334168,67.94285218823055,14.130236527560424,0
147.4969172235773,153.01752085136263,23.26643056771254,0
219.93432669884368,165.7231871423749,2.784731969966766,0
317.4620665231712,83.86877701017706,18.97299733831022,1
348.2931270205247,189.57923661381832,19.865212533695125,0
495.60356671333113,100.35484784833514,10.517158821289932,1
145.24490794544164,142.96518923498985,25.63426670378295,0
477.84148971500986,108.47540315492336,10.09502292570524,1
411.92499994001486,175.17268107178106,16.94670155794137,0
458.13964090023944,98.78439148242433,3.0040703343337327,1
182.11183872548958,184.1795356551354,2.789169397714817,0
498.3065779036312,104.45571351063779,13.97748441864693,1
492.49840825154104,116.26184253392252,4.854757488855147,1
196.10371980433814,90.30347836733586,26.27140786678487,0
391.1544700927593,137.06816640135247,26.514337150124742,1
465.35520290618524,181.2661685732548,13.620358234804167,0
155.21593347103138,157.11688392090235,9.325296208651688,0
397.19441647415067,195.8213620976066,24.46967435578283,0
237.77111524950408,104.37338598697863,11.299972212526686,0
476.67620891991953,131.89252526465643,16.286717055157133,1
190.46760844557133,53.399529622576765,12.35152032921923,0
452.15575300408307,70.21627477419553,25.688189620596184,1
104.35640032201081,84.06096369156157,15.68296773486439,0
433.7511459632916,110.4813765766077,22.83263916664612,1
471.18814490920965,161.35097519000232,5.772473429727796,0
310.62407057186886,68.54430616927746,5.699470764281609,1
154.8494053315781,145.01919470113478,27.97951691007108,0
467.7178718185893,92.34591567213414,27.52872226586306,1
274.46345744150904,123.66033747411974,16.459223509171693,0
364.2249246724714,108.86284444297127,16.09094512242741,1
247.21783306593318,165.58432813775426,1.220235181440084,0
299.3611315892151,118.16840984609114,6.35823249981549,0
102.0999669853968,95.47831124371437,29.022877168286865,0
179.51841552072648,77.6831936139753,2.3725799629155206,0
143.1766285278492,96.67175556876951,23.629373909865656,0
494.8602759523266,189.66622585418602,25.084481723162035,1
265.307539169581,81.8721819679003,18.19887654376829,0
410.3856839096373,188.30963271233037,16.68689436859383,0
258.64588784727323,84.52471093298283,11.065939523366726,0
337.60379150731035,110.34480422772211,5.981780933077564,0
286.97705131510156,64.54779017478691,16.978844341184836,1
315.882283708433,133.73728371704294,27.85639610812048,0
165.23069553470845,183.5301268250797,18.222139082857908,0
195.43810061412378,126.91191211014016,20.85771719255732,0
131.59470097277,98.96822772827348,1.5911274515525857,0
384.67170642343996,53.42067310837671,8.76554554499414,1
479.1729333872093,97.92185668908473,29.636998706623228,1
109.10432010134431,114.45277453413196,18.223588563224048,0
129.353345436663,64.75474370956032,10.990970057554499,0
335.78405104207957,77.1607055876398,13.149377400743493,1
457.78387500059665,54.96206150927241,23.859874246128886,1
277.46527616146847,102.79397264441002,12.384957213295145,0
304.09346630401944,99.90835450432442,13.166351310797122,0
335.2234120678502,102.17343590772572,5.577805722072133,0
449.02938309838794,117.30085544231075,6.959109324208066,1
194.31447270619805,159.78427802216967,16.83524431948201,0
495.7695173670692,110.41656551016374,29.570071791316327,1
196.1420731878898,135.50941719259652,21.674945444546463,0
287.8706865164844,58.53492353761277,1.5898281522113518,0
154.4226625460982,130.32726839309174,24.12098715250771,0
130.41780154663982,102.74181191338454,16.894716225314852,0
478.5454266948567,94.57339991305018,18.967290915340605,1
385.4507374577396,135.32810971630602,12.798054789639833,0
477.0703243946051,135.0114157294791,9.738694270907077,1
375.1359926176867,196.35166221250591,23.746595985870677,0
474.12047686310166,134.89033225157624,21.2850805543977,1
322.87620561875576,89.54496317507622,9.622030261432046,0
320.6917373642984,123.46462731330048,8.73593488234256,0
360.1662650152714,127.02320604277364,3.228074210861198,0
397.3292871132287,82.83240229559205,3.8664442885314316,1
194.5972873865505,140.37078132203408,14.789445832145287,0
282.0617540069021,51.279716241770494,28.9152679230976,1
311.4248181052926,84.62122329437375,7.488300959475068,0
232.1164246931927,188.99700784870893,4.550723869845003,0
447.4404967675586,120.54104434456563,10.969511333745022,1
313.64190278557356,62.722822235316315,17.718385929742933,1
322.66733848156355,107.74280300728694,10.900639691949099,0
444.5586922945718,110.28527049190086,14.780792337181621,1
255.62692178631053,95.1081635618151,10.763296629598496,0
242.0122396810426,139.20283941263105,8.819319504180765,0
391.04899352263305,85.35993112174339,17.55642354450735,1
471.19861073941536,140.9494387420278,14.415128960411735,1
486.44026690715424,197.32460372105186,5.623725948043564,0
280.1516601634677,114.75425521964986,17.594922241225348,0
443.170138601341,185.80294682950765,6.752164413423913,0
255.4733015325905,192.56638269938531,10.47638632441865,0
453.29371086276797,176.2349911788932,18.924480287921284,0
349.94351459156314,192.65514746862496,3.993659307702317,0
450.0176606742042,166.66644541617217,24.89004526536201,1
110.6022935604892,99.0811056002388,7.130755917986725,0
430.6441794792991,55.44950242788847,9.501771104930956,1
319.03390719296243,197.16312567010297,9.314648858955016,0
173.22345598757724,195.83533783848625,6.140371114398948,0
275.06693709416675,159.79119195230595,12.032042200499946,0
471.44617168707066,196.55848429183894,20.048522116970947,0
452.01312451664666,153.05151398857828,13.066638718558124,1
114.6051695212368,110.06021963897605,10.521621390736511,0
436.4181939276571,87.89212406617784,18.322630539376615,1
417.64951257492646,99.09227527953624,14.319656361861202,1
356.7352052505077,130.65011878785296,16.302041507021233,0
443.138282130972,104.6408591100689,20.126549576825724,1
181.09847015453488,105.2403707656355,3.4205584103473563,0
182.7540126706454,163.03992321431096,26.448723149135127,0
185.4738441601496,124.29825497216837,11.278581132734237,0
471.5416755807936,153.36884596141795,21.050902190411282,1
166.73894806851956,83.88724408192677,29.96724417558231,0
395.41227150725075,142.78101187735263,9.874358445858057,0
233.74591281434297,151.10701778092078,20.772225563067018,0
164.30871981518243,104.15815314316677,25.708185508636884,0
499.9359636302272,176.58070688839322,26.896398660626563,1
474.64541557578326,160.44786597124664,16.674039031832663,1
444.5219196063091,135.38768715332156,2.3588255614117406,0
157.8195877694007,61.05883211935965,27.53868105689427,0
206.5825310165842,198.7899402717825,6.213937666984816,0
134.20320404590385,83.5440659300465,18.843394197338203,0
104.76394133907338,82.2324884520348,8.419426654747552,0
302.8373423584585,110.00808778472714,14.7335983804282,0
388.9762793518343,112.52035728610505,28.109750372847532,1
173.36275643628903,185.92695740436835,8.305259139189705,0
423.6312985217057,55.07944710888748,5.895812503880675,1
460.9733818937166,133.45366027680532,12.3929761661146,1
331.4526957219049,167.12953176875175,28.24890241342626,0
413.61754371631605,68.61821338425537,19.360298118715708,1
445.04513199088944,86.07648234486891,15.338003240414876,1
198.02259891490084,129.9074332746693,26.503792616242734,0
223.7320010582188,174.82395745734055,10.885619001319666,0
300.96370562221296,161.92173748813477,10.816377232114275,0
473.73717127194533,137.7528111946273,1.0710770980354054,1
225.3334141780263,161.10878522119856,8.503337818090507,0
129.14730898674605,195.50458788418882,24.20491114241045,0
341.5593265462801,191.19885292281927,19.919308575071685,0
432.27432778396945,50.06484022506423,17.583764740884863,1
200.45723652600978,77.97002968184155,19.77112464880582,0
120.67975723464897,144.8753644976465,4.173502153345843,0
423.2038262167513,156.43371424177917,5.01888942381457,0
271.68844582979693,89.79305213525781,16.296352708451742,0
465.9750776339757,139.48790590686212,27.777133158657623,1
452.47274243962704,112.7051493445438,4.0890880533475364,1
283.19158663693463,79.08405789203118,19.091981078872895,1
143.58299211810527,109.75785010124471,13.208424562176603,0
317.9278458114139,139.64826514697089,9.0928024798988,0
151.4269486390194,170.50475150786448,2.326981943171672,0
275.76468876418124,72.94243494448614,21.785277157609002,1
487.85119230967047,187.81239129263028,5.929953844168333,0
349.34891257555637,182.99204567723774,10.492234318977234,0
290.61219701863473,87.13036010577713,3.726568701247106,0
409.1086101654361,67.71532087143859,3.320791333965098,1
113.89363706477185,178.73208002451858,29.768141842099897,0
222.21021243291773,163.1857847481919,26.76692774756465,0
172.16208803474808,86.9059865253825,5.903827232258216,0
354.8316447979321,54.554878836505225,5.0771466619543215,1
241.85757755311852,135.2062470763969,24.059251568117613,0
309.3183248651444,100.72285566284972,8.446953141479693,0
127.9397100345227,177.98409484816216,15.740129275783618,0
329.78988443607676,188.794154864801,22.984919873239367,0
230.85177008372543,103.66433319006207,3.4817989014460737,0
209.5866139041841,93.36105149952309,17.84147815949894,0
360.63504912767445,108.27266563762483,3.342151786183472,0
160.72309391375387,124.582870252035,10.302376819417784,0
243.96410362697992,139.32139155382112,18.137195555406052,0
315.8148128093485,171.4749049839176,8.650320330310105,0
317.44181993958244,72.41527729969995,8.62059304160343,1
170.22711808326423,73.97085536575285,1.2116897907879525,0
108.68553794192191,79.47564751444034,27.109715937294915,0
231.41144273193132,89.29477393686452,22.568333323247387,0
356.3927247615148,189.61386535154284,3.994902772530069,0
154.55424504852465,128.89541640251076,20.195894918462933,0
207.10418977560505,80.08801904738681,19.127084823174506,0
447.61425941320556,120.96322562985891,24.321110471006588,1
335.1308802034865,190.85867914980338,22.605815506931528,0
172.01800881367564,147.17672296373377,12.2430053322843,0
248.19221526263507,59.91275881368937,6.981379750968532,0
270.2659731137628,94.56488372944699,25.71942802517208,1
295.77213703846087,79.78462150913376,1.7197761197657102,0
453.9721959457017,83.02013864736011,5.241142796313072,1
326.2066413003947,93.1460061360217,16.956636561019693,1
157.7395910512966,94.66607639940378,28.971924726186863,0
467.42754466797135,183.06462290807835,3.0844221097791884,0
220.7177442231499,132.2881675537111,2.837169768892683,0
277.42309123119753,191.11383441101106,6.372471014124135,0
156.3089170527451,64.2877227061483,25.891619095243627,0
161.9087156766673,191.17159523890297,8.299104586001164,0
445.4927843035994,87.10359184032552,15.626425815056612,1
430.0704616741053,171.52666147395547,6.2382865638862395,0
431.4034323876134,181.2854227847347,3.9568962404186405,0
414.62386226814806,125.14800099895967,27.846739052541224,1
372.5430247644619,83.19963229885937,11.087288807873472,1
189.54180363822832,175.87011474738597,1.0628263724708673,0
169.3221572791564,197.7626704326996,5.451134941472025,0
250.0991631872064,66.34019113358661,15.752531437126391,0
410.24945987489934,59.99074812945733,24.044425970171584,1
495.3606273680589,155.60557964851728,24.14832823025791,1
434.0784434086993,119.44881207913912,16.757168429876533,1
388.4553850998577,68.1759290087032,13.616880433312861,1
175.08015588070216,132.09979087827162,11.22715248548967,0
117.92146970774206,92.01491873925508,14.042045478158656,0
132.2654224556303,153.3841250244643,19.75601648851279,0
249.50637483220865,57.93811515895062,26.396819780524098,1
370.4797657840567,196.50788463564257,1.2701067368910248,0
387.4954325748125,145.82319181266718,22.22477243383316,1
263.1591663373218,97.91660295234416,15.7157702859812,0
244.52783415739435,177.38654039897477,8.136856310042273,0
161.54272530258518,166.9346133984338,1.3182943356812622,0
288.57564637625296,155.2345994793489,2.7306512773624543,0
278.2168037168528,169.24296743271864,29.16830382890108,0
104.39697461312699,181.05014962662577,1.1748303684973556,0
379.2472159660915,179.24052338896857,15.263987193201942,0
365.54130890110275,109.29484381468556,28.76225983821285,1
227.99314664479434,174.28040101113208,24.27705309706379,0
376.981634328002,198.32647450057758,16.121287809905702,0
150.75973864995245,127.07066532653567,6.1869579458798905,0
114.30816719115136,125.8997669188879,22.44827985488488,0
443.0535221432748,68.93252635908337,19.4322160517239,1
401.41174819292485,115.52693211930111,27.990236013766086,1
271.0700591234011,168.7918384971131,4.809057502786799,0
255.49129713625086,154.24425091299847,5.8515783841325195,0
484.85638562955717,130.84234611935017,3.053601608783945,1
290.35718364717707,88.5797573134135,5.1702823204873,0
316.7932483334584,189.96991395605602,13.964378845984783,0
276.16318544489263,80.1637612492064,9.78091601229665,0
295.867064206603,126.86228639899635,9.552773406160942,0
139.76001670944066,116.70098270999141,13.271497197709296,0
495.37002076616574,113.43851933501094,7.785345607789965,1
239.6931377756641,84.08985868603662,3.1621559545536866,0
264.74588443659275,180.8492008739404,2.7954007222647563,0
443.5271711749239,150.34270340569674,29.053801020371015,1
335.0958226442552,107.3599437615083,6.0679592152665265,0
201.0932786934548,98.6807339640066,12.457819803438195,0
303.955664651656,51.17785133740024,17.423097946145912,1
203.59597855383095,161.78679400499084,18.19863617246157,0
270.5394359095097,127.59164543275247,24.8531186361334,0
141.6729048339269,156.7864753856686,18.67604885010812,0
227.0048863593001,109.93589149857794,29.67225556801754,0
351.3499089868789,175.57028200133584,19.871952424132267,0
396.58586137274244,126.5734440637683,9.608918964878326,0
258.9377831479928,123.64524343790643,10.24622135875055,0
128.52225917664958,175.7909000674738,10.211341319553942,0
387.54157605613557,110.9169323864831,2.334995657101256,0
224.4489245697341,62.20056780989297,24.926392354332055,1
178.3805264129164,98.9061689641204,2.8789261736098677,0
175.70763199171617,167.0247385839936,2.9190956623264315,0
448.44940704261836,103.35521687300444,29.128004975129137,1
458.24669726134994,89.75339783204849,26.88785237597263,1
271.435228183449,155.88956950605566,17.194261368065792,0
451.9031942862092,92.32940220402678,4.248820495159993,1
446.0190024890355,184.3936059293318,28.525487254975545,1
431.57140695348005,163.75526374922157,7.423783968652564,0
288.3734094024524,68.01143317439112,14.659570374410531,1
425.23165089139366,176.60338612814522,26.216804197135467,1
271.00535521729,85.09756871754112,14.639291889811705,0
374.552315593134,84.04859077924692,9.850300238086616,1
288.8795117665354,180.02808159789205,23.085773927884368,0
350.83540832261554,160.9220207612421,17.929419819124888,0
368.478935320324,56.20956827538003,19.845597052635586,1
448.9772790830036,116.05138932053259,19.32000733794879,1
423.9442472102177,166.52307380757574,5.511279027330188,0
365.82802196419584,149.42396197943197,17.503438539770876,0
287.1796643979863,71.40991162963985,2.442494367719897,0
476.2249252239767,175.78737414904035,17.05147167257417,1
463.0591382340761,186.80271635215053,29.356760777693484,1
438.6476980883623,91.43924549263156,8.47203023603247,1
497.67318879155204,97.02009346452996,1.0396964700947247,1
388.69997766230415,169.68515523692156,4.9009472703507075,0
249.02314450685864,112.54352949539634,14.810055274134656,0
281.5845320640492,91.09876919085272,3.376332590188286,0
246.8182331523075,64.32162787447581,19.42453562513406,1
424.93148826179333,134.6515490741935,22.728309281476452,1
234.07475260803628,153.38955109294622,21.894481388697262,0
119.99919914559109,120.93796260583116,10.213223450241108,0
422.73212919212943,169.09069660531355,28.080583589816975,1
141.0207301068962,107.3873041040782,28.866863641571108,0
251.08610214614413,117.58357335775918,14.382977023469522,0
155.88135215069897,123.24062081918261,16.958696586958077,0
173.0426418111229,156.88885328476397,16.396066361023397,0
424.9651262288475,63.30696355538026,22.00994436272516,1
176.30893294606085,98.11099342917271,12.681184617159145,0
199.87418915859556,133.76826886994917,25.647308121396108,0
280.1926553887272,189.768022387272,15.959455194417943,0
375.98767949800117,57.24830320221426,3.1174936959304844,1
310.729404095441,179.83149503155894,16.253018605094297,0
374.5012810452153,113.90372503460887,29.33592964637254,1
208.27790447091627,196.8787049691976,11.934587095543923,0
243.863305890422,133.4333983370093,28.544324527090893,0
213.86372648852222,152.01962305336278,10.537478171552738,0
133.985967847932,180.2455844335806,5.269323005236727,0
113.10573459114197,157.7760406024139,17.9125430582104,0
292.94736448777064,99.4779595202344,1.09906797235702,0
298.5764020928003,141.97232010150535,21.81936597129537,0
203.4562598967495,121.3278753959003,24.155893866790187,0
486.6220202100038,191.42902315547408,16.039647857883395,0
291.57763978435446,87.82449314133274,14.175780790633342,0
386.9387843367788,105.85553308134996,27.651550264215807,1
312.6978618633325,94.22835109507601,15.129199497724423,0
302.6005574894681,119.52834552057084,24.369300939884443,0
133.00751559763478,127.5798939452821,3.967839356170873,0
343.79328906349394,127.39639761470825,3.3018263818623175,0
460.0051840211798,86.06691763714001,26.301614072204295,1
473.26597290778426,64.14443912695013,29.166866037741595,1
396.897549249231,61.18544539279429,22.04061451287055,1
496.6273673468669,100.72799930240058,20.5542653253935,1
366.2827110762579,162.73612893802618,12.119869408704284,0
281.5663531455899,184.3680371891038,17.663456807076674,0
404.47653651871394,135.67023433057517,22.069588833685433,1
143.33202363710754,70.01268310794941,23.7603597672139,0
446.4774456735685,175.44050777280617,17.77113613943573,0
251.28185524754264,51.709122957447626,4.25906164322144,0
309.5357792566307,55.90429462776868,28.672897854867962,1
479.167556631469,56.72300327875699,3.736687395518473,1
208.45970163410018,134.6635135482631,14.493160699030312,0
307.9563642607627,90.06094775637177,11.598456685363939,0
148.42631402479282,66.6081469195431,24.39644013663769,0
355.5641637363641,150.82664228795593,20.404626903135668,0
373.3060930599872,65.66129020993264,1.674498668305667,1
462.9085557307182,129.39066780633922,4.547928945468621,1
227.2032747150264,118.99474654132902,18.77999716460366,0
223.2009231321451,172.4190275634932,24.107474021199586,0
142.8570399651781,69.00249867866967,4.519198292729916,0
120.96659853628759,147.19284162748096,15.302809931053273,0
455.50725911668263,194.14251938055867,22.788319605684453,0
137.56888622944604,77.88027655682224,9.145842985437957,0
237.78259658458518,103.67819355703546,21.966930281784265,0
487.5261369303415,198.49710340735885,26.920604448216995,1
276.287319342627,154.12860420245846,5.517624738796502,0
447.74758551694663,64.03237007220778,3.2188204581164244,1
135.09861025199936,126.99633821638913,12.273450999327395,0
398.00807442656236,192.86899976135427,7.2696077564115305,0
124.82994408388737,117.38919099201682,23.210436535403577,0
337.7587953421754,140.28025855888535,18.392678194310324,0
198.4527192542164,197.82639460974875,19.849438193323778,0
326.98189590735655,138.76386270677187,7.476411089015945,0
442.497817076725,83.22894690060197,10.93365263867894,1
302.1824379705141,185.5042479297835,25.476807474165746,0
152.52911666920306,109.00031054805626,19.09363507881206,0
118.60207919807846,86.91117452755351,9.247569084662183,0
238.48601714369443,52.828971562593566,5.3640438765278615,0
186.7636288283827,171.44196983654803,5.011965059590409,0
465.3012946246153,77.96126870448307,4.02105530674806,1
478.6031342619708,66.01351894166638,7.848063437033519,1
480.6294034339996,174.8449442202213,4.1626123630023795,0
316.64151957374725,147.4619042144631,27.92385615596972,0
316.64601944732203,136.545188337228,20.688279039751592,0
234.70683696677654,110.41965809250567,23.173991211638324,0
244.30498057983687,169.59161037823128,8.65921131125829,0
321.5230485296653,157.1683211343034,29.073768124034633,0
393.7745881644477,175.53374978969703,9.435506659734152,0
274.8219285643754,88.09248223725041,24.46915683308055,1
152.47977272077128,138.40251612540922,2.0169094506193734,0
124.7595448334132,119.01375687452266,19.322051436217084,0
430.1300872075305,199.02734279323323,26.016251509471264,0
457.2161367082474,194.94123001579092,25.62829693008377,0
481.6632648788975,90.80084241335669,4.196112309599066,1
462.70945182155947,93.62925122392635,17.437141902286882,1
139.6381960932843,142.5181480683493,23.96808936308136,0
301.4145991969542,144.8074832691749,26.825194907210058,0
339.33325755337876,123.9847839092837,8.96614717162874,0
368.3788085937899,131.04792615804655,22.603314623122596,1
135.78870021205498,190.83389875252996,24.081718235768875,0
340.8481716628324,70.00356699827023,18.797110084115822,1
482.6042758273891,182.42421032450258,2.75549766630649,0
344.1764105532818,169.03021883006846,21.995655300916543,0
140.4444723161904,124.185452176025,19.065497048953564,0
383.05453402996494,187.54963300938434,19.095649387220874,0
452.03411772677623,175.330558580326,27.650076486973585,1
164.7083855168579,152.71035224394365,1.344029946063886,0
224.50578313013392,196.83272198035203,29.024973872746344,0
187.30387137827125,143.6357410861807,28.471105707705686,0
438.86825468322775,167.85367185911713,29.39917300891316,1
408.7507870505603,164.4697742554296,9.34507640775933,0
157.98194479491582,91.35752380222463,26.442020898299354,0
240.97946608314982,77.1362814750072,25.37869650014396,1
238.20273235440195,199.33148318237505,2.23893449161891,0
410.3626322630938,168.27643900494678,18.42083701439413,0
240.6414643256205,129.52400343465905,14.950799502764834,0
460.94834062537655,69.41560539436497,13.008742867319214,1
367.0249010210639,165.48271432599566,9.132888272754492,0
351.7162270572503,186.94735934214768,6.431238273583256,0
262.2905229882996,127.31943458655186,3.99397482196994,0
404.3767937192143,198.99354202159344,2.5534237064172385,0
220.2207251763411,84.99709187684635,26.17783278520532,0
112.16199641824494,81.64383855790456,21.00137364603773,0
470.7443960220856,174.71366657463278,19.8047380356794,1
464.7320654656231,104.55876024843751,17.35001113416554,1
442.87328302693436,74.18980918551269,2.8198771211368707,1
337.04017878386475,131.14497616332204,5.06796694886164,0
432.44670558781576,155.93492695550037,25.17804680995241,1
276.75785728635014,93.5586418462205,20.55302243515942,0
138.37157192811912,66.08441865164232,2.923586753940235,0
243.66834305857896,153.04216374771875,21.89579805036666,0
228.40246397902848,134.52125435119922,4.706094462665517,0
482.41940274294427,101.58820649668947,8.050188727343109,1
349.2159215246379,52.60022488384141,6.934415502790874,1
342.88467597616443,98.32163861044403,3.63753511411074,0
438.5952268592472,130.6829471634122,2.5374133995153425,0
232.77165540218064,66.00138975508847,6.302872949911969,0
178.17497557632737,171.9823477274344,16.828171421037887,0
331.6339996600139,84.7594499864287,22.361834943061016,1
183.76095281555877,157.02375409945185,20.27111927395835,0
248.25419498176058,177.27000910396407,28.609066775821198,0
246.2373113895497,78.22288452783722,26.77520613723497,1
262.1822572221324,113.01429333207717,17.974231380751107,0
412.7782558853532,96.63958642143365,27.817823446977997,1
420.9305317769515,149.94672807104604,12.915757832699269,0
493.61263553034206,79.10287805649111,3.5556276240623745,1
263.7131009389563,123.57583171935956,6.282587599857292,0
375.736500711451,137.42614895840342,12.930650609051916,0
337.31435797468964,101.64498081146266,25.383391675849463,1
297.9232649623646,181.81269592623138,27.80983585429527,0
469.6250499494989,145.1260038986756,24.945882612070996,1
128.6736861167688,120.38561395025576,4.90486331979248,0
206.23558553724808,52.34842214437418,3.1309788000175898,0
193.04877512526124,137.27869858122614,14.388253708594156,0
379.4331117968612,175.2224951600041,29.995824186244285,0
398.60333327478537,94.74964534738793,19.939704218453564,1
160.97756327315665,133.30770718891904,26.337714055457933,0
418.2862044212737,172.59988904349515,3.066932906788065,0
235.5991004085701,160.48743701904803,7.086240038715185,0
134.43573390819412,157.85622766036954,6.283393483845243,0
402.8059360227285,179.09169971043264,13.838738649141588,0
291.18886805596173,121.04748531539984,22.379630681073397,0
156.28940787877656,106.03056226843458,18.202116329734743,0
308.05143917779577,163.30497954478122,26.63074218320772,0
474.49271163750507,188.07959090333358,23.266079449253485,1
110.46692466897431,165.79401144225037,5.211612654759676,0
421.00209453436037,144.36557316582355,3.065324639338027,0
342.89676602458945,58.952115471321164,4.662651664564684,1
379.4705242024502,166.61711908013098,17.091944226468563,0
387.6304188544721,93.88052316069823,3.2422944906739364,1
163.43610677429467,127.11617841791406,10.60674036042833,0
439.8010300722674,75.16511918484395,28.42528105659536,1
429.23988517198694,193.83761633777056,3.0835796870542658,0
203.41299850772657,107.89901932805844,3.6888215702315574,0
208.91974377300664,156.69676087121624,18.464712854732422,0
232.07776550497368,68.49534960779597,18.41869073714577,0
110.54433043028973,150.66882954913052,21.19866711792679,0
495.65968775230044,92.09326079977899,16.553635549041612,1
328.0395727414169,73.23678354181135,7.741029696408471,1
311.6523559954485,105.0777828129997,12.739458467236465,0
248.06602798501882,197.11506287573306,26.79548283393894,0
337.531467876589,100.93560449022408,6.111112093637263,0
441.1790077237781,68.5339845888897,7.054715058088073,1
209.15828858783243,119.50038780267491,5.584224045069295,0
323.58075125575647,126.1371718429402,11.850934394270922,0
293.3063136545402,87.60913876899863,24.610827957441597,1
315.4898734709494,115.06576429439731,9.271533284329578,0
156.60921145229665,137.10555769058527,10.431720773166592,0
171.8615942596238,147.74788390776664,9.794037076620832,0
463.3291745280786,171.3202183832459,25.794531747730474,1
110.69467200752979,75.35953023527944,6.058831295997357,0
499.18676988581404,199.73195349208322,2.428246996642293,0
255.56411221448764,112.09506440236768,11.562383329402678,0
402.48157336211426,86.20851955430695,1.110705039072898,1
240.3926181124024,77.53294561065799,20.427584895427966,0
217.63085859554542,64.46687708054891,21.151764596460318,0
103.07660515333494,66.86243978222969,15.698826050295246,0
252.80157061976755,174.05662314243574,23.87473679521114,0
434.31585908299,107.05242599577207,5.69755263174427,1
354.70713129912684,50.31772884838811,4.796754478914388,1
330.06850148742217,67.45806745492479,14.441209060989985,1
391.68876936713036,174.80594082926848,26.1966172268186,0
420.74252540943064,188.28360756551854,19.125145154828473,0
279.8708595817114,189.21436898180633,22.701823145000006,0
437.6935240831739,117.95307695411408,2.8945538258690746,1
122.68300328216304,54.37457415958817,26.720159554604805,0
464.8098138705969,177.54016545467886,29.276582785881217,1
461.9119129455927,97.32069152470751,12.308061263842612,1
450.92980222298553,190.3940246172184,13.93228654131809,0
158.48660018701773,109.02582058992223,3.687451927667888,0
190.62004447396293,84.47622975901336,19.254627375026764,0
216.3428283391816,112.22648284477407,7.977351984965049,0
285.1991643466162,104.89173949196356,6.8098636183826144,0
191.29914241469248,196.23067255206666,5.281158938282921,0
148.72683514986474,195.02133719572038,8.308344230674429,0
412.8437827419022,54.73211062451847,14.53006236947724,1
239.76965580053516,62.04088261196449,23.294672385822313,1
405.9435498477902,73.97813623438928,28.22568521587173,1
222.75471794206425,102.31298107177136,18.528814751122194,0
491.50573827131853,100.64073994812603,23.48165018747437,1
329.30541501878344,109.22080155652449,5.69695707677687,0
333.27994271989536,196.99657608497458,8.301692672248905,0
348.59151166297136,195.5525869297173,11.179664407102795,0
315.70528462786046,95.75065341570657,11.22370317766923,0
195.0165818782416,96.82641665532626,25.70599818951721,0
127.98588799586139,87.47399598709737,9.676689492390135,0
130.7815273495454,101.0232673565776,27.2106318421244,0
107.20823629689629,107.0966034020759,28.360564986106876,0
406.42289110043396,197.27634664011038,25.59023234966985,0
395.4098164379586,142.15830539840545,4.016866753850959,0
144.41089171338479,87.3330508074375,14.23502233142287,0
139.52232281313903,199.4729242456924,5.240441119935411,0
473.7984366039337,135.52453194417572,10.430199358879626,1
499.7320535137108,137.14415815387315,2.7124061929229777,1
231.30489932672833,129.08012707545174,11.639662034325859,0
358.14937388650054,181.2882796431524,28.85668240832599,0
497.50388014439966,178.03792170281938,2.514904043406523,0
478.3868150471271,57.007315555651665,14.61488006735992,1
435.50068744180226,183.15994426388264,26.515103767477992,1
322.6058115149913,149.31209579348962,17.288747146103482,0
328.76548643903345,88.92441768712513,1.7473404361808549,0
484.80636288204687,71.80384312351572,4.243503619270058,1
253.30292000542275,130.05650037421503,1.8865658562507786,0
494.3188064265496,107.37195801122085,29.391526484693824,1
337.5876995204249,125.70076049280692,3.9364356367624587,0
488.52697720839615,79.97476056736568,10.575701637166041,1
188.88520395730546,154.99726992707127,18.36730999405711,0
294.7461037244493,94.4772922983823,18.97486494018174,1
156.75446745916113,59.011928395391564,27.94509958242643,0
222.7903934923379,171.84286696140668,29.194528852392416,0
224.0905648559499,140.27632302458636,3.190416364979095,0
107.40203253769084,156.86239227476247,6.391321877633967,0
169.48052694483474,73.07897672006034,19.12680536991446,0
401.86802442095353,106.5270826861337,5.327903672990147,1
440.648723248745,111.77997467395846,9.668268119120627,1
217.4590809749218,186.53889849511881,3.960914377646112,0
481.4451369547746,199.47910605581765,18.88538762356985,0
259.5680125327433,105.75010608507716,14.619127475139882,0
425.7535107482396,166.39586361500562,5.260049520965636,0
400.7636584492603,173.71509266706667,20.002419082557722,0
107.41452567972107,158.15919304524567,5.577186243966082,0
269.29891195877985,164.51765186588472,15.341869390664986,0
120.08767534830622,113.72813280027108,1.6175377916360205,0
334.0972942965745,152.75090027020613,18.91798040511444,0
271.67705215991214,84.91916715244653,28.523585585298992,1
172.5738000065379,110.98899745078211,7.539450512210268,0
391.19514252203476,64.38741273364684,29.687997792886076,1
394.99712664384833,145.0237452044929,20.70959471412375,1
467.59058163127685,68.71460424581548,8.87278265729859,1
101.114380260515,98.791180208453,21.91675254214946,0
174.20349920839354,74.31390014896738,2.032559107293101,0
148.3397307784029,182.36222244447185,17.09547224152843,0
493.83427378783534,61.35628637157339,10.925684695776106,1
248.8670894328467,56.545215053097294,27.11893900258665,1
409.95525989116356,178.00257748999815,10.211979505369069,0
101.82261574492051,161.5202229420998,25.903728183362343,0
321.0345635874059,130.9391793569208,8.64078840357341,0
406.36130326277663,162.07675087841358,3.173884381272954,0
220.75096494744002,121.64697333387646,2.5429484792062187,0
255.58088578141215,74.04764943523844,29.235869902866735,1
383.22259439010594,104.32612426203461,1.3693508109180508,0
230.6788772126125,121.78942169443985,1.939341962013018,0
208.49426548868797,171.42619582397538,14.619355197964628,0
238.07904329583005,172.146300436788,7.351026471105053,0
364.3179841885259,76.05892129199239,3.425615457151129,1
166.79755210232764,91.8693612335555,24.734681830731894,0
183.99061272868292,80.73459202428737,13.388841907052319,0
293.2941396929285,78.91452430420904,16.940621051078217,1
229.4887210667802,136.81678199822403,15.218492551406289,0
291.7313835365163,173.62440308429944,11.408641727279765,0
488.2389559658113,84.69374744378064,6.241377405132291,1
308.83374267037016,90.63346213221023,20.80183948387581,1
309.2147322682077,161.0641610910767,8.985983039241464,0
429.4380435272833,60.267652908835245,29.922153757665683,1
457.94037636683424,76.43084519695014,12.65461686247368,1
456.6553703104634,64.33709325864942,14.92272497036292,1
308.5743225745766,61.7992589305632,8.052975386420497,1
383.27903718168625,183.8424420611181,28.162230958585486,0
128.63392277703412,113.55574122465673,18.02255742097112,0
407.91365548609974,114.45415011304532,18.99132513433664,1
112.60619594831746,59.99866996306544,6.501658469553757,0
292.3888809306894,195.43380609216447,27.63785560579343,0
206.37893134475905,140.81327964419597,4.784843800414588,0
201.91971803457602,68.37797537872882,3.37808421966654,0
158.70910744847396,73.13173209325473,28.853758157284904,0
374.21447089706805,192.97495352285154,3.845546789371251,0
261.6908602276328,142.87322963805744,5.9022302028103155,0
325.46676066799455,61.47828050207702,19.60005711765532,1
261.46379971117585,100.95057562208702,7.256066131187028,0
144.98458973566102,81.51779045399216,2.9959371461671185,0
452.7052873830105,174.61145821774562,14.103938425819052,0
383.91728690290495,172.16105798667465,9.372135405307096,0
142.82951822691535,61.65493275742919,18.569729815714197,0
268.45739400324567,84.20646341723642,7.18866625884044,0
222.6964977314858,145.85216971914133,24.28111832571603,0
104.11936884690918,173.75637747104426,11.420419609938332,0
473.08935630005914,65.83254697998257,11.82228415245582,1
317.1998007264989,195.30038986622387,14.675479679319656,0
348.51147783801326,92.68101003972059,26.097551049678003,1
252.78804498902792,51.925259916067006,3.368046775263128,0
153.4985237747277,183.5085451704806,18.780683814122895,0
245.29837908260416,70.88251392080414,8.775547868173444,0
358.8867292001847,65.95716985262251,26.585137579888553,1
473.4153570629837,186.0417553248721,13.361325074068196,0
407.7248158639465,125.0833521966606,9.836912386455257,1
169.67229197839225,120.30447550826925,29.82338126778367,0
471.72381844120906,124.26885688954475,20.143901960707232,1
435.3082713031048,67.15240211966794,19.108677539900604,1
175.33509490596543,117.4959346311986,7.692474649882434,0
323.29984345911015,106.39318649689827,1.6171886383688752,0
220.31831229989058,153.4288844316277,16.76563965867122,0
447.5152367785615,57.227731341420174,16.52097038912035,1
327.8690150900547,140.4381157879406,1.6850001797395202,0
254.3359201029743,114.6377760923684,21.206754746338355,0
206.62110924790906,104.82465924114292,16.469983648558248,0
461.934685261596,179.4804596448562,18.037663797761155,0
428.07219567094666,147.96641042709345,10.998199606973033,0
389.0144676940586,64.57305839934719,4.12048796245797,1
281.84253526450135,177.596885014951,4.109362454590802,0
276.691545595967,154.0832604231876,9.450055722202965,0
285.6076634116686,66.23970234913583,27.6710814954135,1
330.74605065012474,170.4421657474216,17.272927765081864,0
499.3453192982007,154.50790274425987,5.214318248189036,1
165.1616325380392,94.0513064714473,7.997553717630478,0
325.8216659755182,92.54027228258477,11.449242780671412,0
292.8404856723582,52.70821127153767,3.082153748892714,1
380.8620734798365,195.6363573303075,2.3256381163316147,0
145.3187315761852,92.88234738200836,29.118121477098832,0
285.9568921776728,69.34430610945661,20.3801387422309,1
185.71978412280927,142.58938457714302,2.343154060097948,0
394.626781653524,131.18158188696927,9.516213851381082,0
292.97718071895986,108.03232920814372,6.597578346067601,0
480.6653578652786,134.52528246993677,5.330421097950784,1
260.3849635799884,183.77848165823244,4.078242423773635,0
244.46036529746183,138.4650619740731,2.865971907264107,0
259.12416782841893,138.6883324564933,16.669696681424412,0
133.65231005195554,61.560192466144045,27.152577760628553,0
315.32226781080203,125.62891137921329,6.671797593913401,0
292.68812297486267,121.55710353348519,9.890892834546719,0
247.44931608052175,100.29942037020476,29.339521563559277,0
209.8358939862892,103.01080671292348,21.44542642990048,0
191.27317988556797,63.07234656390466,4.399720343417309,0
297.86071212752285,143.9641669504652,4.173932140754801,0
214.2243651473731,163.88954627982062,29.80019115881103,0
238.6806801488613,134.40592420226136,4.313802598500923,0
200.58875710574733,140.99489254744012,3.5913414581290164,0
181.82695976164266,196.9664860892828,2.0766483120928294,0
164.45815390437315,198.3941068683445,15.348999033078615,0
238.21751652766912,118.48328261304043,4.90094990968094,0
444.64518088286223,193.64107422331105,25.462208964773748,0
259.945499124127,109.37231352860772,24.15251349095379,0
115.35869834977505,168.5790478904696,7.449142447139784,0
373.2975247089712,143.44905028364056,22.851753923945328,1
437.36631956380654,109.08717653584628,12.705791235850118,1
477.53614425495647,69.67585839778356,28.746140122026475,1
261.3117013655964,118.4032042139799,28.79203207719798,0
434.6222389235268,136.23223440777355,1.7502376985646875,0
275.41055224322207,165.8559441148794,1.2686020533786748,0
135.97308190671683,199.7139230646922,21.928304682843066,0
260.0314616887837,59.62161192412387,29.869520844272753,1
343.69852753913784,165.6180065256106,25.712369058963912,0
492.353222910743,186.92818389207326,11.112640669768338,0
493.6512029676985,97.22393894757039,6.520442196749923,1
159.53253608955143,50.17284238697745,27.6922208985884,0
363.82309789792566,62.27681569844597,25.86854484104257,1
270.923731214593,55.098580687812095,6.801757645898057,0
334.9308221336562,141.83598493049834,14.7877889440157,0
304.46101835128906,51.593159754916556,8.348100876682441,1
112.80065771867478,50.007012516290914,1.1329506621585783,0
299.35827761676717,184.8003152540377,2.008110573365369,0
318.2309712828848,84.55193592851084,19.519446621113424,1
154.22764982649065,139.3765027353428,12.270463335100448,0
290.5935714456201,144.28012833198804,26.55428116922163,0
322.3498319554789,87.88985612377363,16.519407839666513,1
333.53688104235266,167.8321655836773,22.42734143939771,0
189.6082714878424,157.19824580397477,15.807893316153272,0
202.24589285368788,157.12869549117255,9.760222757425552,0
499.4519545060652,195.89162401124727,15.048758589613676,0
441.0049787472017,178.21756733262418,21.29348867714702,0
417.8902681207232,83.0758060737837,7.875935385420459,1
430.6663471233159,92.99756831466726,11.733971560367713,1
313.0473750392297,170.555189795764,2.4037840558609456,0
125.35846305606309,55.21998082172039,3.119034022113869,0
199.08720748242064,186.87246324342993,5.980092949810559,0
487.5129289605291,90.42987038689094,12.595319501787756,1
491.46948813796337,104.43394122442135,16.602677861653248,1
472.961800178146,57.595640762246106,25.53737877465769,1
400.3022595964485,81.07060707993145,23.2353174855662,1
345.88104868715294,167.01240077418436,20.209867432357143,0
479.6351216431561,85.15972387725486,29.713493156196275,1
267.44957410383927,78.85401651819193,24.13646364015958,1
208.5610786135108,85.60898146398077,16.625346675840337,0
363.3517885844941,88.2636811785998,15.492202003670165,1
353.1002058315538,123.4489089322634,25.083047692183925,1
339.1235077261192,100.39529984973638,6.565159797386381,0
498.60727265272715,180.37074390155001,15.982447772573138,1
222.81294341439053,182.76041572713027,23.78522972697885,0
119.11034499158428,58.44047203552421,3.73259362798804,0
416.55718434549465,175.45756444743412,23.39807596809108,0
405.7540319302277,80.78940838070737,26.623088906423817,1
405.0017422888801,160.42885998951374,23.19226830394586,1
466.99412684546087,68.87088939645945,14.913181051795517,1
275.43342242035936,106.74261878625198,27.010296336028063,0
364.98926142874274,59.24737006693251,16.738995403238285,1
122.28847173326423,140.53653626703885,7.001156391046632,0
246.84364457087557,161.20985499520208,24.48568321266545,0
259.1932273318313,166.9693484908066,17.587610706711654,0
254.10300801068195,185.34297218480916,18.456057163156213,0
497.4367706716154,142.4838274565881,28.982066340821714,1
339.0162622749331,173.7011359134136,27.131479730445793,0
100.47968064987623,134.57227636576877,1.624389319435362,0
488.1348894504959,183.14688950302224,28.826625589418,1
240.30546545950506,88.58167110480507,18.367613507359803,0
239.20361678585053,75.52852055159157,1.1854193584999098,0
314.2109530906064,197.14103181229697,1.871723264663714,0
307.42991567582436,191.18496435565189,18.541752372959376,0
306.2146430061654,95.80196227234602,25.3576751867762,1
350.7520199446336,79.23148452851909,12.440699716523286,1
413.02379620815503,78.00180584911756,28.835681121626614,1
463.7700957046709,125.54616377558465,6.136662337744704,1
390.10759667133226,105.6832992558881,23.61953420325794,1
394.17147202794445,141.54179678035524,6.652592729361789,0
353.14444349084226,182.53746430561435,8.914327231450937,0
299.9427107568696,158.563971934164,12.811199343435817,0
417.84500362537676,164.40227406277,20.22060903300238,0
410.8048085026694,174.56500394097182,7.78255686981375,0
314.3088742424653,91.59753464197907,9.31505199381124,0
483.7018763290336,65.82474202410714,28.146811761365928,1
190.3118189755935,148.18860240407722,23.03475396705147,0
311.2648325714303,63.71206612224786,4.654283183397023,1
160.91866851916848,117.22271218775224,3.664607779666534,0
357.6540676758247,130.55079355696017,15.14591325764982,0
221.73789921502416,127.87048974597974,7.593176765660448,0
483.90174531781105,184.79807057349677,29.61143470389012,1
151.3982924689775,88.35808888729997,4.0134439467158,0
141.48365856297892,185.07965783269793,23.042010717695135,0
288.3296479064653,133.9405266448006,2.22277043935007,0
239.35038599150698,136.92719996796382,5.495915067458791,0
347.593746595331,104.95699427127772,8.429870189426477,0
392.9751413703082,88.92737834108149,8.104119162946077,1
418.58326856530743,152.75449387934964,26.52551996555037,1
309.94407252956876,95.33454493001138,2.8697310470763666,0
113.87469746487162,88.90688534417379,13.044910315479816,0
236.05362385733773,69.01490951163575,6.082002032698334,0
426.2622303025179,159.9131837181962,20.199074637429998,1
466.11745041082173,187.68178579892816,18.730171718487707,0
146.99088920173415,181.4748303409947,10.190904991738094,0
166.6124799132234,179.5352264014776,23.98693745249755,0
495.01163725661684,54.83572543674436,9.733222836319937,1
112.65407331959211,195.51672648144051,1.4186277871763386,0
297.7128214707287,156.83227103207224,16.755016624326508,0
355.5465032616528,161.83063034296453,14.827538511987942,0
434.43001869610146,140.50901824460902,17.3314603968273,1
156.97396237732394,133.64204220390116,8.619780210090521,0
261.5934568412936,130.80503315972157,23.66041114721566,0
384.6144304567001,174.06615130132167,3.362468873311488,0
339.74536271669206,132.56769704119233,24.600540229313946,0
275.56285448564256,161.02618083958583,28.568429449880572,0
262.66592782948015,87.74643421458164,4.1207022421492825,0
156.32266151660858,162.29616300897317,19.743252875167457,0
259.87255151347813,183.32498512779932,13.107162468460979,0
304.9869082186591,158.98625556412875,15.288328431622212,0
184.50337617191553,159.6330311336146,23.27723924156228,0
371.59443848019106,92.34583017636568,21.831144973480004,1
134.2696301389645,194.29969375993343,18.571879822197733,0
385.08926669593586,179.68147929361507,17.127891102871395,0
253.15433301257445,141.51994281965872,20.180547428119677,0
486.81886690070553,128.54085881343656,16.180930666087,1
345.89697081835584,146.0789639047556,13.896030608695984,0
279.7071685423071,165.37889913473853,9.61928011405439,0
318.86208589513086,168.71606525394424,26.201633672004267,0
241.33215091230454,77.22864733593191,15.65433138745405,0
441.9356693720423,163.59087784110446,4.338692634669876,0
316.27612281264095,123.10676062696498,22.578104856556614,0
102.44751705229045,148.0537469243128,12.320438595026989,0
458.9483950900933,138.60766274806355,21.374571635161924,1
255.46012773644864,124.56933218242095,7.849879714438831,0
248.5747839890715,116.50540855049441,5.447682756637697,0
333.7444677018939,101.55739874943319,13.852084883134323,0
421.8864035261075,172.7310120854744,19.190330115585578,0
382.20324123304044,166.85556683714287,23.26327821503687,0
452.57639443026727,57.17750809305582,26.568268656018727,1
142.62419520342598,154.59228733955126,29.36291469439317,0
203.49414319528438,88.98765878719121,27.40876261623561,0
125.22810527830362,171.7040781715275,23.028129992673605,0
447.7346667284352,145.66867967195373,16.94617413357782,1
260.7063127255627,117.50753117405745,23.88861348840203,0
260.4887554261786,116.35904781055238,24.93471915480958,0
377.4618503403022,196.26067898914596,3.8592387318953607,0
480.7906959035407,149.7917561455125,6.630367619091514,1
499.77870918933456,119.38761931685178,4.82606632674895,1
215.17346895154265,90.26306122392391,20.441683969323915,0
394.55797990661125,88.14183049603051,2.246038380391084,1
243.49546118346274,161.26554111873685,3.8383370348200705,0
248.03604407169092,155.37416425860283,19.629190051764265,0
472.19294131175405,78.92659446776375,13.428469727488038,1
166.21494646660705,182.17883940242,21.51942716822951,0
426.2202399466427,148.32206009929104,17.522296094135694,1
114.22792240039841,112.70164093738266,20.178020656395095,0
369.8966403619111,196.19937011736548,21.04520810274626,0
414.0952452056077,80.14088766415351,7.496441887673503,1
281.6340458799184,90.5918635106623,29.71529276961369,1
159.02988190264858,56.79339326073198,13.99492007339179,0
320.8595085073491,116.03765331139027,25.57242420595208,1
192.2035949079652,176.16886285307874,29.307357036411886,0
426.47885000042965,57.391120976158234,22.732766838784677,1
212.22478809916936,81.40302076342641,9.674601064839825,0
192.13887835507526,79.44903675381354,10.650209957706556,0
428.9722073829046,127.04935095686781,18.1904084217213,1
488.3724642620118,83.4301068817179,7.703791226995275,1
169.80785097871794,178.29119008212734,19.57990976688761,0
342.92607178927744,86.88119648611965,18.469082206825146,1
141.81774481958809,163.53013393323056,28.894914670775034,0
236.81946611191634,126.83460237365283,9.282900244811506,0
161.15919025653506,78.43146457457696,3.724709600652001,0
338.11933750991875,188.11417630014446,13.117262639657442,0
484.84925824094756,132.03975850197554,17.713017980346862,1
198.85511262405868,138.1439298327166,9.968739639315174,0
385.59612092892365,140.75796213460399,16.037264672179973,0
174.34482442700858,97.38376596797855,29.263491583023683,0
203.48443623125618,192.38415485542387,12.111201879199712,0
212.27717227335373,69.02806337051959,5.903868867535175,0
189.91635273065083,102.38804330394163,9.081273427574772,0
453.1379898487388,166.62674441121158,2.487478586153699,0
233.10971389719236,57.41941950267031,21.480738687978054,1
206.2577869365036,171.6027729056351,9.237423414275277,0
346.1869349670641,143.21273378936039,25.004214281329812,0
388.2527046178443,152.82903648235379,13.764228966356582,0
233.07406106430201,114.45561704867256,27.776496043184473,0
160.45992472119582,50.400995755351296,1.0006237976023797,0
205.30999091582123,192.75200288279615,10.7049740098235,0
259.5425767718441,146.63127773357968,25.901910851549715,0
207.71544987847295,81.96373356580325,22.13458265247247,0
476.6146362060074,111.7605466038502,22.267116238841563,1
113.18961118148509,162.2599382513967,19.378315371799808,0
348.57499379435944,130.8600550489749,14.692748556744924,0
223.84049881103988,180.53236038390347,21.93341407434489,0
293.6619711749556,125.04841215793942,3.576707003682349,0
156.4347144339054,98.82554234700476,21.243300668913186,0
458.27163168016875,156.20772664654987,26.396973044703664,1
262.97591239636586,133.31638125635098,5.913109645240196,0
137.06434919203878,139.86786720039504,20.065001535970588,0
440.77283709749355,175.8289116129465,13.517798434461037,0
480.40508369169913,100.30850626257325,18.01175937899092,1
405.1893683446923,111.53801079577977,6.9720910818758,1
108.30094516555664,118.9361093165876,1.0276472404449573,0
288.2404370543435,74.16095455344615,16.185068224221347,1
464.18225760860435,115.61962724334269,1.5593760696847654,1
309.90739143959814,192.30240355916263,21.403169891511133,0
325.93060516898686,185.21213962340167,2.5045191485109566,0
366.0242039748274,52.413704342260054,12.697408127363108,1
343.9226192090384,138.85407535217723,9.986969350274757,0
420.681504067353,95.36352247702006,8.941560867331173,1
102.31346878907384,76.33242520035168,23.01343246320686,0
169.4034249003284,52.091797490777324,4.922816121203315,0
243.40284565001178,60.22430085612972,20.933488697651125,1
320.68266352503304,170.71769532780482,21.76946203705558,0
149.6573607253535,150.578144512489,21.407050228451013,0
390.3288988037386,148.35549520882,19.956354267123267,0
367.48905146118716,72.92050711580279,13.683576612654607,1
344.73897403646765,141.80761428269977,14.49642615200863,0
225.88681339970952,72.35459422525493,22.08207134127314,0
122.84264512931777,191.50384673689524,29.20388780704217,0
412.26885518548215,84.21855571247387,21.467046781052286,1
279.07732713224357,117.67753883635639,24.888358252889045,0
387.91552827167925,121.35092007196423,15.427996097931965,1
473.2896650891318,147.4703047770014,23.1415773315549,1
265.2103311166824,169.19633346818665,25.816998593747137,0
154.5606382683923,52.975065553227765,10.49096400537089,0
465.49112723734567,107.67532869384974,1.6076648760712562,1
400.3102193660487,104.87103484427135,12.27396837286254,1
491.2361021194493,62.65888196064944,24.654304919382795,1
310.0039426203823,181.92047306391825,16.879400117112493,0
460.4870129591604,138.78619706267992,29.656252062148276,1
259.56119580393545,103.32950384428156,21.26134390134039,0
128.72386808287683,100.14918110751657,9.325816232962543,0
335.6809450873244,183.74282481256222,9.344295573715527,0
136.31761595757297,130.320289174033,21.343570656526808,0
158.46442276046915,122.15574937384612,17.66940855020814,0
285.1941048776405,165.0207224082469,26.614026358643123,0
465.68711752372917,131.6150953814473,14.475832468682077,1
321.03492989415315,186.71035982693593,1.2430882840419986,0
289.0905685752764,123.70795966123599,9.385950445736915,0
266.08741044057217,61.77954421542362,1.4338768703396956,0
347.6429475371224,109.09843261939304,17.920828535064846,1
198.26167854267518,60.829986163891,26.358987812687243,1
231.97573775274284,59.98867648367798,7.005099881695758,0
277.43438633962774,52.183864747274015,26.702683937665803,1
288.1322117984324,161.90945481850753,3.577928309121518,0
101.77217440897519,61.6581029594467,11.867044181383841,0
118.50685698853493,116.67070498176861,20.34443550722832,0
388.6040820423103,148.91730976865307,3.9447435162585935,0
114.86239171842855,129.0626157139112,25.652802644518726,0
369.0467724183976,70.24041475599209,21.796539406600562,1
304.05915807334634,192.07332350819752,19.603833147669135,0
403.2476587354042,55.308414780841076,7.27107508443785,1
155.97942676429312,110.32997868950848,12.927713488239247,0
440.9449147086314,156.9406155729698,24.238034788111932,1
235.003890183873,67.62136800633519,7.215824661787475,0
110.64852583674565,179.41174453879253,21.561740120472585,0
128.30796173216305,164.84140963166263,2.3057150591142035,0
440.44463549396795,159.8571295356503,11.603558424091293,0
467.6331690366937,72.00221517236864,23.224630946332184,1
280.4417563992606,165.59446904780265,17.278854986569424,0
448.2026470783478,139.98630627479653,10.232029119975461,1
461.10986597288843,196.4347807495682,24.470116746967257,0
112.83753749595031,188.49397427943688,1.0636193267874297,0
273.24284873782693,199.13280994456576,20.810762960339215,0
146.16642737212823,197.76961645082363,9.956396537135854,0
144.56336591073438,98.27878401202278,26.117122583458833,0
322.01633436511673,110.86483248007939,17.823911077579275,0
302.4960001647489,147.14196318631156,14.356650638980595,0
393.604505921132,81.77211381574959,26.038060360983202,1
267.6956361569904,185.70655528002376,19.429884941061605,0
374.81795796692467,103.63778784528162,19.58187240919029,1
182.62687259175664,54.58024629620033,16.719821662676356,0
358.92662719971736,182.20617337575115,23.015657161061252,0
181.84278885625855,55.83743666143307,20.259936371033966,0
233.8797611126029,165.07867359219716,22.714438413038717,0
186.53975693166518,159.21852822460878,12.69068130856035,0
200.9633966475011,175.0577892618364,4.994754832883306,0
493.91608390234836,169.3841776637862,23.352202648068292,1
147.73502110276235,80.7843184317382,14.341439297234666,0
387.7587856814491,167.47598404069612,16.347504101640034,0
256.9514349512922,79.05795780563413,7.370194530156661,0
249.79693927681234,152.18995244399395,18.46098300139745,0
196.9457444736958,121.20547443298231,29.63913595070585,0
227.10330459851815,131.16338809628195,16.562684126777086,0
493.0585115696067,50.50519340939483,3.686831521812941,1
182.86016709254727,173.92881849075295,17.18735457154216,0
171.03875180705882,55.818469966584274,27.861683655609145,0
456.9613412357244,188.03923346067646,10.051233529049933,0
216.24486129749587,136.61817910929284,28.817090303136837,0
280.0465496707096,173.49878300779636,7.727496548488485,0
287.86124285477626,198.22005388416258,28.139496587684445,0
143.8243594944707,116.32594791711989,24.905881411288213,0
175.32114700235718,182.17279345885825,18.887754171834317,0
213.87383699088028,70.64490300696713,27.89096057362975,1
435.5399524829036,62.931914314908816,19.348367564080934,1
394.9421436080703,119.74447151318607,3.8154674969565754,0
304.1478316552049,119.43703349854847,4.209326690988778,0
387.83890067981906,199.46723071421158,4.9206329568980385,0
325.3103206511664,62.671271831499354,29.92675113275831,1
367.9542290078224,189.61420275966168,18.18798257560517,0
202.24546165362375,166.1104633097134,11.94582277700793,0
297.9318168030897,198.05341254164662,4.380895828436284,0
179.3961501630402,116.21814925503189,16.747562013987956,0
176.3686885918296,97.12784950592936,10.976254064830483,0
153.48502507243631,107.38155074573481,3.3592598204356596,0
139.44204689653122,107.08491023786692,10.231034205603361,0
466.3519386824999,129.83839967031898,26.021694466908702,1
142.49589901476514,179.8146310875435,15.611820416501217,0
292.70625007035267,132.35255643572367,11.072788670034571,0
359.0390108904784,188.9692341162641,25.221084367833093,0
352.26895469935243,192.57466816626584,13.762226396111238,0
341.84084259271776,82.12138799521065,5.0513294658089025,1
177.1028766875019,156.79363163213344,16.84129719951332,0
206.66972854935193,134.47746520134848,24.685709205810753,0
232.91282198772714,196.11424514371765,16.89993768454695,0
174.58733588911645,60.340392546952735,1.6125476316421778,0
395.366063892081,134.70952790996085,8.281550401210591,0
493.6885990796218,102.22454720970435,5.979397869046689,1
492.4434149918525,57.79587451014912,8.713704558980467,1
117.6024021213919,52.35695683967885,21.306090653418636,0
479.9501614470818,160.72896417380534,1.621951832957353,0
279.7784163721659,198.38693832928644,23.24354759859317,0
297.27927448781463,153.52155595648554,1.1793391327104028,0
125.21988683558675,155.88073956478206,5.109394963720435,0
422.0176365675449,53.66135629185304,9.613273966632878,1
423.64948504447176,131.22133201499537,17.45697385227128,1
473.3100509505284,157.80745450119133,5.831726053644696,0
264.15616326767315,184.52141990216762,22.258933696283528,0
162.33830029845188,52.895545748851305,20.149971352405718,0
133.2301242948151,153.42002166129498,14.972169632258549,0
287.6297717700828,90.86090591566906,29.626663937321048,1
263.5478146191884,149.10204043538795,28.019451365887143,0
445.0876933000776,83.41609667655875,11.507919672099044,1
389.3512451459983,114.44542996730922,2.7231344505954374,0
377.92944829872437,124.35539260286271,1.1845534356136898,0
164.60778402322265,174.79116349059984,22.94980679283153,0
250.30362084395028,178.58978208465604,21.62693948960543,0
254.09041602600175,123.99695545052747,7.121641388497988,0
468.9866592289606,84.19531064226663,29.831163023962258,1
391.3216678515319,190.55959946616454,6.023307426523782,0
412.81030620670305,51.6286010434947,20.259147160423794,1
142.52939030488196,86.36029122882455,12.164416692261494,0
220.61867136885076,58.81841896044545,9.917995515185911,0
279.59759998988386,171.39579613127285,25.052996659189915,0
287.95327688927375,96.98769295087415,6.057995244639602,0
390.4368918210201,103.2584311517441,5.689197481093033,1
209.52133243809027,151.83860787645705,24.766520401246073,0
417.2728507190483,173.21343715780202,22.346919805912854,0
260.02480079936595,97.1133680548363,18.840912019952558,0
242.1248889227543,164.09716109077362,8.59697678188705,0
138.12807705618084,187.40250524198524,10.078943692181829,0
366.08170051770554,141.96351498482258,7.542188020730083,0
402.2834827916611,127.22671029286991,7.062451270546747,0
439.49654222983384,165.23834746769415,17.69528349378514,0
413.79320801322484,149.6047556390734,23.259384768015035,1
409.01693983056254,136.15818766282644,11.676813236685392,0
480.252870997126,167.60397405412846,17.16805781333899,1
167.11447104398286,129.99879238094917,19.193128682341325,0
440.0583732908703,111.04791123356112,28.99129518500928,1
194.39046385623175,165.1659041900528,9.89150404464454,0
153.8590143693839,131.2263658165403,25.749537550788762,0
464.89424936303146,124.86911321590196,8.496106259305789,1
418.03920817987495,147.05076337175083,15.541821763769926,1
391.2094664643743,194.7997383511186,26.344400430538464,0
499.08181168654795,197.70714353788549,28.81136678429005,1
171.78475625324702,166.1492838071731,6.368437138058659,0
218.80432714058813,103.18172450770822,26.216588083118094,0
170.95759720944898,113.4785128931544,15.382644559348424,0
261.6250672333932,174.68281356007668,12.484490360380736,0
280.421007104396,132.62156715140904,2.866485920456274,0
353.7153087181597,166.47250969766228,21.827237603373174,0
311.04488457707026,54.52433783211963,28.084301856845016,1
287.53223140517287,90.80946785730201,3.713063143050743,0
371.0267257734687,61.60445101014142,20.467005260195606,1
324.40808234732583,96.67019734704215,13.02888672901247,0
258.2849671556229,153.79104404011014,22.00468531932196,0
147.86400035856056,192.14624995150857,1.0640920418044795,0
284.9105548499566,113.42393097914359,3.5084098429926973,0
444.62845659559605,195.48714680002385,15.469804696846785,0
117.25732462285694,186.30222173455647,29.146173421658162,0
473.9261455821858,132.6407313992891,6.926895879881466,1
369.07705361173015,96.80014487927986,13.389721689034184,1
216.49784724281255,189.25380481668537,9.532312838523305,0
219.91159325295735,188.52303231196902,16.45617438553806,0
111.88959913697718,80.1464723951273,3.125258962240568,0
161.53309715288052,160.8144059225296,19.198350247626806,0
450.61372018738643,77.82152534827262,23.29892907936407,1
307.6560211959852,108.8767180119469,28.28922274512133,1
212.54450582424232,118.04575173763354,12.416835922045932,0
240.05130618897516,184.6315131070794,27.438659357406237,0
391.1203646506817,144.05376908398006,15.028173953569693,0
396.1648256501342,162.01577298363333,22.36698930341094,0
120.97566714306258,107.61895437507327,12.315319325603864,0
267.4318514217895,75.69865966711635,26.463623714654396,1
127.3828457099954,129.90702312403118,12.102942416729034,0
386.4737144063829,92.67588880012352,22.79560185326112,1
362.64283354705736,131.7164870273,3.2130689890754898,0
251.43986993345573,103.72280651853657,16.546611388422804,0
252.9850111285012,131.75208990990885,10.254547460518713,0
330.3123042400796,68.39085291749345,10.326134190960683,1
132.54434642040832,135.25174282119366,8.440330670276957,0
135.64818097388178,57.82879702477294,6.7034456033444085,0
341.5370039561162,157.82277405712108,18.744508360954306,0
186.12021094205878,128.6541170058403,14.409836206429242,0
308.87616900324247,146.92182046626567,8.895315954056013,0
407.87490847338535,128.38791827089946,8.24666998375417,0
242.8495690232768,181.34731305211213,17.142538283300468,0
289.1071294017653,137.5672498491395,26.255716034696626,0
462.9780480277378,104.99704454454795,19.209370577619403,1
440.36873947437806,106.39225659412102,14.648783138088474,1
270.09016053005166,141.12099790271049,25.681759966475642,0
469.65213876405585,173.83568433642785,17.166611827645227,1
426.7714142060414,150.40582433591848,27.052447484292866,1
361.4261372077167,179.60357432598997,29.28143562682115,0
473.7340663795498,179.3842860257665,29.467641728471353,1
399.9697994411115,113.5441345319606,1.6704648974113439,0
263.4728184895133,105.4670749704209,18.71094651436766,0
268.8848849239958,78.27053275643672,12.948075306092914,0
411.33555610377533,97.04031443657618,16.880459914496434,1
238.89289041619003,194.32644885925717,17.169464441027607,0
206.17990008022105,109.20500891207975,15.49326897753905,0
275.6396074244595,76.45699619649338,25.796132197692657,1
114.99847323276175,56.72694001015108,22.996489878437245,0
204.92318362671594,133.93670942758172,6.020432127786835,0
293.6136945534935,67.50193305228012,25.60911099969788,1
249.3830383431341,91.77198595313325,14.290933003938584,0
357.5351583981575,63.600749038151974,24.424103429796997,1
436.5838933283047,99.04968502676778,6.255152183346994,1
470.44661572222344,116.89893802618091,23.608605126431254,1
374.6881451914758,187.88363974089046,3.0299480345996974,0
376.06368463896985,134.85163444389985,10.870753124057599,0
100.54011064606966,62.34037349605822,4.441512728785331,0
423.31191403449344,79.04446805061448,4.116245964030089,1
113.09534891877453,155.84183482419263,15.971311320606702,0
330.69853562219396,76.64470330484608,28.556232384629723,1
188.60914898752435,90.22203971072798,2.4434857798206946,0
254.11174039057033,63.85802032102267,28.993129844734142,1
342.0590144738329,107.52082984516377,4.617445422262385,0
440.2384421383098,71.4421379957445,25.543691919639006,1
381.49080099861686,90.02176532918486,6.161917877428282,1
106.59791952862739,169.98462871361545,12.497347088139122,0
268.1898151422981,55.28120178376882,26.32990869158997,1
227.2033867075125,145.968984476917,24.830715597978394,0
452.1124073470243,140.68105173180751,11.421847686350162,1
272.36643692309394,171.63590585522712,10.678356045968917,0
157.3190009524167,137.46607213954547,8.309910973859216,0
178.5378486137268,58.14053524761432,17.871824016304714,0
402.9882335360076,189.9029654134738,14.664224750832144,0
489.59909712052456,131.83667336285276,24.41481103757753,1
304.87989904761315,151.63233636525973,26.216888586318273,0
355.8474729513892,188.2689180681831,2.7944547107686573,0
481.6219072142864,159.7604991907892,19.25456227122387,1
464.72294959491256,188.00522468576082,22.047101909839473,0
463.10879076378205,99.10572444520136,19.42106113649486,1
192.4167117608115,164.0139021153101,28.35604530824049,0
296.6351178987221,188.99572327578204,17.577917726499084,0
454.0035106170006,147.95239653186087,22.367033517387792,1
285.6999787815339,140.6629602384703,15.841930303616559,0
205.96823847393438,144.68565895183065,21.05920173292346,0
304.8307014816605,85.79455017428081,27.91483488617525,1
445.80661422780094,110.57525820806035,16.736190202584343,1
412.35647282893746,61.43909967814202,18.789182526039244,1
262.9223256701484,59.78492109320398,3.82915782490568,0
189.3291340008875,175.7745349558627,19.648127459547506,0
359.42894720013845,167.11929128327995,7.944144398360256,0
291.93335690863034,121.49003751326009,6.108397353527461,0
217.29871699413428,77.25123499702724,20.406736093615514,0
203.42376773907017,149.23807786944633,28.278066036048077,0
187.15791771686025,158.0869981244207,4.421996524995232,0
150.805229950329,82.14012375518232,5.290308754915423,0
471.85678562041755,55.24916776945219,15.99504985580151,1
432.6659055013257,129.8008883556241,22.044045318905223,1
185.09259759758993,142.02695037035926,9.421282234965453,0
386.54195541315255,157.00083054927208,16.3068564134981,0
140.35698216963905,174.2259035474264,27.14864089439125,0
193.01906778174322,188.18696669343979,10.67377197149509,0
466.5587698327721,102.7358828386601,17.52959687928025,1
208.5418046680731,197.36436934728746,25.012607227506233,0
324.5992009280256,102.81624137318161,2.5583944615276737,0
234.4811574594951,118.72454424384257,6.628204702781452,0
173.99374531435123,72.38021947693267,5.607484122607054,0
319.07936803512877,187.05541400628292,22.933720667161445,0
240.49481789377566,197.8665768709318,10.1360837234562,0
157.87237280667452,124.93983840996911,6.532073297659083,0
173.71558296128384,108.93599385191021,22.023389241480665,0
289.09567750090997,92.76458053985365,13.567334717525096,0
226.07718322894726,133.28738918747467,11.113461477623312,0
257.03243202561487,73.95454007741182,1.3192276357533315,0
418.4802895730738,58.21482831175972,23.4405328165474,1
325.66178199833877,105.0306807749844,11.522569697699566,0
392.8311450669965,169.6557644746465,6.807920451855241,0
381.87631541490975,193.6543593719782,17.152089645972353,0
337.6506881464477,174.59824738051546,18.655417481735324,0
234.98938118899594,112.76208206882967,1.00479035875966,0
454.7208217088251,63.10733724531917,20.03567569486249,1
300.61767261437063,121.20299844038298,20.335593366401376,0
193.56771751078975,191.61421904078716,9.8333530800977,0
104.60520813893437,90.74767083347948,26.937250565327716,0
377.5394854327929,159.64207032784262,2.3624157989579864,0
378.26634752944767,150.0890237221123,20.784596097791976,0
209.13332283571168,165.91780225714837,10.034537825137065,0
224.65257662153016,99.95135617726355,25.014778592123005,0
189.54148741080957,135.99731307585228,18.912084836378284,0
339.6908047246399,86.60148298358149,26.94221589079903,1
207.9622505853531,118.96793474898256,25.926007513985223,0
347.83584841544666,174.64841784023713,24.332321941829292,0
397.6543178883458,91.61176545839662,27.82376256801861,1
426.44281845468174,113.82377651960653,22.061009420286588,1
162.79775673839623,175.67576213363142,16.253478674018545,0
174.26138076758792,154.58151638651586,16.29848841385338,0
200.11435873454406,64.64574449384887,14.353597885957308,0
420.6869402469528,71.33213957056327,26.23069016728683,1
168.51669239964227,119.1220824580252,24.25856615672124,0
219.4398748361179,79.99011166093331,24.419851015715512,0
436.468671967323,81.17723429517555,19.322896946074124,1
153.7136993844193,184.1249219222029,25.10699686411467,0
105.10696063410391,174.89639155329297,28.49916126417166,0
375.04792208313387,173.431511939752,27.264028816100087,0
104.2305918003251,97.00285798336225,27.39599589324941,0
397.48590174278945,153.4510083206094,15.63185347223453,0
421.7839088100245,188.65519335367853,28.248657797585622,0
343.61184656483675,74.44241316724133,15.84812432287561,1
487.7358662501067,197.73368464393715,9.101872189437916,0
115.30364609239348,172.57915151204594,3.960049058717747,0
109.69476560723774,106.12600524320987,25.631905316737445,0
206.64319824315749,85.08192645814302,12.85588774629665,0
315.31110410032505,182.6674246852707,10.85800701327473,0
350.3800947492455,121.17695521978675,22.292999681645405,1
461.3276473226856,179.0861859904947,6.606830470593279,0
497.168202376728,67.31003092930764,16.216009858051216,1
334.57590043021673,166.50655576067345,6.320921589259163,0
124.9671696886567,199.08555985192731,11.082658424270802,0
258.28081162963736,104.25456246533817,17.557727661250535,0
284.01007093318765,159.59077423511246,21.51428893577591,0
368.54754391958767,111.07652251709717,6.876413589602466,0
108.23325233711753,100.14549469203641,12.68977063356645,0
239.63626181881804,116.80006148921738,2.4461578085943296,0
464.71280763978245,195.1988745762949,1.2300511892123858,0
220.69882978524362,135.7764580328017,5.985356007136243,0
184.4077057137013,54.639270640770945,23.664561964637404,0
240.57022096539998,146.42350102326907,18.421573515547713,0
354.80626707051454,86.74415040020583,7.0731430223972644,1
433.0687145073256,141.24493081583105,27.543198320705685,1
397.06096977780834,193.63285306622208,10.394884035928758,0
497.6967587596693,151.84031493749146,4.7574287443473295,1
346.3966659516164,91.3126726297205,12.922506492880379,1
331.0930297620157,125.91907236059173,20.943954230544776,0
311.8150453112669,153.4420523244025,5.390197206808907,0
245.56382891255643,77.1449028891861,15.819852565842348,0
167.1166346383587,83.3420202878246,10.70135630886172,0
133.2602310425475,70.93977274369084,14.911327600163188,0
175.64414989013866,145.7325995137445,9.984183972005132,0
405.03048015663046,64.12276497087815,4.39040037668138,1
278.60120399912057,123.73169443879907,11.251463074132838,0
221.61177543416724,187.94743540189887,21.494104327225436,0
255.29622031412572,70.65204031207908,23.632341977360223,1
404.6525390302043,178.99268842123354,12.367296287571344,0
253.9145653158466,87.57841863170117,18.55610489147418,0
168.96123885773574,72.85711812978329,19.92996175809063,0
205.8951296430839,127.3908144185209,7.878342899007193,0
130.09043948231894,166.93957237878078,15.808882409948783,0
474.8162238354778,118.03827390476782,5.035246683845592,1
244.05445130572087,64.4387441222828,16.77409816858584,0
293.318242876855,140.33164166741886,11.8905097801663,0
119.70503971438858,86.81265996152597,2.370964535146327,0
496.45109121760026,192.9221632629491,4.1097193486730115,0
153.40912025984665,123.24943418000134,25.65632500077046,0
173.67245623063343,175.03487604396605,22.74644874226085,0
274.13541757003844,97.75402040548096,14.453312794228937,0
249.6668971221282,176.45563941595555,12.928019604696393,0
155.29838354870543,56.92130038098709,26.26531105245307,0
192.81992178948232,106.6618356774249,26.347992529894963,0
343.14382826412685,187.76581114244996,1.2316760046266162,0
330.6105230300135,107.79846235096876,25.73375393498733,1
422.08107067579766,153.73831041186693,14.101927422439017,0
468.2505589313387,163.54370621612838,26.417578050506574,1
236.97796807628166,131.34782512660985,25.385353997853816,0
381.7860920978223,136.40680659182163,17.182874573743565,0
483.84549572671557,100.1274317654144,7.20176677942314,1
125.64440499983398,142.39248372333336,8.411354263840122,0
114.92014292231386,158.1942884151821,21.66595960907641,0
196.51342521121268,52.64524580189131,9.432688499280994,0
470.5231869547955,96.52732236134028,25.886985605565254,1
259.4905208490922,181.35224824813403,12.742398992659805,0
198.72304446522682,151.69739894738177,4.620101237700535,0
446.2783533209562,111.68605530931485,10.196463326735046,1
264.077799025755,74.31483688771164,19.734750142533883,1
466.55900152438244,158.6136382959483,15.90482459935131,1
234.3210753211637,143.90242537787347,8.448732338628325,0
143.62203421976108,88.52191130602108,20.57056352586219,0
203.71109107110658,71.86719685649409,6.365552395375256,0
176.89002121231576,166.63293286456604,25.0757280094355,0
260.0810297762954,135.79756651412475,2.187106688926456,0
132.59165180833764,93.60858133437532,22.93696497291315,0
467.52377119695007,144.73348704083915,2.2261620810554263,0
493.83910266437437,105.15359146183893,22.56428477078664,1
229.17874178373668,69.98669488084262,13.136336542337029,0
481.591577094339,88.70248634380775,25.070314701966165,1
422.0675447158575,173.34036050724333,13.51683802140148,0
115.37402891764388,71.77899330446785,23.890833253221814,0
409.6487988220864,189.80688132618678,20.89237357205639,0
161.85028536574117,99.76204923616524,7.051977316229035,0
126.7298643868859,140.73477109008394,20.675649283334902,0
422.29947333068645,161.79535366575422,16.2014983036237,0
139.9513136790536,170.96614850595634,5.495403747580583,0
216.15017931771905,182.23037486691143,12.805976586509367,0
215.26018052329587,146.54922446324406,18.28067944310128,0
246.89616614444319,96.79687139384663,11.529463818251363,0
409.72047739356515,80.70506617709333,12.032906139451748,1
354.16145200629796,89.69412003461044,25.300794879343634,1
164.74518244733923,63.50682705230275,18.057750866951015,0
411.40648715316195,91.05351166041478,5.454738640345032,1
498.87677294828507,95.64330114749418,19.766447778199883,1
242.11540356837298,160.1532939032247,7.271086419187077,0
421.2950830354125,83.49759250495165,16.670961164189766,1
140.49817862022738,110.81522854004007,7.967450227460078,0
204.439270454468,143.59687284877003,14.747890218625198,0
197.0767930743466,111.55755905036486,17.880167474983157,0
167.39094351977252,92.93446465876075,25.996177956793858,0
186.45692711572184,123.09796708242659,19.95938342380741,0
229.9353745746388,194.10188127500805,24.357604594947787,0
352.4521953585071,177.9674339220597,15.714089348681927,0
110.47861095654565,127.6649386280929,5.328779324229961,0
220.61500879087407,55.26655013904816,6.39417126623116,0
156.10026600035377,185.48196658949,9.132055289505846,0
364.7268177270156,183.40189996214303,8.82672913115962,0
470.3807452300705,181.56164608415568,14.17325122885467,0
475.19434075352376,65.65169399795394,11.95484675964452,1
152.33457188499483,94.48100269855439,3.9239794227381077,0
323.5040060031133,167.6793448676409,29.8626932463643,0
167.4270485579211,71.50126892881678,23.413878484991812,0
407.9213297189966,172.5661981546796,5.545469656747248,0
350.4528781330491,149.6174245271891,11.824967430294498,0
460.81063139493364,170.1369499931811,16.79018511983985,1
418.543554860813,98.73908322429989,10.684910858215511,1
469.5967893131492,116.58526883409162,11.85169738447718,1
366.24007293431504,97.08099228969839,3.6365666759529414,0
290.73614728339214,90.60417442563717,21.765215814994374,1
287.02451658003855,65.5324712364515,4.017179131242094,0
458.04906654054116,78.93375506193975,17.035298738303077,1
308.3989410692475,84.06655004242421,18.278108446341694,1
215.91690679134456,90.96573040571059,1.6139910206271804,0
149.80836679050103,75.10203384419022,18.915786465428546,0
402.87419427983014,55.5025297038338,23.560360282196832,1
194.2065511722293,64.73251573523011,2.967825834117056,0
240.01387296581132,169.2357854723851,17.842675232040268,0
280.9894299960232,193.76855009453408,20.649968927420947,0
195.75865582456697,180.1923929699378,5.983977422726637,0
184.35770756537818,156.74543794197544,23.67362942311694,0
255.50953796109673,115.69629704893958,16.23184671505713,0
202.09018808025326,156.49201173871404,18.155315781254544,0
430.15236657367797,123.97930344010788,1.4945220279278733,0
401.07245556833027,174.9844805733898,13.808323604070097,0
254.4801685624342,162.98185030938254,4.7954236394260725,0
261.3011087710415,140.59806650782323,14.724784427258255,0
360.0226784702734,90.20886825261857,9.541367652605036,1
230.3393379696087,129.98748477930604,12.735988193801095,0
112.13611211427028,97.20578064080289,3.051490507403088,0
274.22285543707983,133.73105468805568,7.411215477410956,0
447.85889099935565,119.27185355476874,21.090590277779157,1
445.75726951100796,145.0793776217115,25.492559582692913,1
281.4935980798534,152.6116497549172,22.78292582870421,0
177.07634879112885,115.9763686073929,8.639788547548314,0
361.2549987637217,119.507207107458,22.836350587981677,1
296.0115505268444,66.60252502008494,12.053907512776062,1
381.5322138920957,73.21669505330658,6.156697546063754,1
166.59168659277805,128.21186046551296,3.482356535228072,0
322.90929230762333,104.57901774408464,23.322258665970253,1
166.77825500085407,131.0668559040518,15.82401545112445,0
314.2813052615419,119.93748691142791,26.653526164802376,1
493.8394292212723,73.02992457914013,10.774043356537842,1
234.51364129447322,198.2803095705455,25.939725831280445,0
187.52042318592163,121.65316231951728,9.46178809956126,0
270.9962792646968,117.52915968055906,19.50063344010563,0
489.1157512100206,54.93072473335072,8.679785184501233,1
373.6304865277955,63.65734204810583,19.597911546451858,1
382.55324434596656,110.20650130468741,10.36639030137466,1
431.2052294062432,150.7652335017542,6.250353440953273,0
332.92882683338877,91.6444227183952,25.727256427995012,1
435.71728583995633,167.60162627427485,12.92570022003007,0
265.2149778040895,145.58070163010484,21.364395859001903,0
449.74622604229296,165.51090944718862,7.287864554303224,0
406.94199973754735,121.16985910163162,15.54243734387889,1
251.2154505651377,195.36359000747865,29.51863175861579,0
230.01381820307557,122.1439437380708,26.449657601713053,0
117.52807440908413,98.19016326717933,26.98374511581519,0
166.14265095385775,157.00191983079753,19.313396456819792,0
215.66506915465254,132.60501557828945,8.33796653519422,0
185.6266204526373,102.80689278692866,18.782041277402627,0
448.6583682068303,61.33830518127462,20.437682617469257,1
249.37727566881458,165.4732073766535,26.232570209130568,0
342.5331896956211,62.54271740416691,22.917879167953178,1
239.7903900816584,111.72611830919612,29.42724317995054,0
446.64202178254186,189.0565028523286,8.265307573059657,0
201.49976994054325,55.64105117620929,7.822633473977935,0
376.9611551106878,162.6726798811241,29.164165296851415,0
160.87903530769614,65.20268100418421,9.076095047495162,0
495.6175289513694,155.8322166212693,11.646653891186167,1
286.0814640602502,135.48823209438012,10.237649462247857,0
442.69952638893415,94.39645620965689,15.800702415732495,1
303.24766636074867,137.27350889289028,28.429984204094072,0
499.8283942338715,94.70861056524305,29.52124993567548,1
211.94311986409886,159.8233094065904,17.7306250041273,0
365.7935032931813,123.7753565185584,27.73503100571345,1
246.33573294744014,172.2073070314072,17.75703370985167,0
433.47331889698523,179.3089921329487,6.478505347607389,0
229.57633795109845,87.73817602308577,2.7424580465194164,0
414.3033175479355,75.18128003122024,8.317011841574601,1
263.2637319673777,84.81621600908093,10.535209113242525,0
389.58369581763804,94.3929111876753,23.489109542387403,1
121.5640766482438,172.67111494785564,10.701951491529188,0
211.2954485172897,88.28577831899341,20.743598623831325,0
390.5991501465159,69.69928099183909,29.00641171675119,1
113.84104848323547,108.41658842481831,10.823357538306967,0
104.18098478145703,184.65473221793246,18.11585073591337,0
421.14360531521095,134.04063795464182,7.999287695623291,0
124.18742191459735,170.87811846270048,25.661309866662602,0
492.39421188659594,95.76003083012677,23.404463216106613,1
455.07516386760864,189.14963689557624,13.895592805216834,0
196.3907348555887,96.66372005518934,21.132429833277566,0
480.69351859254465,147.37319630150319,13.400919888579574,1
468.710070746099,91.22517128826797,29.96988357760188,1
455.5616136997041,151.63787935775662,29.18706624856326,1
447.55493770271676,53.106424360123455,15.963751447162313,1
138.83770351759995,164.10683798735042,23.705022507204422,0
427.7768213524647,183.20822139601353,17.077395359787978,0
413.8404653722646,54.34649117369038,22.72704602108659,1
131.8961479182533,169.7761392278108,17.95825888473173,0
475.7546324326568,178.4873571652409,12.010132678232585,0
359.81492697204686,94.54503198184182,25.37377379208681,1
235.3954770983902,102.30589105235758,25.17107532153047,0
425.5323626237718,178.62533518581503,11.609073285779314,0
469.96363049583397,120.20719459127001,15.36658904369712,1
408.93240346969554,106.01481195459306,6.914159158875237,1
391.247107700924,166.72623549683408,16.8042165389653,0
289.8405831188392,97.51641371586328,22.39484439520243,1
101.2338352343011,108.46077687668597,7.843085587494165,0
307.6604891940949,199.7752160748248,4.784903501245297,0
405.5783854650618,88.9318304243368,22.698095717183065,1
394.5756376224796,171.95489014946196,23.661142776134746,0
262.34507454244783,90.46769663892181,28.356542960914336,1
452.16715072895477,123.73781276628291,23.201127086101838,1
494.41134861987746,154.98253901621655,10.539265352294713,1
292.7614966443434,141.3452782518981,15.967989561778221,0
288.10233395697406,138.80362494689302,28.46946314243907,0
260.98682348958323,153.75356537130216,20.69371644946855,0
312.1420753781173,173.73970606261713,22.065030003636988,0
407.0339613492738,198.08276708564594,18.020347436330535,0
245.46932226312933,153.57945241607356,5.312476829911878,0
496.1113685105163,116.5446476412629,24.851997507267594,1
313.536280171071,159.11579018613338,7.286517109742536,0
390.11670414202666,138.8411278542689,10.546228634981258,0
113.04203720782691,96.30050332174453,4.041696708547864,0
141.4609100109035,199.7951909086792,19.319539804457325,0
485.9421395922345,80.32548030477855,29.691828732985858,1
128.73617260813393,169.01551400861018,29.62748407635411,0
164.77000592691564,52.81223066125197,1.6678294222715477,0
295.29836650921385,172.53200233153757,7.143843644403007,0
323.6055885207226,90.65548934740313,22.306940242255497,1
262.91019071906993,137.0940157912977,29.037120513700263,0
257.7263618636922,120.28131635547662,18.7972413213059,0
261.5513210408249,101.48449875954415,5.581089511677741,0
335.1704581384464,131.92056799138425,7.247881444279757,0
318.8530177188628,128.6249352582935,22.81429493442216,0
284.51591760595113,188.44850928175032,8.930790229653962,0
145.9110497853651,54.10040542050147,27.42695155016548,0
457.3496937688181,51.08449067349894,25.81771417521723,1
413.34174126301065,175.7118971906084,1.8297796243118614,0
193.14059773794688,81.99587247123432,21.26339221507614,0
211.29570102807006,128.4811583188551,23.01959278542375,0
423.7791643330607,92.59165543256096,10.453586294891457,1
142.7583047029798,120.46487978626388,11.434455839550887,0
240.78083181123327,193.37185475114836,21.04272103068687,0
130.14148776752492,178.976526629271,7.405789477873355,0
119.18934575044817,50.56169952530149,9.12143386450077,0
346.3966776612308,52.12044673199596,6.980894631841839,1
349.74449044315315,180.35565922653439,24.692419439987706,0
171.97790984212554,85.56897566826434,20.621872468125538,0
332.52277080777475,162.5558260597172,18.93601793281696,0
201.08513003675372,81.82420085237335,1.8844618315607122,0
220.40975540284762,75.61065247022215,21.741944947988078,0
347.8523316421981,98.17753833596447,11.612822957558691,1
292.9582898841104,54.97767052793571,28.544048169910344,1
248.41473850493654,178.63172034575788,22.721489147227757,0
161.20521881373855,63.715357851827974,1.977718428266683,0
390.315564722671,57.47622785477998,16.119994055791594,1
280.8004142756518,52.21303337636598,10.858034941906116,1
172.8129985141695,162.61556848634874,15.44869420189483,0
463.2252395525495,99.31497331889089,23.461336262579373,1
362.2822053697099,81.60792256121832,18.490829958649186,1
490.42299312057986,183.68269915509677,6.080347505270194,0
168.4871932632068,144.15119780982747,7.341806142117921,0
286.1590885682175,144.9512724481251,21.467283381646205,0
487.2615637494694,124.7730918935073,15.261278762092083,1
386.50119474803085,72.01128846491517,6.982720179150942,1
225.75664705107883,62.391516208063365,28.560678982302214,1
112.34848656122321,114.74726505548438,27.471198386034725,0
318.9727333424495,173.69851634884157,2.6342374176673697,0
278.97732214542924,163.94660898347837,19.853075151088508,0
271.81051048698305,172.6497322128784,10.826365639319768,0
345.9379459806395,63.954627247255104,4.583070466544878,1
432.4691400601937,131.99881718149942,4.624325195984915,0
