cement,water,aggregate,age,strength
249.816047538945,203.816357027244,1069.08119768356,28,9.00616219028162
480.285722563967,195.836375525946,1118.67255887655,25,42.8345090133383
392.797576724562,105.128413161287,900.187159517,58,33.9382276111914
339.463393678815,168.249565525231,1049.9496398428,297,32.749872637931
162.407456176975,176.039123757171,1028.6983932575,134,10.6807446993284
162.397808134481,179.76455617938,1133.13215071531,331,7.65001736482319
123.23344486728,216.034473845466,1162.4348241925,249,-2.8838411709435
446.470458309974,206.720509345376,804.862708590955,38,40.0464357673688
340.446004697284,221.581018558689,1069.60796762352,75,17.2732986138474
383.229031118418,252.976652308426,820.734319647892,142,29.8886003022413
108.233797718321,262.597147743219,1019.54346603094,322,5.50851617095541
487.963940864798,243.624615245299,915.053091617471,168,37.660574304065
432.977056320169,291.104739190987,922.710639808857,259,29.8117309940285
184.93564427131,103.646516535272,941.183401380943,355,11.9426080770623
172.72998688284,139.155597136709,1048.51697961984,225,14.8789324149701
173.361803941374,101.512574995628,933.619986267508,152,-1.44909251105213
221.696897183815,229.494942830921,1093.07962023611,19,14.4635742721195
309.902572652895,279.606109789997,961.810954229548,146,19.0673334806682
272.778007456846,148.69645931526,827.341280123983,241,21.1388992813232
216.491656079217,285.406908959261,1113.50393699364,344,12.0303315332778
344.741157888952,112.053478057912,914.303329837082,237,24.3736599263389
155.797544260817,286.887205361103,973.106751839705,35,-10.4795692823529
216.857859414087,170.324537447927,1074.17755328876,190,17.4124344187822
246.544737317477,120.284165689843,932.982462859485,1,25.232996308179
282.427993686814,197.174351837265,822.634262458686,153,11.2170719171345
414.070384557205,151.355313544102,949.568418805126,126,29.8368723935334
179.869512863344,156.974580392385,1177.77943307772,345,17.3498467318524
305.693775365445,161.457992985257,1056.69375891942,226,26.5509266870159
336.965827544817,260.605179566533,1068.59165946688,221,37.6918660576886
118.580165087999,207.832255335051,1052.91286145506,211,8.95469108617686
343.017940760575,162.261539831201,879.596855583775,25,30.6158394439628
168.209649474917,222.066756662184,967.333545640912,16,2.05868361440806
126.020637194112,243.230134844639,1100.37591934533,182,4.88458595913266
479.554214901333,154.524800146707,840.549159021264,329,50.9962497951749
486.252813229824,182.70982030507,911.141110435885,129,39.9578364823643
423.358939246584,124.37721866739,910.527643386341,42,35.9509601226033
221.845507669348,136.229869906936,972.807571037802,336,19.4398249046227
139.068845602554,236.223570792997,1192.14749637687,236,1.13321261324435
373.693210604863,136.287669539125,827.001018673529,360,35.4997551541466
276.060997495841,205.032676733412,1007.48039775224,34,18.9143266042919
148.815293937912,241.809252344487,871.745872804884,345,13.6409988424701
298.070764044508,121.375384618949,1188.2706181639,45,23.2413449609499
113.755408446087,213.462443925781,845.321401890986,134,5.41606137863723
463.728160831513,151.312556740273,961.440400944637,21,38.2193618361774
203.511992640007,292.585375047516,1095.15399393384,122,10.1407277205361
365.008913741593,196.709129343985,1081.82177121098,70,26.1151426280005
224.684430435764,261.198509955032,969.091454757573,352,15.7958824805509
308.027208471124,210.045308431252,938.609667181087,361,27.5516345709921
318.684111737312,108.682506570964,959.044951421148,48,21.581005179894
173.941782210211,226.630275118804,905.710505263456,39,11.9645415684339
487.833851105823,290.280668441331,882.13317548272,287,36.3069647537757
410.053129344446,220.322364029266,993.215879023556,10,27.7402112598505
475.799576625676,263.837771885358,907.413502427043,30,31.1380285099496
457.93094017106,276.841292669682,914.9846659589,244,35.8820307741131
339.159991524434,145.615954389787,1062.70242538982,274,29.3520929884365
468.749694009247,142.408967981645,1187.41493267996,88,42.4885569295508
135.397000820768,222.196197770198,1041.45488022375,244,6.82099411515926
178.393144967658,182.205693961341,830.791786825987,329,15.0619530254497
118.090915564215,267.972260573344,830.233445541627,15,12.4418991085196
230.132132305306,280.004624679602,1180.56928833823,4,9.25144078320972
255.470915875793,170.684275860544,918.916316122934,191,15.2500108616892
208.539612709558,147.374111794896,836.82679443299,168,5.06618901951985
431.495003660772,256.105103048772,1039.61783486015,9,24.4576612226856
242.701330677436,154.961207109627,1049.45951131611,109,23.7888159660268
212.373803874952,264.522863702736,1059.40192804748,137,12.980859736224
317.078433263299,184.747650729753,906.960811143017,154,17.2605305572673
156.369689989905,233.509979858294,806.04427368579,209,18.3725322110719
420.878792301616,119.107062766934,1186.00614778179,272,40.4863484801225
129.820257471908,224.771864935315,900.357218276441,143,5.4750160998268
494.754774640207,190.353535747446,1070.41051522102,99,52.1689265763288
408.897907718663,217.321692635095,1082.65194795148,308,41.8009847442526
179.486272613669,133.602841548973,1044.00296683179,69,15.8641725630791
102.208846849441,247.374748988836,925.162957685459,247,4.46821693963355
426.184571381934,272.559415508646,908.438501505626,261,36.2144118436154
382.742937539047,143.347960018155,1039.06731308108,276,32.6620600944369
391.602867216395,119.142911104032,1146.43825344468,79,35.4271056541589
408.508138674378,104.727717209267,1178.69349156936,146,39.946030477348
129.617860693636,228.394300088653,842.362321761503,111,2.0181580930389
243.386291417709,221.418807217756,861.931445039088,258,11.0205912323053
146.347623810052,209.339482542814,1177.89450351323,93,3.76713624732115
445.241370350237,146.389419223195,1094.61409133392,13,32.3950030343344
349.319250731023,178.181199181103,1153.19752993191,260,28.9447279684083
232.35920994106,218.895267037235,881.053053654137,109,4.47887188221167
125.423340114409,199.353371771834,1035.03434844376,330,7.57985797538699
224.392928686265,297.557104042977,1080.45583776699,189,1.29506518863679
230.073328810699,127.287950511347,1072.04475417879,95,15.5755700555375
391.842471335226,239.028910809519,963.260676346679,105,30.8033069654509
355.022988542085,180.863753620858,806.157956676523,8,30.4948447307283
454.885097030531,185.639922985123,1033.17042272171,67,40.2383095982144
288.88597006478,243.519553131635,901.240615671843,191,20.2212889222656
147.837698375321,238.487230264874,980.101698457156,256,-0.176958251949085
385.297914889198,298.251198740438,1183.03240603353,9,28.6102733262317
404.314019446759,125.678857890825,959.614127056974,117,29.8354522276091
324.510879027799,120.821929876833,1135.92064266577,267,34.5528705112098
408.386871981824,244.867763425748,875.416242299701,99,32.7238228143036
297.518238545756,215.677383401282,1068.98419921001,298,28.7424622582092
309.093131752798,154.832133311961,1190.80278177558,164,24.9320489297632
271.01640734342,115.883873797797,840.757240349175,141,18.623626508397
110.167650697638,117.131649919286,803.327976890877,268,1.37691995300325
143.156570797322,278.838174932824,973.433117053046,37,-5.16414833977364
112.571674274694,138.373464943749,837.050193220547,74,-3.10537956275312
354.564164505512,164.674312423104,1099.35373987049,73,32.6627154140788
225.742392430531,145.331280445398,1165.81946553942,308,23.7247599859452
303.428276465881,170.999261166387,973.608389083504,199,26.551364214553
463.026589570437,113.884768549219,903.484656862176,130,41.7432159692164
199.71689165955,203.811958181654,973.761327602644,246,22.5458884391849
264.153169214252,113.522512718443,1089.37912714,312,23.368448870683
402.220455417219,260.071301564472,803.621664632148,60,28.9230645042178
191.519266196649,146.742416382087,1035.78159579388,279,14.365548233915
130.791963931517,208.002382920902,1045.31667395495,103,2.01753691478937
215.900581165507,276.015817512292,1055.07529875837,296,13.9041396900916
164.488514901602,230.175473809439,896.808831992351,320,4.97259435366562
471.879060937029,206.591557310267,1085.62108935125,341,36.7654390956164
423.248151825767,164.866750623075,836.556594532711,151,38.9988245784697
353.361502604169,166.60038261164,879.70813458672,157,26.0880892970233
448.584236075087,233.897391039638,1150.98801866179,206,35.8909641959027
421.468830759646,298.827872244234,1095.48926029063,179,27.2888488649353
174.628023554414,232.367837969876,805.498221604538,197,7.75665396581441
457.023599395991,211.556683474005,899.35050414792,223,33.9880801735657
315.73689676626,246.130102047849,885.762593197266,89,16.9542408104881
422.976062065625,193.041122456744,908.322531214789,287,31.4168894746739
458.436519969397,112.028468520157,899.023908111955,276,47.2188791202391
227.201389988746,212.459363175582,825.010518297138,236,15.3165950113521
144.020769811071,291.525056901076,983.576206638728,183,6.24857825502159
191.174065016777,135.060588471532,1093.09338991447,209,19.5813099008209
270.843115450503,238.000978164133,1042.69268988697,130,14.1846910011652
427.205906368997,140.186737731811,1069.14866743923,153,41.649178672252
444.292233302537,207.165536894616,832.459671414496,13,34.1303428758558
102.780852212476,119.335289929344,1180.59628407071,122,4.73795319738417
304.298921031026,190.074187251637,1135.39673353721,359,30.7780182238247
266.964401259512,251.232665779049,1122.03612739827,220,19.1036491510759
188.843124188292,169.514304847796,1129.19352201671,106,9.70647590112075
147.946146933473,232.982344897444,1173.0842032531,70,6.28946402610838
235.046068561451,259.089992157946,1017.70158644548,195,6.17154398739988
477.163881565008,285.435563895891,880.11280714705,186,36.5411748674043
229.281172808302,146.928416371091,1046.71344314102,99,9.07373870798476
307.516248697346,179.863183161862,1097.15259746718,82,17.6564675823007
381.207583558071,130.483202666083,1095.16695734161,75,35.2697967138485
245.451840951718,298.496700431675,1008.57960966675,340,-0.330880913546041
488.712833088384,285.400193584859,827.383487733431,192,45.5338329249693
484.978917976845,207.991426056112,948.445175372051,325,45.5207840984019
200.712918330146,268.406658875284,1168.30664338534,214,-0.401706723198336
298.899402356954,204.191595454408,1033.77956390297,315,34.8228534964411
220.351323926708,224.717137600552,1015.33277730229,318,27.3497949750733
213.936197750987,117.824886423203,907.541405752877,144,16.0399171589899
114.754778941813,251.054084099362,947.379567966632,216,-3.54967163428799
343.825733591959,125.542696727047,1158.13843566127,361,40.1469563938578
301.071609291545,265.213526050506,1066.58521901073,324,18.3675339394279
120.591500499996,256.405617534077,1114.95481070093,15,0.194066712359983
211.458585694645,241.748939548595,981.738169227062,217,17.3148602616485
463.306354386662,107.232076104952,1052.09888778246,35,40.5514743144525
195.824756266789,160.625671189066,899.353443497283,183,12.1759208156423
157.957948836489,152.622513982169,1082.18433211339,270,4.5026942985144
295.781104111025,172.027281494304,971.040533481335,358,21.4040308576973
494.26018164424,117.528549352768,977.018205925898,100,43.2457414655053
196.8221086046,287.391564606213,1059.72892983075,7,-0.810183315023948
368.854218962351,210.760448142475,1174.51224858757,30,20.9077203980645
404.647846131487,161.104862131605,825.602538643448,305,35.6275480897884
195.05501759696,179.396303414857,1129.8972949388,144,2.72716586059335
391.286539444744,189.440508100967,916.953244164877,111,26.3708134613194
247.113253087701,220.118866672123,977.567781802551,232,25.7483519431491
352.922332237432,203.1358855393,808.765331510004,179,25.1980957110778
353.411884304358,283.878394642883,920.418431133725,72,19.5136516572724
314.309873629903,199.392696581166,1001.05249705205,210,21.8116233613578
136.115908021763,298.431602964663,822.470430938976,220,-0.780751253328458
434.120998235695,270.284991549019,996.438291753266,80,33.5721945953105
228.312025988694,141.702102871467,1170.84425154337,83,19.1004282211851
174.607404159942,286.119042928783,842.157287243122,42,1.62099620423241
116.310056621906,123.273279577095,1105.7762912302,273,7.12815456764609
336.357177275297,263.489941698238,963.868421350397,191,28.9350862325681
371.025744736913,176.124658695316,1062.06948580974,173,22.4748177665742
106.635131571142,275.594864089014,904.094639194092,7,-3.33414013008005
304.837223319712,273.61133802149,863.796905016543,155,19.0293881326529
190.598310079175,261.185080023524,864.185045708491,10,2.21716270624573
358.06911616378,258.006087261412,828.196778257258,34,22.6709242358509
169.746571601997,160.935827819608,874.258681960497,36,4.72948346520983
376.375095240986,116.18385661025,1065.68775399559,6,35.0741620470936
254.694138520215,180.596035753032,1152.6762447374,215,11.898578786848
474.691995494694,134.704902997302,1125.65027423646,134,47.3856227117046
155.008377658397,238.990217780492,1074.05372394979,285,6.03480109136733
236.426540420103,169.219945307557,844.172745364441,126,14.2014874794639
145.389408496236,295.122040171983,915.67497851838,337,-1.87064665724695
469.877447311425,228.194415469066,923.922750128988,174,42.4713129376265
450.935741352392,264.496112726872,899.982778559049,152,30.1294578287258
203.176651086062,126.50493454837,1006.00226388389,331,11.4661755837153
363.993618413672,272.402896454525,1014.22152595187,26,28.2965336136815
426.888880080486,284.551438102679,942.754390068444,115,25.0897870354414
322.080324639785,197.412383763787,941.515663494574,284,24.7050017050667
311.860231342403,221.250587550196,1131.42223916243,75,24.9675126354168
196.740916360181,252.961960180599,1115.71713932787,166,9.47578164089289
137.24110712236,134.967725452083,923.118332672298,189,17.5199821689817
458.886303181331,200.513215292688,1165.5153775493,78,32.4682177120603
460.167222865332,179.732605554463,1181.126006801,90,36.8775353258114
353.240582909307,129.27479843245,930.697016812016,176,29.9544276679698
235.61191641948,173.506884458306,941.769979517222,21,18.2020221819027
239.683829845064,113.634461877099,1002.25366136878,54,25.269775529842
390.382271548096,105.162381389897,1176.44832501347,184,35.9881906334582
458.844103981031,127.033257830965,1150.52777325692,359,42.4344283547534
454.834569706047,292.623022317835,841.027185033436,222,25.6573465155636
411.95021834305,209.905907179003,957.092297308567,315,34.4116324243383
356.812658461715,293.164432230644,1021.34847589991,328,21.051544184657
133.65598599802,186.499575666026,1001.25298902062,179,8.92280136949448
164.651485637846,162.363226617052,877.545227174757,276,9.05856628684181
459.421675410832,201.228372568049,1143.52670846726,112,35.7975586408304
342.571623863836,187.902337726582,1070.77631319874,224,19.8007054271367
103.678820646652,121.132936852349,1135.16334994072,214,-2.60602519676495
140.588617146413,228.165262938041,1143.50571173979,59,12.5455337686573
365.400707643222,143.20763650192,1099.3423414663,327,33.2981084870526
102.024633538487,223.917590979566,975.684240499887,109,2.11826119302349
164.323220566999,230.040218479631,1044.21870200617,157,1.93883631680465
319.493515746634,130.40497062573,864.146162447897,191,31.71672107927
376.758079077077,112.269925422134,1069.45816698996,200,37.5380111161228
360.78450380104,256.152317213688,871.701302295712,312,22.3786985473056
189.707723784224,191.960084753864,1077.57983620406,196,6.03524096150226
384.871688539014,111.632759101095,891.839264301588,35,29.5928924797103
194.89963499872,298.973263433953,847.020520060088,246,6.85988708463877
230.159879263707,111.556112199273,866.113796057183,237,20.6437173321082
398.59656204721,239.007045771711,800.796854087628,104,29.1412739573287
359.853159618886,296.735785052683,1087.49584714141,7,27.7121772524555
439.689364197671,147.836020843185,1092.96041962335,283,35.8323511271276
363.045156920137,128.449873737439,1005.9733399653,1,24.4587120499972
327.323441334189,124.276987884486,864.545120422153,219,28.7089898484537
137.469907131237,160.655029513519,833.421735004276,230,-0.451184841706986
247.086321223773,120.209162202129,807.651586574915,172,23.896861504824
206.08094707269,238.432268338826,866.299270786088,87,10.0462976127083
197.595857351633,112.458359626013,1156.34221399326,41,12.856477549313
489.204221900978,201.884425629958,896.614736680673,123,38.0884365423542
257.239089866704,299.339370770595,941.708530886886,331,18.6169193587468
456.818622070845,262.794053901204,842.138193792533,298,39.912899188717
352.455450398905,223.043887646202,888.944521899268,178,24.6414913655136
417.924521416659,161.250724157322,1007.68982831208,63,37.3187600515892
301.054837242077,224.779167258328,1043.10107323826,165,24.833377670493
330.761553850544,205.40829278233,898.140925666485,187,26.3533718740614
297.007077527546,185.216676778074,823.092863690047,209,21.5025488157072
178.097195119218,126.14207534804,956.413147650959,227,15.6784542819728
388.980846104602,277.320843048093,893.681348370534,48,20.3166092434087
212.308944976342,189.956929764265,887.821569291921,224,14.3285758558906
109.726386572582,138.924502364153,1183.94512108538,3,2.89078226091922
358.188918362867,173.551870175458,1046.52019437029,175,26.9419702085465
170.84427176282,182.825950505785,1022.75137726884,99,0.300524591675538
476.183433741166,265.507579113375,966.310041409329,116,30.3649756613857
481.571430801035,246.72287611228,971.577733372058,270,36.0915251538626
465.945756088179,253.860978728268,1016.36200153523,253,40.9067225755983
248.063480102178,102.206252885729,1078.57192281444,317,24.2951528179512
106.182646611547,183.230799635952,1080.85843847273,95,7.10509591949659
471.32742503509,196.268830327065,868.67756308218,273,46.2638678991564
271.273659326926,103.838455364611,1000.04510083065,24,23.8219888907095
486.661927617468,151.962641749007,964.783238013641,116,42.9295277276979
485.447990835701,252.057964624427,1148.21078650775,151,32.5869308689227
441.203782186944,127.4219411458,1052.56756848735,338,51.062637484271
217.779556827834,207.062026290518,1013.00162656639,50,4.83563400970656
254.03909144077,143.040374403448,846.157856871567,206,20.9055608649471
440.454668606743,102.424154928779,1042.25515572936,335,46.4382541319623
226.768802062511,148.240291519908,846.881562272093,79,20.2885535179124
167.797098674437,295.174750982011,934.882630226301,70,-3.05447313385346
322.72050498334,260.307422376598,857.136785925733,27,17.4271643651662
474.461909664312,291.915328864207,1076.82945880975,271,31.5656506626326
378.411918669989,197.570808785273,882.500845534461,50,18.5604802799052
328.024468035746,121.947239735501,956.74374927521,292,30.2767185255244
138.870597508307,209.591897794739,1158.26991104751,247,2.28938787989393
346.002890679668,190.875466911992,881.726553359588,264,35.2239271459239
496.021540041705,268.871416547923,1003.12202558351,79,40.0244553677177
156.03360609461,119.616516156849,967.708664466409,190,11.729544552689
307.331860945495,197.648227404356,807.249616418292,47,18.9572770624773
450.949228771182,130.009732938797,1117.10324542913,361,42.7800165791068
396.307447101682,164.935185378012,827.61836252584,354,33.6446163616887
378.806296398107,247.47141547756,989.702008390781,352,29.3747544103983
380.993633594844,195.203625873753,1024.27131797558,189,39.7373609199566
243.796460487902,175.177657029154,1051.37058264584,256,12.8569824205941
217.436737705797,178.895255714007,1075.45265172315,222,14.175701641638
423.744462191405,191.889353681197,901.308953409086,241,38.7219205365918
424.045357871672,257.003308767411,803.99151066338,269,30.2436661398675
446.828927432042,278.416937788047,1089.37746494196,1,38.6747550568437
465.296221022589,291.066937300786,1014.26263973903,34,35.7085710022788
304.536959544375,257.380677251059,1134.4470812829,79,14.7802100160364
300.60651787488,163.081379149603,1128.55534516028,236,25.2869263413828
419.31807158671,237.626941217308,1137.33046711515,334,29.8674164268666
359.985572311106,187.520624811078,994.037863991816,349,26.1292344187862
380.786750903081,150.93412440921,933.451358334746,98,30.8109789712997
418.31706777444,268.174315885185,1116.62328103655,82,35.5617967926937
456.002136727027,107.685269792465,980.517645211702,192,45.863175382003
235.198062740614,280.352398427085,873.376878561374,253,11.9192983202209
250.233181055978,192.295492924947,1141.98960782459,38,19.6944744333624
137.592775936348,227.440295361656,1153.02395070894,14,3.8703563776311
331.31205639847,231.870784441157,986.523902456068,347,19.1582012896627
114.376909518697,279.023548141307,830.279890923915,310,-0.139174551137234
286.239207252984,227.333936433441,955.130435966772,209,18.981425923719
317.057853883031,222.786716952012,1121.41506378504,357,27.9449012253323
214.616500851314,113.330408112138,1160.70961141849,89,13.852777176514
336.333304227604,203.681604389041,881.389096999038,56,19.4459273250045
112.20009997562,130.033800163408,826.789444810109,94,5.43058520545753
114.939275499686,247.486753744297,1150.94018125314,93,-3.17753265721904
429.040224263863,202.444384162535,955.76197559155,340,34.5642571203414
244.076256564505,236.045555841671,1016.70438570703,85,13.0509499999114
150.824205060754,108.334580120477,1187.2263248203,245,10.2004706814293
308.897304021922,116.958403209161,826.625891165689,22,30.0777239559982
407.997421239444,243.264677612536,1059.32720298084,291,38.6179837733397
186.328410998737,114.416867199735,829.642169029947,272,19.9465514546781
349.1561903276,114.251345553052,950.1875713866,306,23.4070659293331
134.138985997507,102.421695046977,1121.52581807738,122,6.30294553589268
120.672688467443,291.300279659896,973.388893102254,128,-2.11100573141147
312.541852627259,247.501671891801,1198.87294156118,113,10.7777353713855
316.254048644043,170.650281700413,1023.62371397864,273,21.4434321936372
354.971960599283,159.307116257531,928.464861054381,336,29.934690400889
390.436533489065,169.94064594917,888.044530361901,130,29.6017506458027
490.340831785014,254.930706236236,940.208213714465,132,37.6507987532342
306.520139320478,232.274122214083,949.01330950382,85,12.9841660149589
229.182589176498,137.039113573494,827.485471089584,350,17.264891485391
418.074477907482,134.821867066817,947.829679770709,81,36.6359031910402
208.33290050483,119.679129942679,985.69540789569,325,18.1503409104734
275.588568282254,232.060543940268,1089.09510089552,69,18.8802975194515
131.382552536906,252.874532444347,1062.69179388864,148,3.91740044146095
110.140297366183,153.009285665001,1083.50626209166,16,1.48803060959744
485.05936587117,104.188992206183,803.345472750743,307,46.9670813921835
434.392048204882,116.434333495285,887.066959832215,105,34.6675226722488
378.389682437479,293.572006969006,1064.67371535994,165,23.4592263001612
263.581177765708,159.088955495484,993.595747271899,201,15.1355826420481
169.317728028338,253.844629567627,802.125390267338,197,11.5366634858338
162.574817068434,224.932713770853,1121.79785697273,185,5.49337451564714
200.097159265838,176.387927930579,1109.12382931614,322,19.7300367611952
319.690665882448,141.137452439111,1019.36766519743,265,29.1196743097315
385.838369080025,124.277283631881,826.585330310509,363,31.5716614181273
364.078950687093,223.002593607773,1106.60601981303,100,27.5132983833282
211.973558778377,254.926756127558,1033.48543509255,342,15.9196093968991
481.946112265278,228.780850708226,1112.78399086318,320,39.5676647331039
395.158766678307,206.060426649832,1100.69879695834,214,31.7230020970454
321.74162100456,108.390244686327,1121.20082878314,278,26.7773633243643
344.688298493741,293.697755518877,1007.20322656185,162,21.524458205817
267.840024971116,259.742838330915,856.129807277406,157,16.5563515245766
199.092395800463,158.564407340193,1068.46298935188,251,11.5969401424441
242.389071460505,295.99406587177,1048.18951402079,97,5.01272416906369
403.138444185748,220.376317927264,1096.90127487964,18,35.9148810201275
105.757395451902,216.484531641449,867.952402420294,327,6.04211549304148
146.429056202767,249.614635885906,877.990079960116,97,0.393883299124408
118.401056808701,262.353957618028,1156.16380688773,1,-0.169305914240989
116.291520927588,231.295721466301,1099.99111938083,216,-5.16852731892117
442.184233604403,125.61914927324,1163.29139548013,132,29.3721110272265
381.463143752009,167.6535011989,1103.48612846557,260,37.784304752645
289.66953163493,285.61672806521,1038.86212239612,125,17.0838724615402
139.133664260401,144.92312236877,1061.65309481115,82,7.24869796017846
296.646350046733,174.433404767503,1155.651169576,283,24.9362507903629
289.388708312226,186.415376588839,1031.52270180478,171,37.4587602963792
169.280747964006,187.88099793889,1052.95652973136,59,12.4695013306827
273.540659695189,222.587916498905,862.59068640144,32,11.3174688126996
259.401893758949,288.615167548942,989.568488046441,161,4.71754903884624
346.340039220887,148.138542366501,1086.55884478324,284,35.3397556205607
354.037460347058,124.300275260184,908.377079326546,106,34.5292115428466
118.121603908818,139.494097971987,880.901672209814,105,8.76275933003461
249.845045850589,277.384980041854,925.530723289766,228,9.33086042846919
350.343966285695,229.162162531041,896.600251197133,188,27.2727154514373
301.254503432035,157.181357847832,885.965054814558,70,19.3496566070946
442.595936475329,263.189387793723,969.940337147235,318,37.5940336879515
363.477452647578,272.273999272687,1163.13540555341,290,30.5473298374851
165.173770832572,269.302867738056,1002.82385869549,87,1.20486990220673
128.227498960172,283.785306727911,875.168152326129,362,7.91253536569877
356.967711282526,150.448204034672,830.78866775235,56,29.3086229243326
110.604524216649,251.008385749256,1078.46245805517,113,2.09939919641202
334.310232509385,192.107899454828,953.119505774555,13,17.4074614597431
476.092096569983,268.399710578012,1128.73237863414,18,35.5302966578722
330.189671150352,245.698135432323,1063.80430745631,182,19.1761384063457
255.267970482609,255.289489299945,1118.49658021655,113,16.2654898533345
357.315287376941,231.232367536214,908.77841576738,229,33.7957237091397
283.301156196607,135.485753893941,1076.94356898442,171,24.7134289715454
318.246715726374,209.005383779388,905.624793877488,295,19.8201278515021
476.58592351061,296.933947904902,1175.62739178012,189,37.8342254147039
254.44105512031,287.477613299424,1054.54971261335,79,13.8691685759984
484.476225529566,108.634747159402,929.804720070137,146,54.768893926988
462.140256782425,132.962963145887,907.804744916909,182,42.6557173254529
178.316453915719,126.345754690912,876.370634028657,286,11.4469827009059
127.744520350066,245.195981997059,1077.85638355749,250,6.86785906338555
140.311200550971,263.557065971389,887.486245199171,354,3.75487639499965
107.28873026062,142.702273262134,1038.121306371,314,7.13501431151414
137.777184302371,201.170538590366,905.854010770143,196,1.03681134884109
373.202709366543,268.14060560224,1064.78757791755,323,26.5310665925252
128.475459384092,246.56030895325,1125.97589141622,71,1.38355397819884
227.590252117505,208.44744109837,1111.21009725786,248,14.1749097781476
437.950124387782,218.069538091755,1104.34053237231,146,31.3970987220364
109.30877429433,201.672109383256,875.088962276901,106,3.34841761199671
425.787393035574,159.509690263764,835.353978793808,263,32.6158927061601
212.74190990936,213.004398571803,1079.57953139495,296,7.78899805972586
147.265931048663,237.777060410018,947.338885517741,70,7.08542093799755
378.69486614566,274.664583172162,972.938490561339,193,29.1550083463944
351.577138711954,227.25827079585,812.459637117357,68,17.9367779280011
450.988805410821,252.224307408632,903.83057971002,305,26.3898899384882
394.028417521554,132.014326990915,813.470561549786,52,28.2784151756269
421.392372153939,192.311494883958,1151.6743090405,363,35.5121674988301
212.813829028523,101.866323965419,897.358673287412,285,24.8098145784089
170.975817511889,149.335772904325,1022.9348678292,334,12.2070702669101
400.245900656343,245.292343022601,815.591728264452,9,24.0031676708641
422.733895706906,298.361990269873,1066.73895652226,251,30.6082212026122
496.202056800269,119.835619917443,929.210938301638,332,46.3783441079069
265.047070764571,180.298863172258,1159.16767478307,298,13.5647273805792
248.807234317113,260.014193739832,1155.24727557361,184,6.84469932012618
410.565184296799,140.80712692578,930.116247344699,179,29.0651745728144
236.321416101207,211.016989860457,1160.38435827619,198,27.4605497916375
472.302930241426,246.614259205935,1198.46306939951,128,40.4794872652139
443.365100737205,223.197090052036,1130.16626564958,20,30.4080752784419
271.597610950007,137.604946923083,1137.94853910209,328,29.1008478629912
400.348427116599,171.076913737148,899.603494443636,65,29.2907155864952
401.817149633873,256.758356897079,1030.6809595431,182,34.539699103402
141.249547534373,210.845302826403,826.902365586947,241,6.39422189746441
461.021162671827,101.045922708583,837.967174728668,24,37.9955638827671
302.100948979143,252.198152005619,1199.55704481332,83,21.8292890267782
430.582986443097,107.062270988048,930.655699770364,319,41.5827829585257
228.019840412245,249.146756546246,1099.27356481954,185,14.1859850748088
458.20929139848,140.496112033048,1122.66602121073,316,43.0336586541162
255.680671493665,291.614696023876,1143.20930840289,99,13.0024062125274
104.335060592119,173.588150260417,1199.05131896086,62,6.37686798662481
462.152790567705,165.386323267616,896.598594102747,286,53.7249971374781
136.514670714453,129.777610066489,816.14033074388,22,13.6265460708687
227.725455036166,161.120843098043,964.476607197834,212,17.9347291501297
480.024786820322,275.33015236564,852.032267931579,126,33.9429364892523
480.242858775022,299.266867525449,808.970355664822,42,32.4772679112198
329.375155249314,173.66190610137,944.170730856594,98,18.9537737468107
352.73488486792,189.722126190909,1113.49530043009,31,29.4200998900126
279.378208791328,244.414187640547,1026.47227649003,158,12.2224980388137
217.284308679226,277.239156093015,925.111195684142,112,7.12420150302552
231.465818147966,218.608866837357,1061.73680219709,247,18.0378819874388
369.007382430815,178.305139635566,892.807272123524,122,28.0188547423206
400.949811775072,182.524368169725,805.752578428834,273,31.2373228163747
416.631617490339,239.123629299361,1105.74135457457,294,26.6595768535377
415.847257117822,100.643652720856,1049.4972339456,207,44.6491767372634
136.482441219476,223.917867491968,1104.92104980038,110,-0.613758579915189
297.768121881033,171.098602088272,815.575206675066,278,21.0725029489499
123.023504006658,258.839466255417,1134.84785113226,56,-9.03827001127437
319.811552929494,118.598127964626,1047.81048001452,57,26.5219436556786
276.612200549351,217.640453389678,1025.35814028506,291,18.0227229536434
455.08167310332,196.194577977225,1049.84561924581,114,37.7477279963128
240.366005020831,228.465105181046,1145.77329874735,308,9.820186858243
146.826806571042,112.970718896594,1034.77460262356,341,16.1150486799502
157.196672821134,215.996757485626,1032.38015195527,198,-2.29622335639846
404.604252686989,212.296917591905,1196.27166282631,321,32.5946918891916
347.287225326504,212.132018883234,1102.69206682743,179,26.4895630041867
140.449070449116,220.697533319291,976.917522180454,219,5.48890041247749
133.642722445999,235.293587445272,1082.95880001317,277,5.15836722813761
380.387652583648,260.997799936154,955.692188676715,16,29.0922336828614
129.105202545677,153.964144025643,891.5501849934,61,12.4458065781509
428.744023716142,265.009882036012,1038.7407507551,54,29.3858686282489
382.496890862599,199.651136452691,1171.27283924558,168,25.1079190879272
132.53951225676,115.411655826866,1171.65580800619,26,10.5469548457965
133.935085634077,111.710185848796,936.762111242196,336,9.76680234724693
494.65583140047,166.847663739212,1011.07098648868,65,48.0962985111973
249.708318302448,256.979395422294,884.654359427944,100,10.1120289872695
248.256858826756,241.536186948183,1198.25244379955,74,9.19882209210258
425.119826903001,257.722992934481,1192.44716314717,192,32.2648017983394
478.899430953543,203.453811288322,1059.80357188298,171,30.7251635747533
494.400425529148,188.039799591098,1121.76562387099,273,40.4309090045685
401.351274103577,129.490505341257,1086.04006451348,187,33.8813992602531
250.503834212366,165.638550721862,1037.26328761579,23,18.1008174890069
133.400286679468,186.803873234775,821.339198795559,181,0.828474524857006
410.858766370975,117.720085935923,981.905737021064,327,34.0723699789616
323.361699894322,144.122390542242,1069.91452086696,108,31.9946189158021
269.688803698791,219.645058812748,1071.01264555347,335,19.2693201563134
462.541754037894,247.132622847838,949.249047368953,162,39.8407301809124
144.478992922461,299.66950227859,1176.67679466321,302,-0.224512828600757
297.050041716344,286.622666268712,866.942812894713,206,17.1616160460944
104.541457906968,228.513039907038,1000.14377848622,78,0.881165930490914
287.464256797651,184.249610658814,1076.35359062033,16,28.4317196849406
122.521310272735,227.235472941647,1078.85432235672,327,3.07226647933376
147.527166507229,257.130323616046,1059.45558270753,96,2.02485600131867
147.010498710842,123.667238184677,910.115285380744,147,15.478453100534
359.684120846425,181.980977939258,862.482627474649,2,24.9903059952542
398.417951706169,267.960457127123,1054.37613073068,10,27.9669182726245
333.347506038864,176.766590386609,1039.72084645578,125,30.8012171166511
484.869019389817,214.374454245437,871.742404115696,81,35.6989698682151
249.948231809482,217.55387217244,1082.05565822823,140,17.2194418047445
214.284834512744,136.895250626728,982.068796693463,326,26.5714744706631
447.439651275784,172.447088330458,1067.10423664126,150,42.2282009552463
189.438335407781,166.902257748386,1134.94683190806,288,14.9033860017828
485.289015776245,105.239341706413,867.891371430769,361,45.7553279331406
104.861789875927,104.838352778271,807.657947198735,340,5.62266994230491
487.951530683056,266.339408735155,1111.64103455831,129,31.8272530153688
117.26396478023,154.614161994563,1043.87897006105,239,13.9338081781233
456.457245479228,203.615753247763,1079.85582784885,58,42.6222921123847
311.08044363452,159.745114717755,1135.26198999546,198,21.8152162398614
497.18591844772,288.135849023068,1121.1243739298,211,39.1102343840093
129.51862589416,151.859351773155,1184.36805877153,45,6.36552749328977
321.541713760528,185.931362547787,1014.37403154085,97,29.7496805552838
487.72101424764,274.54605009692,995.398253063962,279,39.7488049114247
309.23913766806,268.386713358362,960.754879956292,23,17.6204842952361
351.759455254105,137.220283569255,861.476417137682,335,28.9565033354693
378.299475593847,260.528661959142,1029.04289315281,44,26.9478536870567
281.816425907109,191.637377347579,910.805009730392,27,17.1288608685189
351.023232033625,196.593774417071,1168.52300488519,282,29.1960592081582
333.72572476924,126.695994483189,1033.27632171084,97,27.627917355473
460.463204196396,116.120302751425,1037.13607220324,36,38.7378458827176
118.178552136583,245.587861394753,941.969864350804,109,-4.23524172423843
212.385275836892,199.29223047106,820.795740791083,55,14.3948923238727
480.164593630624,187.370140523036,812.697506149195,192,40.7808040438057
456.105513556367,245.901645730479,969.334057661279,219,44.4425733464448
282.262701114285,253.102579798222,833.826151238895,185,12.2594169296294
348.053039120615,131.781633533871,1042.73878221606,69,32.0327131965329
210.952473192453,222.045029895528,1152.38920225586,317,12.7497634843357
175.248463889505,127.070816455537,1153.16592660749,130,22.9700975578064
285.479361975993,250.275017205809,1063.61816405289,55,19.3290449226162
241.340891210421,231.391031253428,884.492732589172,97,15.1579804665461
333.462444740349,291.322924216692,1145.19873254355,336,21.7395860883312
131.093854785994,113.791603271284,1154.43737412528,87,4.77420004170708
489.757923066467,111.410944230251,878.661433981183,294,47.9022090583388
494.484297791841,156.43741493864,1094.97043430827,119,35.9050459865683
379.264685607898,152.341136747181,914.607819570849,208,25.7079912805059
314.438546537648,149.3957598144,1121.05612494117,334,32.3762588471923
223.811046514531,281.250916104207,1198.89515996144,154,1.04793815102241
425.518007882779,149.909239969901,812.010402131757,35,33.8084709983287
373.892469021552,154.389945225726,1158.94634631637,79,25.2141171845741
165.046775737957,251.879652483593,1049.05221343946,67,2.5683414876677
464.370873797537,189.947968490108,1189.35304766593,343,41.292415466945
429.014897169268,255.342111391036,986.003807010571,34,35.3971606021958
479.91996531677,113.073231512877,1138.95517222855,97,49.3965029046967
390.287803355344,197.514238734677,824.957627439311,169,26.2483023030065
345.366078374316,106.722720036657,934.111620031318,169,28.560662152465
267.297214516248,112.530640691071,826.806615100484,151,42.875940028131
473.091393341605,281.287490668882,1190.13725339163,71,32.7046913710396
446.425555800163,127.849074223519,1126.78956290873,3,33.8690478888609
118.087468042476,206.484136455043,1141.01896849839,314,1.04553616778821
110.546789798901,182.219120520141,1175.18609257356,32,1.04302337233636
250.58534675122,169.468665251769,834.041394447914,287,17.4914145985913
424.221332312733,279.966669137454,954.239037005333,82,28.0719491584263
494.910451725978,104.364679355098,828.413955617601,43,44.5956784362101
160.166756441411,232.757937235118,884.317240620012,105,5.28673947091941
337.652286140854,292.67888684271,891.746310815069,1,14.3638517855939
252.356342652409,212.033636692368,987.642884419032,61,17.0906075364031
487.965759125841,287.364492406618,907.424866981457,270,37.7335860416566
436.847569254284,110.451575857205,840.391242727104,180,42.4450864853177
435.331481884455,183.758663814832,866.996435637643,224,28.0129447290781
287.477263917988,152.03155819241,858.910225420836,6,21.9903697006357
265.927800935066,246.164192996146,1189.23071916492,103,5.38658886418923
209.362828772283,296.259418099449,1103.71700276739,10,5.34545749987288
122.550198660371,151.30601248885,1187.10458610782,71,8.68940070535999
445.888950502021,230.834920294815,975.896194603163,90,39.1760447934732
425.160403652031,139.619526551948,911.347392665063,226,39.4673643580907
499.887069314452,213.066050914322,1119.31727888367,158,44.2923580621941
498.654734829562,192.786497337667,930.501567216459,228,41.0111238056606
322.172682241051,294.401065926307,919.753349482139,126,16.2113760781649
407.594966072204,221.705454539293,893.002396883133,209,45.2280146928744
477.906291952971,169.901274417364,851.871591289694,97,44.401367033755
439.858956270965,122.819156977587,902.585224406706,74,32.7200185208902
198.939240697279,130.249365746987,942.127899389555,115,5.85813617471361
280.217654124037,145.063385990247,1069.59768325829,191,20.3532488675735
151.663766060598,150.19333226806,825.025936887781,170,15.3160525242001
481.620410903489,270.123211568228,884.202775866137,307,37.9695762820814
342.469853780352,212.244557656505,1123.60945611667,204,14.5546583834035
191.457122201385,204.678182274873,858.768769433508,56,8.58533599044531
368.680273762343,122.953774373843,937.058058609009,208,32.7883309062993
347.251296183158,272.027938669887,1145.86356874326,41,9.45539578749408
243.265087213136,244.562860641697,861.970124457377,32,12.5391964494797
145.423036879852,113.53367238,833.094734247276,15,3.94878003102853
368.62927823712,241.567019445954,993.815198032004,62,16.2268447974727
308.123080361517,208.707643468529,920.967804511415,155,29.9494637635523
408.927356694256,116.345069149356,1025.36334579354,284,32.6274712080332
308.065400444797,191.660128305731,1121.52195619339,209,19.9771099519118
440.872600127416,196.939257426009,854.859395261097,320,34.0373827111078
320.762735509794,133.154908032655,1032.27963382171,187,27.2997219039682
324.375188614154,289.139629400057,1002.20350415595,130,28.112090426692
450.661441063338,269.995074296132,857.63151440528,127,26.8554560403475
261.393146484959,233.804467465822,1049.59939421159,292,15.8350737029618
153.606091380256,192.459112200121,909.456167144309,114,7.48196292315155
111.513070525336,182.353108316902,995.133727417605,199,-0.32030709910905
402.054902269448,230.194693430191,832.908929710825,13,27.2113235325422
348.123820541386,209.086373881381,983.833622885449,271,30.0405623938173
381.631907239689,112.454621176377,922.585387217128,89,29.6519347316176
185.185664603564,202.500529754066,1128.95248447414,215,8.85032742900222
154.548590234708,261.280723446568,822.791490798947,278,3.01405321654597
105.817866267153,191.847975519392,967.442909967332,203,2.50035444507401
240.235023522639,110.391315510854,983.372569652575,74,20.4596951498374
335.967074741853,257.255639876807,1090.00243051965,25,23.9167293208794
256.897618039893,140.272756427195,1029.71503003608,101,29.3738954924412
274.989968809492,151.724166977608,1066.88493487767,176,8.38040637279772
461.663477797499,132.941270686459,1110.8197142607,117,39.8523275493998
239.30218680932,166.0430129743,1144.88118946328,166,10.4658876710061
305.595795663924,251.350301137727,925.550198688988,41,16.4752145062516
413.461205096457,203.877171900787,1015.20908214556,344,38.9965985680767
258.617112928508,140.976254830143,1136.04323137568,120,26.0018611620556
348.834680091149,275.566015630408,1195.78045238602,97,28.2987401116866
444.945483498698,275.916370990306,1155.80772441751,145,38.3251923746066
479.808249463057,274.115685009201,948.586905049751,216,35.5653653377435
158.829392371615,147.759242276308,878.06660688746,229,17.7776284968819
470.635050064598,190.247868836198,995.757014962636,313,48.6653605376791
296.846517231815,296.997931228175,1096.65658073442,130,16.8287574344803
203.297755319583,254.402495261998,997.027628301319,352,17.0158337766963
283.654302495305,105.433484245112,993.272345325467,318,26.4799411298578
492.013030114191,113.040918252098,1135.29216843272,137,51.9704196765686
297.047237597148,192.786275362467,944.561511626875,324,22.4970938047737
231.500644115003,281.844041172312,1143.91786992466,337,9.38025994441881
353.36034172669,207.740359590543,962.721920380689,273,22.0790590417838
196.058247511277,199.562501606858,931.293242271336,117,9.92955450459657
130.345331243466,121.094739991326,981.59596447988,306,10.4617370964218
151.55188876426,231.356020944859,1104.97878346995,94,-0.201875477696743
151.218335583109,264.420632120045,850.400811145598,168,2.33025965733035
160.761077404918,176.084001501512,878.567686348807,203,6.66916111831232
155.530869059764,255.122370185066,1180.57793026524,341,0.822090665070586
356.349897921286,292.895330780162,870.196650952543,149,27.6596465608884
172.752033759658,140.753291825538,1027.09092717242,183,18.1270568002178
238.266913329545,204.665926238948,1031.72578666478,152,20.2705584124687
458.715363962405,157.427591616915,995.849784820098,74,38.3193778622872
289.584656105149,258.570883806768,1057.89809943073,274,18.6580073932171
367.023095408411,215.518673176232,891.930690319047,42,21.0305091033328
168.927948480652,226.916483510061,1021.0649071107,212,9.74013514876885
176.915607523468,259.582831923179,948.869302098759,101,6.570577687116
116.347446506592,179.194094532491,1064.66690385168,45,17.344776906663
167.574025228866,283.018013681409,856.48941734926,82,8.86201364889486
211.436135612783,206.605773449228,1028.35096673579,17,12.5595495216712
170.804193710699,131.59096456707,874.10814215333,73,11.0228245877498
135.481013502822,239.179823633761,911.457225246015,14,6.73564285398033
148.25434844024,258.652270087651,887.483920129433,157,-1.11587201226112
284.31150721309,163.352335413505,873.135111947527,223,28.1917230107039
182.533487362317,271.435851399751,1130.28438062427,132,0.565838665057674
245.70794441923,281.228650953153,914.283027064356,338,11.0817426081917
301.366908341943,155.380897475562,1170.84951274578,47,13.6467484633939
376.157931451746,296.704294543044,1187.97061013808,107,26.9209595332679
115.72485593644,128.142305609752,1028.50418797484,108,7.49501544447232
419.764159563617,140.403133680498,857.200449066291,265,34.7988441485067
351.160155796363,136.844967847605,949.819297351833,205,25.678073232377
132.703612779549,278.797942001574,1119.09290533929,79,7.01407531137651
449.431449642711,230.858510464992,946.956291478828,155,34.2821997530056
468.348960212725,130.420856644455,834.806887321116,271,39.1873763164469
124.431183941946,188.06468367367,1022.71396437128,247,15.1195490286012
210.751059258882,223.05960501396,1138.04834059841,19,6.82681107948157
422.480511917225,116.692816997877,1118.3705548574,346,45.5664956990976
399.303876153463,276.483273681468,870.049256052141,26,20.6112711112201
173.808407742551,260.720707088307,1069.10584576499,217,4.74007426880488
183.739729334684,201.041354715328,888.201705374259,154,12.373361324614
248.188841116553,293.425323051834,887.283013820869,154,11.3984332110434
293.809194076409,183.55219585502,1149.62870932207,174,23.1621247224551
347.301908612118,296.8220638073,899.867581096092,92,18.1149134407268
247.565455827909,233.583999760725,905.298938607205,338,8.46836483525666
285.013886453259,226.934254650788,800.26135630452,181,26.2925578346101
398.988375253503,133.190979059157,1148.26761365021,131,32.1601466855221
114.673281156239,276.385551660929,1117.03792528365,298,2.07311281023917
200.974777737608,185.497937584123,1050.93157403627,275,17.0823683527163
385.339834353821,132.446681156496,1100.10630557554,273,36.1854403991143
458.08273507488,102.521503995152,860.819426969797,76,37.8992419730393
304.670976846266,211.951136727677,983.32943783503,177,27.4383656580017
312.845394106126,205.479924424535,940.487754939512,184,25.4189390645102
142.86880453591,243.870724473832,837.510610502807,319,6.2772124816256
278.964946729382,278.05161060356,994.45219408597,131,16.1818381606896
313.046906582009,115.881316928606,1168.29586013705,363,37.5519365330559
196.988201453892,246.299298068072,816.023647620278,49,4.22354414571982
207.697292379752,137.482388819516,916.584365397518,55,16.5218889388382
250.913665241849,271.635410631433,883.016374482281,154,10.4064485346124
108.028479111091,263.812702772331,895.258661466279,355,-8.51931625920753
228.831666233271,208.158750997109,1163.37382075175,200,4.66155644915728
184.579202798618,242.048559724662,987.227621693716,308,4.36231041874511
230.998940871166,162.87002263675,986.519765175928,356,15.2241771252176
147.9048527277,194.233579786563,1104.23025698211,118,17.1235550302462
456.210912295958,264.327379542094,861.79688160197,263,38.5266644240215
337.436981421619,191.853039434643,994.90614164002,46,28.5527612747269
371.640927657796,171.559653065088,971.994085648424,302,28.4207175812734
415.668495442935,198.84248945006,1038.76427621866,356,35.4913609193878
299.376879571623,265.649850487444,1199.82308130018,189,30.0759603565212
134.768115234969,167.041609474175,1107.77955763282,310,2.1526426809004
314.842616727419,134.752318627149,959.146281206971,318,30.207839728221
334.736447208352,242.402804066156,1131.02122090962,129,30.6999833520787
398.175789673732,265.195642541616,868.283345324992,49,31.8775122676536
272.663818491872,120.127495704707,812.185474523584,25,30.517705133578
151.032121118226,147.974822551189,881.779348985709,266,11.4287972668987
213.51036231949,128.394397952199,936.164622445704,118,19.1285814602745
245.232918559454,169.588282316433,1004.23230298382,144,18.0327496740756
358.366896532641,190.070195781083,1046.05165621648,200,30.9999076599078
328.311321867565,249.765267392661,1164.24228688577,157,17.3368367556063
242.438690359139,230.229516976335,1003.94160382018,348,20.1741352318155
494.606099517192,224.185713495686,1000.51025785029,134,41.0625658407702
342.309927742755,170.474989321931,820.097203929193,148,27.5005401394517
194.890716694398,268.289510616952,813.96462106249,336,18.1665543276715
140.712989048162,194.257433479633,1020.46398476655,71,3.74150023531063
161.143655673733,295.820987603031,975.271445299338,233,9.6924263603239
198.383091353803,226.828427659147,1135.67215799212,334,18.3732807379217
164.272549303822,125.252948312901,864.271833884738,299,17.4323294376645
174.626809620522,235.235512415087,809.98866484682,154,2.41540698761499
214.038067477539,165.02080308634,979.61550717205,90,15.8481580801527
169.349438117902,237.265439337219,894.991422700903,334,18.2040433505867
458.70616985057,113.928229632481,819.845749335535,199,33.0714378299994
132.093498264657,134.976287435192,1089.83931473905,161,7.13224298322509
309.804555828102,271.147451781157,844.637199982899,26,23.4946255920933
264.158730795865,145.435911404703,1043.32780000311,121,19.7774745104131
492.951446763443,267.408225048588,912.419900066756,301,42.9841725087842
144.815560867221,155.855217690882,869.398420142009,212,15.8547503451736
259.142239618297,228.576382011742,951.900609167727,63,16.2754362769866
487.788173310148,238.830114701966,1120.57831048918,68,40.0622642001942
446.202850357592,202.530950629011,956.837430761829,253,37.4830921722097
426.828828379712,161.062135339346,1100.30785968442,2,36.1388054808555
203.161130817976,142.528875274219,850.19451871966,108,24.782681492568
168.355034956026,106.637870912485,1109.10856786603,286,14.0438674865751
367.457287969772,160.789280248145,894.773329962659,49,27.4304945948421
471.750395651034,230.632558106257,1070.95725195555,140,42.2521828048894
322.705157205572,287.660963689697,1026.3126219364,218,15.8528558748634
328.64507578796,274.24089645261,1171.65788688468,44,16.5188554698393
211.991637464114,253.212955307061,954.929007190126,269,8.18678951129523
407.797173276775,257.68946865066,826.466075533776,78,27.3958712828543
174.817499423009,232.996980695199,807.662194220501,216,6.93090358319069
229.471694561697,152.057371513201,1130.7434243891,98,19.8197988288373
270.174575446567,281.439006141166,1009.89425506457,236,13.593699061305
303.044151473782,234.146462381167,1110.09762073398,282,25.1144093744958
196.963892966032,212.088126196088,893.770240004606,149,14.9028865110077
145.934729895681,122.197893842696,938.033498205293,304,8.25602230076813
344.248016976653,189.411108761285,812.041548884528,66,29.8277763530933
215.452221296102,192.071654240385,1184.59692982965,234,18.9487318323824
332.495288569045,272.912721904534,1067.14716268033,87,11.6692105785235
161.745086109681,209.329644037558,1173.28203510372,79,7.96543117346004
292.456040741927,176.080109794082,906.198562971629,205,19.959558042984
313.035773020634,295.360065702132,1044.58544449026,279,25.8408989186191
120.729414728971,122.144118665263,1071.39998731706,337,6.75270461326611
234.641711277568,184.509685662389,927.019880103035,254,10.081271068084
153.76587077559,108.404935034281,1139.24369400625,304,12.8472562425008
125.349988189107,247.980824153386,1178.8645851601,130,-3.04890390925418
495.984092955978,283.61531043983,1153.9420470784,84,40.5055700962957
228.941537989889,156.007465910098,1095.62679037575,276,13.8107180090751
423.949778341854,271.668335359824,910.985871889982,187,30.5940288202528
201.856261905506,158.44364609238,912.646416842253,46,20.4524960217524
372.601088889572,282.154032328783,1185.34412817842,183,30.4750503835887
404.091143955875,250.792380719357,804.113798374277,268,32.9386913760644
338.255496243138,260.981355368288,1086.41998929686,296,23.098593293138
288.630475420063,103.601311120091,1082.49846502211,322,28.8174642670572
264.736365658907,292.562071414805,1049.07581637992,100,16.2904527587758
239.547306617198,245.334198414065,1196.04353843475,78,7.53500892493914
471.81165769913,160.950219077227,924.75177430549,272,46.1103410356709
432.247763115092,265.878932971769,935.988745517299,339,27.8123594001353
486.010764266605,156.304239682986,831.575761178622,162,45.2681241175726
149.718889394218,274.550767913226,977.119254617495,44,-3.8501014789877
392.346990081458,122.516078082387,904.419410493939,238,45.3028763208795
475.336182728415,240.737195492159,937.354680871058,134,40.6534666229188
172.493226466264,208.139695328982,1133.82871610225,192,0.982211486247531
126.598506946711,119.306894039088,1174.193805411,356,10.2498728615659
396.448259716024,148.378765651768,874.293228802074,278,32.3987774685908
329.789245271965,102.480807255463,949.003572621386,18,24.8362495155165
436.731510703309,193.753593092901,1171.45222484616,12,34.8409890480279
155.908950650516,160.253052152,824.723384275689,180,4.73827370910909
418.106924743956,219.671496859552,836.944211244551,123,35.8644464563402
180.650928019098,159.447561541723,865.116395682492,246,16.0759851598203
165.462377146282,159.983822301397,1038.08513365075,222,12.5241704742683
165.706319172397,248.638639746321,860.188908402399,51,4.55117728721936
425.829888092553,109.628567195671,1187.23055258029,71,41.1106518791967
366.07888827848,280.578999038397,978.685810903408,48,27.0158664063181
309.226169907648,270.452774878236,1000.60718414007,19,19.8645669305614
243.532193649401,233.560936645281,898.663446322163,262,8.73580241677485
450.880216325243,218.644314021477,988.384100973893,84,31.0538753621055
256.978042969054,278.46049962793,1064.7654530548,155,11.9844747080483
426.639775788631,137.066035905743,1100.47085478162,53,28.9617212943275
275.653963428087,115.793832438166,1101.54723308397,107,23.9657203875581
250.777771769963,147.902033981908,1031.15644507764,357,28.307701514519
285.071914267843,258.915655740038,1161.74390999754,304,24.8598604735803
220.551149665657,106.934053345297,1126.96313892244,135,21.7565430193252
399.0437520705,216.561367016698,1102.81924587945,69,33.4048665255729
301.088156036992,299.087503238262,822.242208672184,11,26.340918096603
192.885078058727,271.139218767508,802.75118488786,143,11.3808660283891
459.829829309827,204.289137808718,884.978910878189,192,42.3167044744886
253.556488549285,112.728181857328,1065.40943756538,69,13.2146662903813
317.421144445596,266.274702877142,964.478995553018,23,25.3224732724838
462.588844385819,219.795701635442,960.962503719725,181,39.0715861083376
349.695198365597,122.986599411913,1153.83475529185,293,31.3512681388006
146.759216283346,118.771456964671,1158.22513925274,9,7.18915815975981
475.93284944539,281.925363887318,1163.67010562143,271,33.4640395668269
351.083221228567,233.840052587616,925.551230606011,93,30.6302038852804
233.962245862834,265.857359863351,1076.4223250957,17,10.131561946829
155.708829065355,275.795780056453,908.653272509748,154,0.762701109361579
417.610075708118,214.354470409664,876.24393322978,328,30.465550026678
348.029102371405,203.489270351008,873.852982938948,149,26.9714406919044
313.384436790529,186.085482064198,936.843048345438,267,22.906121054754
457.557033220383,163.389317558224,971.983047911929,328,37.9274596816288
415.438884489812,186.919192171742,1132.37966842203,106,26.3471489940168
160.6699518931,254.775931146031,847.956437389085,35,8.47498542953097
224.688827118219,220.384686203026,1093.97033895796,119,11.9495320244218
199.395655925786,278.504657990969,1012.58196567572,14,0.728139407910067
397.578517029071,188.676002875838,915.178137070397,14,29.1078708524508
113.412973894312,221.417915743751,997.12783381313,266,5.67606188207172
327.955873948527,226.261510618398,919.976827910809,140,23.0267162219493
404.983474296276,218.339432461265,1038.43278209532,294,33.4763445454174
450.7062547047,240.526754617103,973.537569142098,364,36.8970290295664
236.832699486363,147.486693674961,865.762211631552,119,11.1146563826828
428.502921868805,202.472755509158,846.633229822279,238,39.8491971277403
144.252694782083,120.84496056167,1018.67827282885,34,0.18179064821515
438.580916693807,176.902265528963,1160.96521331444,169,39.0106612659898
150.995464932793,197.533413724253,937.583074623074,10,8.40073041454388
258.914916224147,230.444851909095,1093.20004288905,122,14.4900305080641
418.918146311821,290.106210517241,1063.46454197591,145,30.6036167243479
159.96697093951,220.130213309671,1172.62196572379,223,5.83450908226629
191.700558093057,248.718783235312,1128.39240691966,257,11.1315926629956
388.901027357227,201.253211899041,1026.64210356219,268,36.4720548583651
388.01461461843,226.820806275266,1062.81219929364,359,27.089789016153
356.459053154119,114.186443226755,1159.35458663361,4,33.3464074488357
377.57937778684,150.878316168369,959.807513834774,354,42.2160119822061
317.089777339039,172.370618641028,930.717882343111,106,25.4732731145243
200.719623562781,194.498671001303,804.324433454079,85,8.68150768410591
238.278397401568,109.129749100477,1130.62042967659,214,31.8275164805606
172.63908672057,128.004819510664,1120.39228016135,121,12.5171988917476
463.380224533451,155.362861558261,841.781807240061,132,41.0475288944465
333.356717906448,294.30653818021,1030.74295245308,338,23.2622159293023
260.340566705456,166.26940142061,985.592679266755,197,21.9299032375115
284.802321457653,196.408211622417,847.483638203645,19,17.1554468373996
478.913335844726,139.219542547679,1192.22729082429,130,43.1803107606095
161.340561246432,222.156014215154,885.878354985342,12,9.90717413106938
334.491932806719,156.136643103195,826.893672036224,81,24.5853560193384
302.355471553786,141.398515687685,1037.93895180076,330,24.3656514853609
344.581694173859,203.314525689196,1095.54667085321,354,26.3720207555829
107.244073528336,101.101159832084,812.977378418875,262,2.8004852713085
448.849563577661,101.532806529845,1063.48705549081,125,37.644118722016
472.847312993445,143.813761820372,1012.91675038058,307,39.5461435901254
326.053273435684,107.344272500164,841.306003550019,267,29.90550110022
378.660329550757,121.605150826138,869.009550778545,140,37.3665036922976
468.999752470918,167.77212986775,1027.18971892643,329,49.0699392381017
382.895453725359,260.517135915963,918.543045405315,2,25.5696316626971
161.015617165705,214.40972867386,1175.32629146053,8,7.74342404002099
330.515344066725,202.533545191283,1127.49609179362,250,26.6418261766468
342.686018553142,158.697764641624,1193.42688260547,139,17.2565188471997
269.652268520954,286.350743886563,903.868335580166,124,8.14823509846591
394.577694249889,179.403008247438,1187.88945311919,309,37.3839404684407
473.746805907606,117.418553359154,972.493547916623,228,48.0761787824008
470.227405162711,223.41330322356,939.007518125502,10,40.1301154806929
280.335748561653,122.76767869532,820.139810787741,212,23.1261309990823
145.295218336302,169.044628560338,821.106103143841,112,-2.77688189739158
493.936479584934,201.482387743562,1076.80450237866,8,34.2569036429194
435.559234578374,274.844504937035,983.171597773611,292,28.3561589827498
149.865072481307,198.709316068024,890.608650414442,362,11.814884340183
468.336753046949,240.451753206333,1045.58812253009,253,35.5542321622953
447.958544824851,298.563367799814,901.143247300044,14,38.4596886331465
307.535222850429,126.297823979596,1031.05270173777,240,34.1768227753669
336.510174297972,154.946305103904,943.683498793076,242,36.6921944057063
259.601081548052,178.915215119529,1129.42089064473,342,15.8517824306126
121.904655528813,184.365635707766,1128.27846430671,149,6.9166398282008
234.07889665836,182.204215053109,990.940159248961,236,14.2700584684912
421.141379439205,281.522200511311,940.327643734006,306,32.7373870095214
101.852809201841,242.806528893371,945.023918623638,167,-4.31311423820425
233.399668676458,221.581042818141,1122.28581026729,20,18.591696564496
259.267477436377,161.874543572556,931.271793119045,216,16.0583628139905
314.958241175169,264.758076844259,883.623749482738,343,11.9517251519485
467.942246565104,291.012102296998,833.875336750123,135,43.7625236203763
238.538397746385,264.239656510045,986.677248353763,129,14.1443403469758
238.781280758491,100.313021038295,992.852839567937,294,16.4568432018437
395.000499243899,227.280274036681,1136.36348416116,246,29.7846806472102
280.887176355923,110.22707628842,888.495478578426,189,21.5830783475869
189.841929175993,151.521444066744,952.39650946736,44,11.8768279482843
280.975806453077,111.904940069554,1123.36229555748,86,27.3762378214041
156.34280815192,220.759090589878,1129.44944429959,44,8.26522175021627
170.554794602489,237.317982698521,953.844430391507,330,9.75822542786544
299.347109095792,122.897527613181,983.649609314672,145,25.2661000954677
267.570179801819,176.767776608996,921.314356339713,51,23.8219829373722
465.93836042724,191.247301791108,1173.02195136772,242,29.8241798614841
244.957559646653,173.810604352183,847.457506296632,294,15.000562280754
332.235340111217,124.205000097039,1173.49976920059,51,22.629969839989
352.905715167812,183.789558037495,1073.54658073414,266,33.7923824799209
105.237782635333,250.235609561684,1012.62886107469,120,-4.48346529294319
365.414948806684,114.201532906651,813.063624313798,200,26.4016412738836
171.214386747901,116.036002816381,990.238476728803,248,16.5462762645557
484.428126987782,170.954258367197,963.099242001093,70,36.0513618758697
159.465091101245,288.345142323785,864.487524790049,341,3.18561958139348
265.84964949081,233.714529344583,1062.56384140026,57,27.3749579862603
134.139867231458,235.733991334513,1188.46036294731,39,5.95297992643747
498.749700738379,172.383998167573,1024.87552442581,289,43.0905671283859
300.878004132497,218.732158241708,1085.90131057758,18,18.7255518714434
338.154006928018,102.026236805549,827.380181026407,220,35.4515267836317
126.830590955371,227.219209281908,967.066798326798,313,7.76645078196483
399.984188159671,282.657389515247,846.543394065798,244,28.6835467874594
183.962237238234,222.514693668964,1045.1183342146,352,11.3082887515724
459.221715776286,274.739718693269,1175.39286328566,304,27.8259432407752
182.055856192803,244.794611093219,1064.71109298866,298,0.495802314274668
176.275088265467,124.111683280738,830.721219325769,283,13.3678132836422
114.619867139238,280.490661457168,941.866481994033,74,-4.98897228566534
288.826778044,113.288768871155,1020.26535177634,110,27.248634532544
325.936453305047,206.793494509553,961.283102453301,180,25.0398693240552
126.283455771341,128.427424758692,1133.45760419007,32,2.66310237172762
410.211046678004,102.341322146181,1125.868401884,234,39.0600308579732
281.315533899211,184.406852025528,1044.73240804129,282,19.6400468608701
309.756107731032,159.008141530831,949.383178053082,25,33.6082105866318
276.305098775291,197.200098759521,902.134549505298,331,23.0117164343679
260.30522435013,215.43997734691,842.349727285252,279,10.2454886325029
323.856132523287,108.747814461789,941.959073394622,226,38.3107980303372
162.096098372285,124.600659024749,965.269006883088,57,7.38383186620479
172.771252198108,211.728479290085,1070.32917004163,180,3.61701630140574
444.714248405407,168.633470634532,1063.26392971903,232,49.0781845715317
478.446184853453,245.83469750989,828.043255856503,343,40.7120668988286
249.323726511901,230.458329718388,958.103726172463,287,19.7832862012982
208.297869257422,269.120872597981,872.711546886945,64,11.6790438752038
357.599817295606,238.498565333845,862.725082126722,232,25.1251048816794
263.493668439239,185.98621547803,1130.9208598949,289,17.0780297190908
110.154542264138,234.593324478886,816.766086686503,213,-0.630499272219231
162.461038946476,155.076234851084,967.673150360849,258,19.1166235483136
386.388891538959,161.262699755643,867.281462306607,18,31.7746919321478
363.569576764061,257.797031984159,1151.73208627139,175,31.7816812757788
110.838397001393,189.283903280316,1022.81620531001,229,3.52741889998102
188.78886477318,259.676068103671,892.552254550739,226,4.37816518541573
192.429918635229,264.484474733656,1000.97091486655,84,-0.352314242500201
368.757097439491,271.512467532257,1092.59454388125,291,29.4501022931065
107.884215101746,283.327047168241,1183.24720356777,246,7.55255954382236
141.64343279383,186.197044102659,888.178401698168,110,1.52462603301749
419.966434149276,163.773363664228,1154.47270885174,254,38.9148380749063
171.417864821733,216.439749318823,1173.721645667,88,0.321720437828451
361.09844314075,174.234484687526,1166.56821781283,72,25.3396366943893
195.273112418691,220.214833360047,1054.16574274476,30,10.1562535007395
139.776557103738,241.117172528765,1051.92826177388,172,-4.99967334441645
197.268876399782,237.681003698427,961.284253273529,309,10.8427211914099
388.906772742264,174.910577404024,1100.95915292152,343,29.3916460369394
442.278587242514,133.372040339751,1012.51760734037,177,42.3530528359553
432.087945826797,186.105867692442,1070.97522849132,139,34.4664979872899
258.873411847382,128.518828816382,971.383161539518,194,26.098594841257
367.234054628259,278.019407036762,1092.59858561726,186,23.2844436772637
181.993718166328,169.175492147571,1129.78860704182,218,5.10869961010672
217.259092104405,130.891949444665,858.574502641126,164,9.38651133302597
458.534327408448,105.08955198115,1133.17188622969,161,32.6639076239974
105.200769404294,229.164477257297,1016.11861271612,13,2.35664224061455
134.203412341787,227.380463490949,1137.86636363609,296,17.7999726559763
183.154502058411,168.120833316258,972.520682536406,89,12.9755992259538
110.612881549528,114.34237776953,951.616194153214,324,16.944403676498
172.574174035919,181.925778979046,1166.02429300689,42,14.2489949085847
333.216624387877,162.243499012679,900.467707019361,210,24.7178074387833
268.569820236999,235.424127947002,1137.68493011446,229,23.702355531303
457.06868443079,221.155849890538,993.608229003762,350,35.7562024909895
426.977424695376,172.918745639508,1005.6381770205,275,34.5082658398705
236.72694067915,143.578510850998,923.387312595794,279,18.2408068956836
203.769373372517,297.607193231118,1029.21688024761,251,7.20058756406014
251.876963266907,190.800324239223,930.084478510485,310,22.0545274306603
336.117977005923,237.654847156047,815.707765696661,208,20.4546216633359
207.225456329151,128.110593515672,908.799442137742,321,21.9725298500463
349.659563139654,197.11793993188,802.551617362636,140,30.8837797325287
263.764660876496,105.507343973893,1191.34191482274,280,25.6159165511774
320.818872340792,201.09102358209,1186.2988839279,34,32.0653955980119
274.450611654127,292.80348142354,958.062118988922,309,22.3318503375272
217.786303816767,176.84134259716,1091.34834173586,18,18.465209702821
479.381322784863,107.799202514982,938.32243936417,57,43.4489390254534
405.442317663904,106.191158183869,1068.43726283439,112,38.1135045462686
156.045270306581,177.597351989374,1122.17201721839,5,9.39369624662818
447.387190359165,132.004987292639,1178.7024978769,182,40.0246765389226
294.972479299805,104.670419265637,960.084910339869,13,22.5158796651563
457.820890757637,251.242722790035,1113.31919318242,339,24.5813892218803
419.942102378926,191.704601776378,906.371380252848,285,38.8478071946978
270.085401787693,157.848954394531,1196.13292151746,259,26.9133285434596
108.987723328047,280.016636603296,810.307839505741,90,-8.00765377814429
207.470943753978,123.227792040105,1041.41152260045,104,18.651548021995
316.653685864347,291.183765791064,1063.80239266053,186,16.0085469052939
353.391287930459,162.793343475471,1075.21822282965,250,27.866815707237
203.155074173281,277.680734461736,848.155031515636,255,15.535273331058
155.74242962913,220.588575295892,1175.41191338925,76,0.35164224704828
433.97209471972,265.341471948297,872.473311620033,108,26.249396931091
493.760872281421,296.802632642093,1049.10136129594,156,45.1201274242574
310.276072921074,157.681087563749,889.070431649234,82,23.2357694212381
168.671714339321,292.227097081519,922.886566808508,77,9.25854454601155
208.922930607748,177.896378980484,1018.58341669125,258,6.58395980260589
107.356270618987,177.102380947384,966.877367425831,127,-4.44250833342482
465.7195226242,168.077420850901,864.090240390603,282,36.4233586419828
147.100433156056,208.281521469517,868.374560968339,88,2.76866335946635
330.606590205701,130.829008635697,967.25791526512,204,21.5427756055197
209.622088274882,210.742297071602,1102.9131913102,16,12.4315763560581
321.671201006317,208.340962482001,1159.18585873912,151,25.4330428198156
360.568155340746,252.380362520974,833.651064903753,254,21.4870830188332
431.896721482881,266.729992387517,957.24156302376,188,27.6401790319582
182.568508704241,188.088270062485,840.098225489151,329,8.70853019804208
104.398331463392,160.466649870299,806.636992253039,32,-3.08792834164092
154.754252027523,151.866979463419,1064.68747305758,271,-3.88571227030824
460.007456739242,138.924767340974,1040.97977678664,5,38.6793057761512
449.556031025006,111.529516439805,865.207645525955,330,40.5269388170055
338.965240868123,168.489595766943,893.525133237226,308,26.9113150743323
340.206744173461,154.049538426157,809.483101457807,333,24.5891798909944
366.014669818502,293.283477173282,1133.97888227776,169,27.6797806189375
170.14851144938,211.541765250009,1189.87623841942,181,20.374720829523
465.764778369984,169.455407806102,854.183814717876,178,35.7132831665875
267.508209956829,216.093520198739,892.590085506119,143,24.3746256806077
253.255411299799,127.839340269139,1147.36380957877,362,24.3868231772594
307.567082113135,188.808749840441,1170.58551918247,248,23.9733701782036
118.786386710022,225.246864284213,967.850953122724,127,0.165681773977407
166.513347502432,197.77956635849,820.24898890763,263,8.9762720811487
395.213446570548,180.355760130865,815.756733477128,40,36.6515100990047
133.119467170051,298.76967777994,1029.5799464276,355,-3.76694197677448
341.260843786555,276.062952429785,957.158043557272,255,21.497903101409
198.139643872528,224.681191631888,811.460971031062,143,16.254905844771
255.718245616791,213.875472236457,1033.30095692502,240,22.1966244174962
215.47749470828,224.132095964917,804.521014635609,228,7.00821497783094
242.26908658598,140.262421564487,1114.94878325971,341,19.7108281914684
387.618362073698,179.027548652864,922.573129081349,198,35.4304980138968
218.84868624927,107.89190657818,816.103201203693,65,20.4574138926235
326.561856118759,195.109207497365,1035.34088839326,11,27.8863978432241
290.42016087964,208.604916791533,959.073765773222,108,21.6131996892238
365.468466145059,145.549947220642,1189.52016534286,26,32.2891149934528
474.731895729903,292.805769433103,1017.67946500148,151,36.056883210971
393.0288388841,281.890922187448,910.095672414803,221,35.3170031666771
185.976151436303,244.428647091181,1083.77554585359,341,7.67712689191512
112.473254024514,206.677325753073,908.596801017085,237,3.52441492952385
204.90561771993,273.993831929537,1161.69731656303,237,4.08602601392761
338.031172280102,126.130468764693,949.888788202951,219,23.6264849557535
120.5703253937,258.101958854977,1019.94742511048,151,2.28671810191307
298.546498880495,124.96416279337,820.229241529692,123,21.2155104186717
338.737139566756,258.842132509881,970.448495180892,144,22.0831793166947
233.697556326784,155.153513650271,1132.9454158644,189,25.5908265027859
408.364881498329,275.418116203638,1122.25952214534,255,37.4152708515151
142.639301253509,288.80841876508,889.727423541411,68,11.6237330805384
130.055112694324,129.759193881023,890.431628404225,104,15.7458141173768
391.275502481441,192.535121013079,1126.92212488529,336,44.8758851564176
298.196526482479,296.197475632537,1172.15936806773,159,18.7824272056839
375.360958571094,196.681487194629,838.144368509201,309,26.2769185841551
273.930935441499,272.709504502909,980.02345577049,362,12.375655471577
198.560813295643,217.746304426264,934.981711585692,300,18.9504191454587
427.64092706968,175.06598158392,1148.27538218298,90,35.1689261418241
419.766351587592,157.156711105174,833.409965872008,357,38.3194571827306
377.878588341771,140.644618217217,884.450377023215,256,30.5702724835471
208.858054891985,252.359638275539,1100.9873350346,353,9.65195387717513
336.092266747635,177.308101364606,820.517539592486,220,28.8626180554178
244.389558776011,202.25509244015,997.014152285716,9,9.14008380497338
136.632829330654,198.465096000236,976.842813871888,12,5.14572046209403
466.925430184897,215.455805846626,933.760471595499,325,46.725153701834
154.727452367585,273.11542912491,957.82892612757,244,-6.41120542778117
480.094941528321,296.147868716686,1011.97623477209,182,27.3155413266122
278.402309183182,181.516841714763,864.546943355353,284,24.9824386400954
174.053171535448,265.503784421261,1028.79835131344,312,14.0699673007861
316.760378951343,252.905558930944,1122.17293171999,99,17.5712962978887
449.178334350563,214.705790291115,1104.06437191606,197,26.1613408452779
392.889954563824,291.209428722387,861.55996187751,226,34.1481448899669
422.62445914458,140.094903105681,859.69978789659,333,34.5323749996013
363.513346684287,121.852842061924,907.269747097965,103,29.4824608506944
376.910625807141,270.792393391084,944.429890536415,106,26.8066672727588
439.678260626128,187.82996332675,963.382232563393,58,31.8241610367215
199.867203543674,269.393770841412,1071.87888673334,78,2.91638317651086
295.769985457256,278.618041039083,822.672172866334,75,12.107095530951
188.483776727841,112.491518723814,813.869081690427,42,22.9334445412318
495.067203198659,276.692952597212,956.764225177564,324,44.7101406321317
477.623735874645,189.663811073884,1078.86547685519,181,42.9617697368562
115.770724547402,202.086497800846,877.374137182593,33,-9.12941856397492
382.230069006275,225.318502218642,1056.6017925025,71,30.5580412649734
470.099326966266,285.276521346017,903.93125517612,56,35.9271076713731
172.230138050933,103.823218885953,1154.43444352541,105,6.69118715986987
327.178092221052,195.368693663563,1158.27597770665,200,26.2429252062962
466.195319035217,237.544408486112,918.914881712531,101,41.0097739605095
113.57839143432,244.541391539646,891.997501585296,256,4.53759915941854
378.968106898736,238.506486307422,964.521588826493,307,25.6406393660014
218.93960294902,126.887025881624,896.21263407206,74,16.3559322162407
469.758478150612,159.879117674336,1068.95353731668,171,44.3436765873504
488.423298066147,171.743105083403,1130.42587381931,143,41.9824347235328
477.706595645374,260.887441535901,1069.23685236449,166,42.6577119332768
289.685686662986,155.751974482911,1129.74017889974,261,25.7693777263536
444.817060395725,142.140992773441,958.79686488299,221,43.3492697273397
437.819759414028,291.489603807619,862.526788283544,83,34.1444989859807
227.640189297302,101.772657022694,1095.18037895904,182,14.1619725620662
431.566189660271,299.564171136396,944.189802056622,307,31.4983405859907
114.803053886197,235.364259771479,1068.50833009165,10,-1.84967996754908
338.507951392821,265.693859889823,908.257576792706,4,25.8253321188263
192.003534915081,158.923879269239,832.491853922669,351,17.0803247615663
148.226754310912,102.863055533412,1197.03271819511,336,12.0984603438926
130.781280651684,247.573903712306,862.48060317224,292,-2.78982413766025
378.515510351256,266.828919400135,1195.36839758539,281,19.3355634045161
235.949985507226,248.095226390704,1190.91197302658,215,14.8919503309122
389.906708611505,128.570057460168,1117.52724156322,98,29.9561046019748
126.142536319577,250.685584451394,1063.7691848328,101,4.42060674987417
226.116135132244,253.784556421528,1031.12282010043,9,1.79668436676687
315.796516950135,231.708103134011,1146.44061815113,61,28.5690025293574
416.289265935585,253.223186559117,915.775808647795,309,35.3770877152611
227.501001172828,269.184287935546,987.072484993951,146,11.2468111703941
350.356550574804,222.720822847492,1047.7559877466,63,32.9449085971194
454.391099294475,117.720942793936,964.476190347796,121,45.5051524608564
346.345275272922,197.525561933442,970.994581636107,226,24.6432332375349
193.183789901454,115.529866934321,932.113867000834,105,14.9797671923209
109.760312622615,181.508606206486,1025.69272667381,260,-5.32077054713651
448.039549560372,181.421297825126,1140.22981120605,349,44.5438416175252
108.507764340155,113.201968828048,880.611351202525,255,6.26091960265446
449.88066907368,169.764106793896,1173.77321550138,207,28.6837373414783
311.574853610885,122.199619758263,1075.63506149929,28,19.4183115261304
475.627079405159,261.647042001844,1129.30928507201,170,40.5349160826707
419.513294309466,289.537605192894,1022.476277052,336,38.9034627464827
499.173644213335,114.463295051588,1111.80668056963,76,45.0563272633446
240.284726180684,291.02304145834,806.480158935787,116,5.72706383518692
406.875315572451,204.515319867349,1127.35216991181,69,24.0480171154821
260.772365443697,159.913135590775,816.055543634147,354,28.6946528555365
291.950248121564,115.372415055233,1155.96535054515,234,28.0137429516309
351.002185287348,200.124853614084,1196.78509889546,1,23.4532777448069
449.470845674536,258.90310889815,917.626984870711,167,30.8305701921684
493.633387679718,241.41729545334,884.127422514318,352,44.171622183973
407.309365545807,110.045202292795,1106.14534554322,218,40.6302689102978
267.106712866934,114.580367073581,901.210536368101,273,19.2287308657346
268.542800910828,180.574656526527,1146.22495326888,251,14.6236848102517
395.032920635557,159.058098809589,841.137036862991,347,29.5608736445088
195.510858307321,146.47686461121,850.382078551743,344,13.3261196977998
144.189645252558,156.200899781743,1191.66062204025,174,4.89999226825487
241.848863056311,260.696548659377,1069.535559308,170,20.94051896351
214.895596661633,285.845610726371,1138.75488977158,246,7.13837601854754
218.523248182396,181.020538905513,929.731750940607,90,7.45296563321529
193.443100419964,281.222200426499,1070.59349980824,49,-0.19428718382621
116.837275854545,164.299140249576,1037.69673092344,294,5.48891256776768
107.149573893366,195.287397268758,1041.26004804918,150,-6.66003308899557
495.088955894413,145.2057995632,1073.01298381509,132,43.2680020419693
271.109253494345,228.095208435169,1030.14366925164,59,9.61511742526823
253.730658863873,295.796223034962,971.624947721066,324,19.6163065683477
371.858913077228,220.698619208676,910.369077752219,199,28.7237720934987
187.301555146026,171.56281682271,1107.43253236528,215,22.9071326811293
479.98447358009,229.563489198106,890.508972001275,49,35.8692700005927
414.538005766221,124.584135693078,1076.94172246177,232,21.8858746221169
135.764400924904,277.73181605308,893.333129059731,247,9.44825529161741
267.032310313971,200.616790155967,1050.13206798178,239,21.5720073159841
451.647323024866,189.869948407928,1098.83130685161,168,40.6357742768935
477.892808916564,217.172957690704,887.485555562616,48,32.397715058401
286.960604499948,224.956772557881,823.977320344523,51,17.7439815441238
345.364555684283,114.355161245303,852.38949719767,299,32.7410018818415
166.81357843683,236.523444244681,1042.39878690841,98,4.64608254341849
496.467450454791,148.386336063106,1139.77856249029,216,35.7156141160564
192.668680553377,242.790526501318,817.99872849417,177,22.7408019715671
477.09270965405,264.506958876839,1093.66050361666,80,39.4630692107042
359.858659596947,260.791701510504,936.527458380021,185,26.8992011192715
343.094717951544,210.500193481578,991.411347967809,27,30.6238902261454
305.075404406603,204.03397846215,1171.54381993823,195,25.476802572747
192.267924687103,128.575192267882,932.788601894338,214,11.5520184549177
170.611212802203,255.069230080627,986.134773575794,342,13.9765735652774
188.19448362807,154.281876089343,805.472965904272,114,16.5064345912299
174.575304857702,199.339084563589,832.639488001935,242,6.71414717102042
411.833789426701,156.854818585503,903.436636453914,124,38.5307113548202
240.050103666692,126.765672599939,811.14089632843,305,19.5138765757919
123.137070625359,225.911539378347,1052.5501304193,76,2.82052109261155
487.641052056325,110.866406964581,970.559342720649,311,49.3290371919696
453.51435398537,249.72904682524,1019.25808109121,312,42.8274715637998
471.100913278085,163.517359052223,869.858874358532,196,37.6642434495621
497.963129058574,100.026938600897,918.372811774647,351,50.1297768790739
169.558099687795,202.225827847446,1065.52978994109,44,17.3631497075632
258.496807561064,109.370381705521,1186.12108945216,186,21.3609241906956
403.295390281637,155.23391156418,820.166709440884,343,36.9806273384526
378.408247221517,241.395297491143,1156.15372834211,246,38.3022122199845
161.558362535942,112.537924324373,1030.75248052448,84,14.5563273971211
426.333249996247,267.8676984712,1025.56782670225,207,23.9400386802591
189.776228734664,100.763984531717,1000.1114140831,151,11.4720353861088
189.527045929049,149.36477384038,827.757634361673,156,16.4923619727131
314.789769157365,248.180811230414,835.950740694464,16,21.3449608936682
337.175973936681,163.254029945861,1040.36480226363,165,28.0177952300692
332.034483135124,120.378477613203,936.383428574223,145,39.4406453486846
136.594734959102,172.046783760086,1166.90722663107,37,2.33969852711394
450.984345052152,154.078657276905,962.636214943789,333,40.3524325242098
206.240017035482,268.542380432111,857.312583481056,45,-2.16866836524848
151.805968513122,162.669583517029,1085.88753340081,206,14.9104171194656
455.499231947591,257.786494355201,917.341368576404,62,29.2863369716861
482.260599291901,278.374428962147,1010.18812294236,356,43.1530223250874
444.85104690618,186.763483915306,1079.13311420207,308,42.9870811520392
423.806429889951,281.988628770878,1160.10564448083,19,40.2167078443901
362.096792255609,175.463610792639,1116.87647792067,300,33.682876568585
320.342948243656,292.815683298022,1070.54442714909,7,15.6830775378639
134.794703964564,117.857904905115,1071.85327295806,249,12.3446899511861
263.381285228279,237.403853300649,1178.36985761283,117,11.8416716186526
249.075406804926,198.762808091386,918.329638998614,68,17.2452011634678
203.901513504131,177.529761091129,800.444837678475,34,10.8491507681447
389.368045475434,226.54237574972,908.78182375928,194,29.197993511698
298.350294031508,240.771418326866,887.156551850698,325,16.5546260471697
132.418486363059,100.872653930062,1064.7338340456,55,10.2504462386167
188.073280779925,133.39061774944,1053.48463990621,266,18.9189473189508
373.303505463838,242.609210126864,1037.38455308189,42,17.359406066682
130.45234379612,233.277082715641,806.497377283782,297,0.908416977504258
440.482765619507,293.209501025735,1091.51122178026,231,32.5380373565653
298.05861080559,252.207558050157,929.412164994197,10,5.55889997198408
292.234630930659,290.154541546268,1066.02239560265,358,26.9970581843171
336.963113863807,240.508100306961,1022.63137140086,128,19.3953522982674
429.87238637006,159.610441727889,937.092370171163,179,32.1062789568194
239.123683160877,121.072984450171,853.830506841643,193,18.7520077122952
371.206461023625,256.364772668987,837.767559064192,92,25.9092716629043
326.292785598316,228.829844295183,1132.60733324489,231,19.7154218553108
206.811308067769,109.637202478659,1167.35901683262,78,20.8813390127885
451.451994542063,172.010093180196,1059.91521870572,85,39.3932274924027
418.970408642771,291.359963096857,841.373645944193,30,23.4428332414075
363.38073386337,200.08022914204,960.810886755296,213,25.8520363446232
440.232691637697,186.545827203941,1091.57568004206,49,27.602129321621
446.917680383921,191.539921031859,1111.92835360403,265,31.498067509125
383.345190686014,141.776544801033,847.287448916435,145,34.6336834696116
434.805331345469,173.741434172959,800.012287538153,69,31.3491386455498
378.988584667713,173.962651197435,1084.85481835224,58,38.802148172145
372.05630870412,110.471004037494,942.638470394482,185,33.886696670083
347.444551286074,253.513525703584,901.792532647304,62,15.9246617179082
401.086655823057,183.300886380776,805.15898791581,308,28.306884832929
163.442042117229,264.435977363285,1016.1197627046,296,11.3472538169659
452.348303679571,270.069600223979,1140.46029417039,166,33.0087823437128
448.737411098093,142.398810939732,1183.05265850904,171,44.4237746956109
111.698913213824,231.470696434026,1026.29798024532,63,-1.60608340070925
430.326700225905,194.456360832596,1005.78453109596,147,31.9786915184431
151.547946989378,276.031347584297,834.022554195696,306,10.0104641748949
234.047541703657,143.148135835291,1019.54912061704,161,13.5644604934582
397.403302516643,235.562640062009,951.991631586158,141,31.8174689154157
164.303958419323,221.550424450545,1042.85411235343,334,7.63395656739827
427.186809647625,159.060295514367,955.490539150619,97,40.129283255923
432.853671183097,127.320180730235,896.119649380147,221,48.221778019477
302.987093504335,230.327952095455,837.986110091351,43,17.2514233296556
102.554348686733,247.719491626466,925.967377835558,292,-1.94625040663224
214.815253269965,163.12546875267,838.657933715101,108,17.7342938345498
346.770767350297,228.966520804463,870.758780329594,266,20.4787327187912
492.474471210969,179.026181522301,1194.93446343182,95,49.3284653342321
352.725410806667,242.641376656524,977.641422762647,262,32.9905849981229
203.921432425664,139.843054978811,1012.74870660201,313,11.5343922978237
353.602281239845,278.043000527235,1149.44741149489,71,14.2524540005882
315.994151886342,157.481919293116,1198.22756019628,219,20.1124334596973
411.938158060457,173.557197551231,1033.08577973787,21,26.9991077286886
142.792255530783,111.61839041607,1124.98952841767,92,13.6271088540497
404.411161000811,122.302442464255,930.77640973467,127,43.3418455557654
316.506631470444,203.172380542466,922.297582978917,80,26.2426751830153
485.196801543598,153.518535345594,961.081488397824,312,42.7827923039978
236.748866415474,267.096045148439,1069.00290506946,238,14.4125767186776
353.048757253579,102.938677730991,1072.87667570204,182,27.6290516747832
472.811242204007,175.818809734387,926.09577385978,25,44.2262239615025
141.003891196272,167.469109353819,853.283969654652,156,9.44707835184891
474.89139489458,103.86552618352,1052.9585025862,5,46.2118520903644
375.154288920325,124.873679800102,851.330344875506,120,28.8340663927286
127.134823642069,182.728534983727,1031.39700329173,277,5.50406968067729
220.385426778727,198.572916889489,1077.36885122252,18,15.9152625333042
383.268835458113,180.857949450974,1080.24459855778,198,38.4815505708806
126.940240587509,206.187535682419,1101.38884426384,57,-0.0858515226129937
332.868184070509,219.026334981136,1149.14376862627,93,27.1677611938482
238.353222781183,101.984764225567,999.983596785915,19,15.3657250837885
348.366207106991,192.819031890701,1092.09967581183,353,39.3116379802971
118.296813525005,292.699848177518,1047.66909414633,193,-2.94943459773801
448.614722460951,203.80645602591,874.655975919073,237,40.2586753150601
489.395587670959,235.508453491791,810.275857947763,277,40.7621841686745
487.551142114277,162.372771583377,913.816554270774,227,55.9329912390613
399.86073269717,254.798275630553,977.213482535048,233,30.7256675283122
152.034496052253,254.584296375223,1046.84237777146,40,0.29895467151349
403.305278371609,204.259209530828,1139.98373220128,323,36.5450999236848
109.834766583521,295.202764655843,878.498286682466,153,0.839542759436788
108.849420611599,125.110042952531,850.219915959391,127,5.11209059473865
229.444087659817,103.389532977916,1185.39197898973,237,14.6711027959453
295.457276161866,254.031642351419,843.217823750563,55,14.7541511916639
408.162967123117,261.431107472977,991.396428042876,172,33.8722360793875
373.318150642602,124.041445824115,1034.22549151732,109,23.4824980418846
278.361082550699,153.116566591721,1016.54976836298,354,22.4800504285553
209.450666512666,103.510472673326,834.412862813177,184,22.5838626266843
498.849800063084,158.661722156113,822.810765601448,198,43.4644128035026
270.472520894389,254.628374783734,842.193370984414,87,26.0543840480159
280.55480973187,203.592105542516,1034.23507354905,201,11.162624494568
165.449528476668,169.619118633658,1017.73795505373,337,6.62715757138672
417.923819499972,174.347858981266,893.496316814698,322,24.7218199896699
377.472890312595,100.270725143094,1055.10965673824,275,45.4522056078314
188.307845115504,159.960105513047,1128.02700082226,211,8.2178434821399
132.952418246337,229.291748327586,816.631583938638,118,-6.92395215038727
372.199720829885,294.838888763271,999.251977419217,191,21.3284310726978
361.804485712454,269.41216539678,1075.72416484108,42,16.1657947604641
209.303810799284,104.718992929106,900.924770827875,42,13.0905069819461
480.345424900164,279.712120934968,923.10836211726,315,37.4050826979925
160.42315671236,256.639682659725,1045.45516119575,276,9.99493705848525
272.933920417041,256.075224714196,1159.1741173775,329,16.9062861054396
477.44636806704,191.599151800714,1123.96976812116,17,38.4611327133416
267.890926770449,179.601058590901,1033.25208763983,283,17.7310636321492
355.410379065634,160.583145766639,1092.0886871029,258,22.5333894819832
259.037759185118,113.138971790873,945.92898808312,63,11.6441261141386
209.686080939468,145.64707269874,1056.3862112395,62,12.483825557328
493.591059183931,149.320726995605,986.472636451023,100,43.316268461329
263.733602526017,196.81541394204,875.974454583024,19,14.5295169493685
457.639681471654,249.488881319339,1080.6953095509,17,24.4128891168917
191.981842356434,194.761965679589,1022.58585493953,325,13.7170864180048
185.241881610033,111.568889889432,943.448632781437,246,23.5522680810533
112.453633153805,291.557960197641,1164.53567603145,251,-1.39576726205732
360.666730150354,288.544863818823,808.373647130693,81,19.5517769362139
247.410537489504,257.037908629682,926.309260499798,39,11.9766881162488
445.743299935855,298.265580312844,822.752559111059,36,24.4991517551277
289.283962676623,208.896466560053,1106.61092648865,197,14.6090772931789
487.277371165889,292.553670050641,1080.84298164552,158,37.93712405453
174.210206281248,115.12100812335,932.540887494527,204,18.656577867119
447.449267182244,173.136149652274,1070.26516088283,196,37.3126274746386
410.638741116697,145.076253601353,958.37489047838,216,26.1012361935232
408.368737857621,139.166616826854,1102.50151656897,285,38.4952875770981
437.913291246755,128.160589778535,981.673465094683,196,49.680210487436
404.4095963772,224.482728313199,964.911891132666,307,31.0673324048186
350.488128652566,256.264371149461,1173.89196619532,152,22.8663654307665
152.497951072955,215.659679884072,900.35163995628,14,0.243643462522205
113.010471796501,129.392541917642,848.178935998626,325,10.488190073235
468.339139126275,262.224753986694,1033.81724530378,146,31.8277588908197
346.660125808295,227.190941432746,1187.72872491367,57,28.9839749975352
418.614916390471,177.633141225399,951.135685490875,211,31.8019318453513
292.60894060502,234.826059107213,824.814705451513,268,21.9085484457362
146.923275584958,151.980995848567,935.722106923827,210,8.96155653576965
150.07431688102,169.038441698842,1002.37266172782,17,14.5010676997064
374.226114891589,283.497168626398,864.769202652886,286,28.1551499888292
272.122357959785,158.100901134284,1063.2408872226,344,29.6822273348889
180.209890680135,193.997653631587,1199.09975560408,203,10.8942238903199
296.637818696575,278.028227479203,980.695790392578,99,15.8986689931259
125.683574830054,241.544270053506,941.891422692085,279,3.09019013265396
332.78856076576,112.440645232941,960.281666733787,209,25.889777808043
207.597361774039,129.460608855794,846.05847135808,129,18.2350496531336
419.023640254875,101.568318154383,1153.30944057049,335,36.7221564137509
224.14478356943,226.184358045833,965.930262208541,288,14.5475756622406
282.088059632721,189.534685082084,954.909764569937,252,25.5280815414874
104.64821596324,126.854970180455,1063.87610917219,265,14.689817636186
128.978755117824,291.586824211354,976.813368372449,271,1.8428347205396
256.997422562674,205.931944789124,1059.29338752314,188,21.5891802971414
291.975533886849,148.378658822578,824.578516052315,214,27.6280591994601
340.008219247722,200.120714230942,1125.48933748889,283,24.9129007591202
216.665031483721,235.924066547022,1176.20158115176,211,22.5193170931419
377.992754450617,115.247843594713,1059.50615446375,76,29.9156722509313
444.048958875682,154.940763009578,1181.82637154352,148,38.5928308678371
411.94039555734,261.393098176799,860.572925747985,321,38.6049834138862
115.847530139343,191.932974080532,990.966475792141,213,11.2653955239018
292.202778903132,209.315428406459,1040.72269357818,109,19.9161084601685
141.97207136727,186.563200441894,1032.69465896847,129,11.1111308538354
196.818006345011,108.779988528601,960.584711635617,10,13.2229395258533
494.665037306859,133.149955964031,935.233763746505,47,40.835611480989
156.998217160605,189.108327748378,850.729609020168,315,3.33045996304942
299.555261380542,141.837093081586,956.696980224911,96,27.4430783113714
347.262293727248,109.995805731936,865.064326042194,103,34.4025437424703
380.985988217642,268.729932810365,1093.74627059689,342,25.2426557034676
323.859473394766,296.238505832823,883.532374197836,146,20.3745222177616
103.908338967673,258.628574799348,823.426122113814,27,10.9843472961596
230.584523297597,270.756984340933,1020.94645512689,220,17.4540146132998
307.084657353885,148.395426063409,1038.09189308776,18,18.9612747193237
135.146599657933,292.12539510264,1148.7652245122,167,5.58620160947828
240.250772483672,139.385140890686,1030.79264496707,82,13.3915112975795
113.281243516547,290.285962072367,938.192341489378,72,-16.9422653112371
131.431398862008,298.96385879319,1121.20475261053,310,1.19288623021068
258.769310480638,242.34456114921,1016.11155727497,254,24.1157102885683
153.086301617224,296.228746358364,831.712113852477,162,9.1044326459889
327.016339304623,213.907955913421,1026.3402241253,327,27.1624119802546
375.785987654906,151.908356635218,1163.20741816866,38,27.6545338674803
420.234679643633,187.399177133124,958.525050199288,201,37.0957575272703
180.060097697924,218.712187075757,918.53032075992,200,7.72459956444999
166.993032903628,114.616312405403,857.387782807208,255,10.9502092102461
141.82713613376,224.468652923449,860.578208774143,179,10.0592919787314
354.572099817455,296.235567352459,973.108593736728,35,18.3652527155696
382.59029059476,138.021529956746,1038.27192966461,82,37.8141353440192
112.634457930257,258.519023257677,832.246162067841,220,-2.42343517967722
474.484898497476,281.579758755924,1175.82743561007,158,45.2419616860659
120.788513460589,288.740318564044,1102.05344697808,4,-10.5213367835689
316.518534120428,292.027120881089,1034.64956731347,167,13.9366507094655
383.624207780367,204.291927744294,1131.3754683756,204,29.4109857198703
448.387649498434,295.461581598301,832.074702724845,194,22.0854663539881
385.634772852971,251.462041426888,990.73555109325,235,15.4854445001769
420.691233227917,132.334287247392,1052.03725074467,206,27.635370875869
235.780077017122,195.380021293594,1131.46116244732,150,13.8485605854775
425.930045498605,243.666235074401,1113.38782401971,159,30.6661427467199
132.04593855387,149.468063163817,910.82769988536,279,10.1861881033605
457.926662424211,228.123036709777,1176.35206782368,304,36.4415069980505
319.036950461495,233.320095809324,849.738336572348,166,23.3952725782375
426.919107984998,132.539948761713,1150.05344744846,311,36.9238312882221
280.92731380732,213.017062490551,1188.37609984185,68,21.6959570435628
357.43107807861,254.325382195722,870.86140928905,88,26.8783887139425
310.561064374445,199.779132907188,1088.82642568151,217,21.6036866927975
392.635808702133,102.420623355221,816.114207511199,1,36.8176068758142
132.651992812236,101.807693815858,962.169130055662,135,8.57158491068732
124.140833596226,171.405868794002,1006.51331967907,185,-1.9178396570431
198.841293604059,285.238813686356,1032.25809036385,351,13.6546718830012
163.817872045275,145.735355920722,1174.37489929942,140,5.9609391754993
448.713426636881,226.872737774337,1068.90027491768,106,39.05682555068
187.685594943218,144.415174138664,992.511180487695,133,14.4979346479737
490.346102327653,164.33399793191,1123.87001450636,108,41.4752987910842
234.758316708443,269.608417920297,1180.21312838176,178,2.390443797574
172.84716627548,245.772288453989,808.826459472916,298,15.6748299919207
415.879402856992,119.079855462642,1193.00850890242,358,37.3983782057966
363.48311020035,185.740404197287,834.452855625472,359,33.8241087459486
299.278286581256,105.833952729053,1125.7547117075,146,25.526260404819
322.145420375053,196.178029320602,912.133901020565,74,21.7884638936632
387.680711308906,232.486802340214,852.871863101549,108,29.1877702058648
191.381896532519,123.70052471963,975.942255885534,122,14.3060248344797
498.533566422697,157.776987781833,1057.58263177905,17,40.7995433022991
489.917264858713,179.567325100431,952.38073800939,196,41.696787437789
360.130274538775,283.90620493121,821.82616331308,327,27.2230404886755
179.816980371658,298.651003084593,1039.78445586349,318,8.71824376672764
372.091296972517,108.982259799123,1160.96131044427,297,34.9468027710151
128.87936359167,252.201584699078,953.286146378901,252,5.90254207328531
112.261000882322,174.344813280469,886.533111052331,119,1.57851040199338
203.073155404485,178.491637245896,977.030938373126,162,24.127165583136
285.049182695727,250.852994669405,819.345084419512,198,25.3702115761413
447.309002163352,283.685286429082,1128.19503379211,45,34.8088508690392
390.867627906523,290.18571890051,1130.53632438007,314,18.0095743764416
397.082608479992,215.424517207664,1035.20018537185,179,33.7571306818909
270.19733377923,171.424231860101,941.241155575356,44,17.2053363706077
238.373997018785,257.509817171756,1119.91334577831,271,8.77850518624396
248.415505193841,150.20027665246,1021.87480991535,78,16.301056435237
495.059825494423,212.814805766704,1130.37292342001,326,37.78606859146
116.043676564993,171.715692304975,1052.58351703321,178,7.3325985100481
446.812598448979,231.326214741575,1113.76218928512,357,44.7649194206353
331.470163428957,148.079782578701,1039.4251972871,3,29.9031711724946
275.446167675836,138.318589146965,965.656427286267,214,36.5813135141833
390.103064166055,283.647817335087,1183.17834397046,342,20.4798534019741
294.667576569881,120.360736589907,1016.44552995154,74,21.6585473051472
449.369295232664,201.191581546986,1042.03580741622,51,30.6722244842056
460.280745604503,144.170556592602,888.1950557659,67,45.6363883026195
268.688370749382,107.785992665133,1050.26031577091,332,23.6967856567889
210.731118894021,107.203763658285,1028.64305979318,93,17.5905046888741
336.940131437345,135.044354421165,873.93535917881,176,31.8702230825415
464.945338246676,273.3540709012,823.834838941257,145,27.0028860269239
184.264875602267,156.495748795405,1041.74372788591,7,7.56495530443141
349.186633425393,290.091834115059,1105.47690774013,269,28.0904014052759
352.624088037008,216.324458597839,1009.3605483688,322,24.9257463712693
393.245208966112,187.322837953753,890.709050127858,4,21.4301641535801
152.627074050904,216.017766933891,1066.60879067721,138,1.3305046199746
386.329985872835,203.339677045254,832.042290643841,231,29.3446744669945
463.613008266256,251.755250751465,976.733481920782,88,35.4873408884995
171.873243548097,156.49921319457,865.346703359368,17,9.17829714532856
195.017329969551,170.610078320061,873.783620423953,52,8.42013987123721
488.558037616656,278.81886050665,880.917579663282,134,40.9514279305754
172.390781083796,289.291302630081,954.682822817591,211,4.23920829406599
441.754037347832,278.511645497295,820.460082248159,325,34.546828269908
296.911142579214,183.889598791463,959.117376371639,219,19.8818544314061
198.892429761271,256.073100601376,1004.68297884588,205,16.6802892672593
448.299960509005,195.26714666022,993.31771398653,211,35.2184831918552
278.122102001066,199.50797042922,953.113640161216,277,20.9802760116119
305.926941571876,140.936021811457,1135.6586432283,24,28.9608902772492
243.693347759906,218.226060651703,858.130676968202,4,14.8982430487053
337.180340573971,137.22717955067,1002.27869751255,152,29.652123562051
165.409549034009,166.312939813439,824.816566782622,259,0.947030365745906
256.432614660704,271.006040323987,828.462271551164,324,18.7361344583405
487.764928934115,141.415161842171,1029.54633987084,357,45.5536695023704
203.253373080451,114.231657034687,1026.40736995513,168,19.0015799721735
362.694665816517,113.801518522563,1151.21340513778,176,33.2554558973677
230.076025689878,288.156904100622,1023.14947026403,310,8.90396957834236
409.38925027464,201.384087592367,1183.91640816194,291,38.2512564805937
152.34946428734,181.882414363404,819.477939359972,56,7.69145876696339
487.928418031418,262.175716201584,839.203073912296,108,30.3171235378481
281.515816553456,267.165185582103,817.626344628153,296,24.2959081579712
194.420185338586,166.438206623121,874.110740133416,324,7.20771038076515
129.398698932005,238.723611494759,1016.50804437667,302,8.52833548971526
167.903162035016,254.224563170377,1058.22887257097,334,14.8537469046338
307.909579422407,230.930137373191,818.234063179468,141,15.1229738937648
234.801270572515,130.31901496002,1178.38835593824,155,17.900367375561
431.553346353044,275.176616703411,1136.86615066015,262,30.9367625694629
272.355009464722,207.818910547202,918.644992862837,273,18.7196996432077
199.485709035052,156.494485274001,830.875012090587,232,23.5950384159705
346.857994641612,185.045637087539,867.954829287623,241,22.3699232451987
382.710886754178,107.514218079781,850.777765501989,355,34.9125425470338
166.81676316038,125.573360244484,849.313511719579,337,21.2896207979226
167.047686515327,253.109350103172,1007.42467546629,258,5.01455700467836
114.668570773417,100.002326951073,898.33897699736,249,4.27784215045558
394.560806026256,183.313165696458,943.255886611658,77,32.3754957266514
365.521811048722,204.502036217118,1195.80213335373,180,32.1552820025514
289.852350299926,110.926884000194,1073.72569957014,66,22.1346859792413
437.668179587679,294.615632594467,1179.5922668188,308,34.8878782830823
422.268061180021,145.225066249934,857.022622013246,348,31.5624773351326
334.141745758701,160.839743927256,952.855789933028,171,20.4770519624143
447.308512205303,160.788502451005,1021.89272131294,22,34.7109946967169
182.336484014707,146.08333242347,830.703224755495,107,14.9495688802559
144.767847759091,100.294764417262,801.674977451183,323,16.4995364599714
207.899844606796,245.868958817599,1068.17373351877,227,4.85645628250931
122.834742435726,293.369099959857,1056.72780672057,216,3.39712276924264
312.467811200413,144.858696657009,964.315523999845,69,25.5263814893647
474.642276917985,232.609438360685,995.857630412813,84,32.2777323015077
115.737416267404,248.379265391743,966.177200236836,103,-6.48616340296176
148.843965604011,269.685075818105,809.602017937956,39,2.93925854401745
280.879611313374,184.525839402722,934.148642486985,13,25.4394852820285
473.550007011162,160.586181128086,870.832902158916,297,42.4733037986017
226.4624419907,165.059026804606,839.369675640548,313,12.8486886118085
302.893923475357,242.524266619703,1182.68817355574,181,10.6330675811534
116.629143620157,263.355893301127,1039.74389001687,268,8.82257393140237
159.337280384836,136.322793551321,1091.46251369464,13,14.4568414125163
494.652049183539,174.188201631553,926.145497306447,120,43.4661790806342
486.047478574418,280.38803934983,957.258851797606,353,45.5053157262776
101.975992373764,261.338703938948,894.769597558689,57,-1.17974046080303
480.724714169296,296.971680552495,838.78626838617,40,30.9687026362164
355.6479751262,250.849651936416,871.612654976634,336,29.1579761410503
447.167317808009,178.639040205584,1119.00561811859,128,32.9161513891827
281.895942253544,218.127566798928,1071.01832207351,173,14.0349767961421
306.2384114317,232.202850849464,1018.77155039419,35,23.2217341487332
295.538632102768,115.691163263425,990.035949146707,259,30.638098884926
366.745703018442,208.899391820773,1168.97371346245,5,19.9109093083685
155.860501902525,241.864165694522,829.093979111467,218,-0.511146506682861
111.989435949071,133.464260800212,912.240325295166,11,2.41048208673146
223.171976636476,256.126343485111,939.975141428286,327,9.22435632349375
381.872305094659,216.754556102822,1112.97032488512,117,30.9019465201516
180.741380849179,290.444357139519,1197.00584806479,184,5.63216941676993
369.372973329967,108.484459641378,896.268205902861,362,40.9576056391108
487.964818442908,153.065227511093,1149.72293365483,116,43.8895090949061
137.560286315767,220.310775859965,1132.24910417272,162,1.13760569022011
369.040847290051,159.311982441186,889.862959056707,67,20.1528412975135
277.500087721828,242.884832814248,959.733032079689,200,18.5030470528563
447.256901751002,251.801056504386,963.869147717008,31,23.8939967986995
170.859915778954,120.503192813295,1191.28826741062,75,8.52605575262651
377.050380890466,202.770892841354,872.356760551559,237,26.3278595564955
435.246115859244,201.778111118211,1119.66318844191,327,34.1635704555967
477.845687789609,173.856154043108,933.677085669244,66,33.1715897771712
373.299211315858,286.584972513934,1092.34813831046,70,20.0742894653394
298.869905603371,265.501263974644,968.004401718265,297,25.3114502538639
347.138896080486,239.441876381927,1031.34390524662,20,28.6575382268269
447.561993791487,242.865327147,1133.04470933045,226,42.5354318991286
328.243898655532,192.343228762624,1121.66622599355,199,25.2479610561409
112.154823878735,284.198904219315,1146.56927341588,39,-1.24836717860105
472.379478202791,238.919085450657,823.846930137864,145,42.5450506362146
375.810700412624,245.796212331163,1076.8202212159,45,18.3879546400187
370.605354310899,272.338180757469,855.994950688705,326,30.7317689267349
186.270060959087,154.814317868438,966.327427207364,91,18.3080138194651
363.554188093063,261.414180773341,1019.43536602188,238,21.2199081404511
257.545762261663,139.048120591298,961.095793898732,70,26.4153659246197
360.493190816597,169.068390448978,1007.8446703212,166,39.5444799607187
142.637212123196,167.122090853969,1198.61052351945,130,11.0968500221753
363.138121841214,295.705093677828,854.086925485142,214,26.6410793435307
499.765490308267,271.307444749585,1070.18241813457,340,34.2122965477011
119.284815544222,240.233972318052,958.400386554246,89,6.15280258372427
490.869673688527,245.411352323078,853.203919562932,335,35.0384464895132
262.763184289148,212.414558880514,863.494705349724,252,20.0242944980909
448.301380134904,289.418133421704,1179.70924249825,349,36.2047068790603
412.954193623309,199.251750576472,1151.8405986847,72,15.5715667735947
326.806504394667,176.103541973979,1162.81678416601,165,27.5544902584465
395.379683700531,132.607067386318,1196.61311033095,49,46.5049889331296
451.406224520539,257.241130452212,883.326156003407,52,22.339283818091
261.656128660413,246.888786415118,942.175734945625,289,16.4417135752197
230.813264625296,176.871007704827,1067.68761196995,278,7.28219919361511
367.037354225434,105.038682791846,993.521015944259,114,28.1210940889252
423.138376776503,267.799465543602,967.355813351333,239,21.6649801263687
404.914053910646,102.283596690815,943.124499734237,133,37.50493719151
419.125459543454,240.73995592581,1037.51225277738,274,36.5835721743528
274.233325925173,294.051421945211,1030.23737145603,166,16.4294546591022
427.133686470009,187.532265629641,864.583133625696,293,31.615843018231
148.083622148243,146.994680999191,988.695935007376,243,6.84165438188517
317.79563918434,240.974202008676,1021.38871048394,320,24.2922172484284
102.303464199249,263.425628403117,1028.11477549256,138,-6.05555495092559
229.834331960108,209.286063215569,884.042877164941,79,6.66515449265413
246.584613948559,293.407055051229,1096.90855690091,170,10.4924733417846
258.469076643702,110.333744331592,810.079637928428,123,16.8366794014286
378.186882675945,200.959119660906,941.932742217265,176,31.5885218708174
255.423240508138,243.69078946451,1112.08505941425,300,22.8512715791729
279.477449049012,272.528094229836,1025.55716842216,82,28.1292572069383
195.017652349731,135.851122381558,904.464973004344,87,15.2695436765934
249.300716651736,260.000696352736,1077.98124773722,225,17.4098976616345
190.907850905261,210.541415143709,1026.95637766243,16,5.72712761686997
129.278369507377,179.310736397993,1118.49744378256,310,4.37541625973039
341.379437352551,126.343005715819,1094.01007447593,358,37.8210746821689
367.285119422007,273.059151781783,1044.04316881449,163,23.3239153523776
347.796138403846,131.454641635943,995.271070124326,98,29.5516186516163
285.397617520229,161.95757184182,853.272850267009,156,28.1167615105736
251.914312071692,158.009106392487,904.533207154154,2,15.9678400281119
445.33345982873,274.282806838171,967.639789166834,350,41.8213078294052
